signal,target,n,spearman,p,hit_rate,p_hit,mean_pos_bps,n_pos,mean_neg_bps,n_neg,p_welch
ibit_bull_share_1,btc_r48,60,-0.059,0.6548,0.475,0.795,-3.0,26.0,7.8,33.0,0.815
ibit_bull_share_1,btc_rMon,60,-0.195,0.1352,0.475,0.795,-14.7,26.0,63.4,33.0,0.227
ibit_bull_share_1,btc_r7d,59,-0.16,0.227,0.414,0.237,-50.2,26.0,-84.5,32.0,0.839
ibit_bull_share_1,btc_r14d,58,-0.126,0.3453,0.421,0.289,-149.7,25.0,-90.7,32.0,0.815
ibit_bull_share_1,eth_r48,60,-0.104,0.4308,0.458,0.603,35.4,26.0,20.9,33.0,0.844
ibit_bull_share_1,eth_rMon,60,-0.238,0.067,0.441,0.435,9.7,26.0,95.7,33.0,0.375
ibit_bull_share_1,eth_r7d,59,-0.091,0.4936,0.431,0.358,20.0,26.0,-105.4,32.0,0.604
ibit_bull_share_1,eth_r14d,58,-0.01,0.9425,0.421,0.289,-130.2,25.0,-122.4,32.0,0.983
ibit_bull_share_1,ibit_gap,59,-0.199,0.1299,0.414,0.237,-17.4,26.0,55.3,32.0,0.266
ibit_bull_share_1,ibit_r5d,60,-0.162,0.2175,0.407,0.193,-54.3,26.0,-59.2,33.0,0.977
ibit_bull_share_3,btc_r48,60,0.016,0.9034,0.5,1.0,25.5,26.0,-8.7,34.0,0.435
ibit_bull_share_3,btc_rMon,60,-0.097,0.4629,0.467,0.699,27.1,26.0,37.2,34.0,0.868
ibit_bull_share_3,btc_r7d,59,0.056,0.671,0.475,0.795,66.7,26.0,-172.4,33.0,0.153
ibit_bull_share_3,btc_r14d,58,-0.057,0.6708,0.517,0.896,-21.3,25.0,-184.5,33.0,0.494
ibit_bull_share_3,eth_r48,60,0.04,0.7625,0.517,0.897,62.3,26.0,13.4,34.0,0.508
ibit_bull_share_3,eth_rMon,60,-0.058,0.6616,0.5,1.0,64.0,26.0,60.2,34.0,0.967
ibit_bull_share_3,eth_r7d,59,0.011,0.937,0.492,1.0,114.0,26.0,-152.9,33.0,0.259
ibit_bull_share_3,eth_r14d,58,-0.124,0.3557,0.448,0.512,2.2,25.0,-166.1,33.0,0.62
ibit_bull_share_3,ibit_gap,59,-0.1,0.453,0.475,0.795,24.1,26.0,28.8,33.0,0.941
ibit_bull_share_3,ibit_r5d,60,0.019,0.8871,0.467,0.699,65.0,26.0,-147.3,34.0,0.207
ibit_bull_share_5,btc_r48,60,-0.061,0.6409,0.367,0.052,-51.2,24.0,44.3,36.0,0.067
ibit_bull_share_5,btc_rMon,60,-0.167,0.2025,0.333,0.013,-57.5,24.0,93.1,36.0,0.016
ibit_bull_share_5,btc_r7d,59,-0.017,0.9007,0.407,0.193,-193.7,24.0,19.9,35.0,0.233
ibit_bull_share_5,btc_r14d,58,-0.084,0.5313,0.414,0.237,-383.7,23.0,62.9,35.0,0.067
ibit_bull_share_5,eth_r48,60,-0.136,0.3016,0.35,0.027,-67.6,24.0,102.7,36.0,0.061
ibit_bull_share_5,eth_rMon,60,-0.164,0.2118,0.333,0.013,-63.6,24.0,145.4,36.0,0.041
ibit_bull_share_5,eth_r7d,59,-0.077,0.5611,0.39,0.117,-262.6,24.0,120.6,35.0,0.134
ibit_bull_share_5,eth_r14d,58,-0.094,0.4826,0.345,0.025,-448.7,23.0,139.8,35.0,0.095
ibit_bull_share_5,ibit_gap,59,-0.153,0.2458,0.339,0.018,-63.7,24.0,88.7,35.0,0.017
ibit_bull_share_5,ibit_r5d,60,-0.045,0.7311,0.4,0.155,-193.5,24.0,36.9,36.0,0.201
ibit_bull_share_10,btc_r48,60,-0.127,0.3328,0.35,0.027,-46.8,27.0,49.4,33.0,0.051
ibit_bull_share_10,btc_rMon,60,-0.266,0.0396,0.317,0.006,-58.8,27.0,107.8,33.0,0.008
ibit_bull_share_10,btc_r7d,59,-0.055,0.6781,0.458,0.603,-155.6,27.0,7.8,32.0,0.33
ibit_bull_share_10,btc_r14d,58,-0.101,0.449,0.466,0.694,-247.6,26.0,-5.8,32.0,0.31
ibit_bull_share_10,eth_r48,60,-0.042,0.7519,0.4,0.155,-29.8,27.0,87.3,33.0,0.151
ibit_bull_share_10,eth_rMon,60,-0.173,0.1865,0.383,0.092,-58.6,27.0,160.4,33.0,0.024
ibit_bull_share_10,eth_r7d,59,-0.144,0.2753,0.373,0.067,-210.7,27.0,112.7,32.0,0.171
ibit_bull_share_10,eth_r14d,58,-0.209,0.115,0.328,0.012,-333.9,26.0,101.7,32.0,0.194
ibit_bull_share_10,ibit_gap,59,-0.234,0.0746,0.339,0.018,-60.9,27.0,100.7,32.0,0.011
ibit_bull_share_10,ibit_r5d,60,-0.075,0.5715,0.45,0.519,-156.4,27.0,27.4,33.0,0.274
ibit_bull_share_20,btc_r48,60,-0.077,0.5586,0.35,0.027,-6.8,27.0,16.7,33.0,0.613
ibit_bull_share_20,btc_rMon,60,-0.17,0.1934,0.417,0.245,-13.7,27.0,70.9,33.0,0.187
ibit_bull_share_20,btc_r7d,59,0.004,0.9776,0.559,0.435,-17.2,27.0,-109.0,32.0,0.577
ibit_bull_share_20,btc_r14d,58,-0.171,0.1984,0.569,0.358,-92.5,26.0,-131.8,32.0,0.866
ibit_bull_share_20,eth_r48,60,0.018,0.8934,0.467,0.699,32.2,27.0,36.6,33.0,0.953
ibit_bull_share_20,eth_rMon,60,-0.116,0.3771,0.45,0.519,-4.6,27.0,116.2,33.0,0.197
ibit_bull_share_20,eth_r7d,59,-0.103,0.4356,0.475,0.795,-16.3,27.0,-51.3,32.0,0.88
ibit_bull_share_20,eth_r14d,58,-0.274,0.0374,0.431,0.358,-157.5,26.0,-41.6,32.0,0.731
ibit_bull_share_20,ibit_gap,59,-0.149,0.2597,0.441,0.435,-11.5,27.0,59.0,32.0,0.278
ibit_bull_share_20,ibit_r5d,60,-0.005,0.9681,0.533,0.699,-17.3,27.0,-86.4,33.0,0.674
ibit_call_share_1,btc_r48,60,-0.095,0.4696,0.5,1.0,-11.8,48.0,77.7,12.0,0.028
ibit_call_share_1,btc_rMon,60,-0.029,0.8237,0.5,1.0,15.7,48.0,101.4,12.0,0.261
ibit_call_share_1,btc_r7d,59,-0.133,0.3136,0.39,0.117,-122.1,47.0,148.8,12.0,0.341
ibit_call_share_1,btc_r14d,58,-0.126,0.346,0.431,0.358,-247.7,46.0,397.8,12.0,0.043
ibit_call_share_1,eth_r48,60,-0.068,0.6035,0.45,0.519,12.7,48.0,122.3,12.0,0.133
ibit_call_share_1,eth_rMon,60,-0.005,0.97,0.533,0.699,49.1,48.0,113.0,12.0,0.508
ibit_call_share_1,eth_r7d,59,-0.096,0.4674,0.508,1.0,-104.7,47.0,236.5,12.0,0.355
ibit_call_share_1,eth_r14d,58,-0.18,0.1758,0.466,0.694,-279.9,46.0,620.7,12.0,0.041
ibit_call_share_1,ibit_gap,59,0.025,0.8514,0.525,0.795,13.9,48.0,82.7,11.0,0.402
ibit_call_share_1,ibit_r5d,60,-0.143,0.2767,0.383,0.092,-106.4,48.0,149.1,12.0,0.371
ibit_call_share_3,btc_r48,60,0.016,0.9035,0.55,0.519,2.9,51.0,24.6,9.0,0.705
ibit_call_share_3,btc_rMon,60,0.043,0.7465,0.55,0.519,32.6,51.0,34.4,9.0,0.979
ibit_call_share_3,btc_r7d,59,-0.245,0.0619,0.407,0.193,-133.9,50.0,304.6,9.0,0.133
ibit_call_share_3,btc_r14d,58,-0.176,0.1868,0.483,0.896,-179.3,49.0,240.6,9.0,0.373
ibit_call_share_3,eth_r48,60,0.064,0.6252,0.467,0.699,32.8,51.0,44.7,9.0,0.898
ibit_call_share_3,eth_rMon,60,0.123,0.3495,0.583,0.245,68.9,51.0,21.9,9.0,0.528
ibit_call_share_3,eth_r7d,59,-0.217,0.0983,0.458,0.603,-132.4,50.0,504.2,9.0,0.099
ibit_call_share_3,eth_r14d,58,-0.201,0.1297,0.448,0.512,-206.1,49.0,519.2,9.0,0.286
ibit_call_share_3,ibit_gap,59,0.074,0.5763,0.593,0.193,28.2,50.0,18.8,9.0,0.898
ibit_call_share_3,ibit_r5d,60,-0.232,0.0746,0.4,0.155,-118.7,51.0,304.1,9.0,0.148
ibit_call_share_5,btc_r48,60,0.141,0.2816,0.617,0.092,6.0,53.0,7.0,7.0,0.973
ibit_call_share_5,btc_rMon,60,0.081,0.5405,0.55,0.519,42.7,53.0,-41.8,7.0,0.421
ibit_call_share_5,btc_r7d,59,-0.196,0.137,0.441,0.435,-115.1,52.0,290.4,7.0,0.291
ibit_call_share_5,btc_r14d,58,-0.122,0.3626,0.448,0.512,-186.6,51.0,413.2,7.0,0.286
ibit_call_share_5,eth_r48,60,0.087,0.5104,0.5,1.0,33.2,53.0,45.0,7.0,0.836
ibit_call_share_5,eth_rMon,60,0.14,0.2876,0.617,0.092,77.4,53.0,-55.7,7.0,0.342
ibit_call_share_5,eth_r7d,59,-0.17,0.1972,0.458,0.603,-105.9,52.0,489.1,7.0,0.244
ibit_call_share_5,eth_r14d,58,-0.131,0.3267,0.448,0.512,-172.8,51.0,483.7,7.0,0.428
ibit_call_share_5,ibit_gap,59,0.112,0.3967,0.559,0.435,37.7,52.0,-55.0,7.0,0.378
ibit_call_share_5,ibit_r5d,60,-0.161,0.2177,0.433,0.366,-100.7,53.0,288.3,7.0,0.314
ibit_call_share_10,btc_r48,60,0.215,0.0989,0.6,0.155,10.8,52.0,-24.3,8.0,0.508
ibit_call_share_10,btc_rMon,60,0.189,0.1482,0.567,0.366,46.1,52.0,-53.1,8.0,0.298
ibit_call_share_10,btc_r7d,59,-0.145,0.2722,0.458,0.603,-96.2,51.0,119.0,8.0,0.532
ibit_call_share_10,btc_r14d,58,-0.051,0.7026,0.5,1.0,-131.4,50.0,-6.7,8.0,0.834
ibit_call_share_10,eth_r48,60,0.177,0.1753,0.483,0.897,39.1,52.0,5.7,8.0,0.693
ibit_call_share_10,eth_rMon,60,0.219,0.0933,0.6,0.155,77.2,52.0,-38.3,8.0,0.36
ibit_call_share_10,eth_r7d,59,-0.056,0.6759,0.475,0.795,-77.7,51.0,235.1,8.0,0.498
ibit_call_share_10,eth_r14d,58,-0.027,0.8432,0.466,0.694,-102.4,50.0,-38.1,8.0,0.941
ibit_call_share_10,ibit_gap,59,0.218,0.0977,0.576,0.298,42.5,51.0,-73.9,8.0,0.224
ibit_call_share_10,ibit_r5d,60,-0.114,0.3849,0.467,0.699,-81.3,52.0,113.5,8.0,0.574
ibit_call_share_20,btc_r48,60,0.206,0.1137,0.517,0.897,-1.4,53.0,63.2,7.0,0.05
ibit_call_share_20,btc_rMon,60,0.173,0.1852,0.517,0.897,29.6,53.0,57.0,7.0,0.685
ibit_call_share_20,btc_r7d,59,-0.13,0.326,0.441,0.435,-112.9,52.0,273.6,7.0,0.256
ibit_call_share_20,btc_r14d,58,-0.237,0.0739,0.448,0.512,-214.5,51.0,616.9,7.0,0.052
ibit_call_share_20,eth_r48,60,0.218,0.0943,0.433,0.366,20.9,53.0,138.1,7.0,0.056
ibit_call_share_20,eth_rMon,60,0.205,0.1156,0.55,0.519,51.0,53.0,143.9,7.0,0.379
ibit_call_share_20,eth_r7d,59,-0.083,0.5312,0.424,0.298,-95.5,52.0,411.9,7.0,0.214
ibit_call_share_20,eth_r14d,58,-0.192,0.1484,0.414,0.237,-230.1,51.0,901.1,7.0,0.031
ibit_call_share_20,ibit_gap,59,0.191,0.1464,0.525,0.795,25.0,52.0,39.5,7.0,0.829
ibit_call_share_20,ibit_r5d,60,-0.111,0.3972,0.45,0.519,-98.4,53.0,271.2,7.0,0.279
basket_bull_share_1,btc_r48,60,-0.011,0.9365,0.517,0.897,8.8,29.0,3.6,31.0,0.913
basket_bull_share_1,btc_rMon,60,-0.086,0.5138,0.55,0.519,45.8,29.0,20.7,31.0,0.697
basket_bull_share_1,btc_r7d,59,-0.098,0.458,0.458,0.603,4.4,29.0,-136.0,30.0,0.399
basket_bull_share_1,btc_r14d,58,-0.05,0.7079,0.466,0.694,-47.0,28.0,-176.8,30.0,0.591
basket_bull_share_1,eth_r48,60,-0.051,0.6982,0.467,0.699,53.2,29.0,17.2,31.0,0.638
basket_bull_share_1,eth_rMon,60,-0.143,0.277,0.517,0.897,86.5,29.0,38.7,31.0,0.622
basket_bull_share_1,eth_r7d,59,-0.051,0.7005,0.475,0.795,98.9,29.0,-165.0,30.0,0.262
basket_bull_share_1,eth_r14d,58,0.031,0.8174,0.466,0.694,81.0,28.0,-256.4,30.0,0.328
basket_bull_share_1,ibit_gap,59,-0.109,0.4113,0.475,0.795,40.4,28.0,14.3,31.0,0.688
basket_bull_share_1,ibit_r5d,60,-0.106,0.4181,0.45,0.519,0.6,29.0,-107.6,31.0,0.515
basket_bull_share_3,btc_r48,60,0.108,0.4108,0.55,0.519,26.9,27.0,-10.9,33.0,0.399
basket_bull_share_3,btc_rMon,60,0.002,0.9855,0.45,0.519,14.6,27.0,47.7,33.0,0.593
basket_bull_share_3,btc_r7d,59,0.059,0.6579,0.424,0.298,-16.0,27.0,-110.0,32.0,0.574
basket_bull_share_3,btc_r14d,58,-0.048,0.7228,0.466,0.694,-76.4,26.0,-144.9,32.0,0.775
basket_bull_share_3,eth_r48,60,0.173,0.1861,0.6,0.155,94.0,27.0,-14.0,33.0,0.146
basket_bull_share_3,eth_rMon,60,0.031,0.8144,0.517,0.897,70.3,27.0,54.9,33.0,0.87
basket_bull_share_3,eth_r7d,59,-0.018,0.892,0.407,0.193,5.1,27.0,-69.3,32.0,0.75
basket_bull_share_3,eth_r14d,58,-0.122,0.3627,0.397,0.148,-83.1,26.0,-102.1,32.0,0.956
basket_bull_share_3,ibit_gap,59,-0.014,0.9185,0.407,0.193,10.7,26.0,39.3,33.0,0.646
basket_bull_share_3,ibit_r5d,60,0.017,0.8967,0.417,0.245,-17.6,27.0,-86.1,33.0,0.683
basket_bull_share_5,btc_r48,60,-0.113,0.3903,0.417,0.245,-17.9,23.0,21.1,37.0,0.47
basket_bull_share_5,btc_rMon,60,-0.179,0.1704,0.417,0.245,-19.3,23.0,65.2,37.0,0.197
basket_bull_share_5,btc_r7d,59,0.04,0.761,0.492,1.0,-42.9,23.0,-82.4,36.0,0.817
basket_bull_share_5,btc_r14d,58,-0.137,0.3052,0.5,1.0,-172.5,22.0,-78.5,36.0,0.687
basket_bull_share_5,eth_r48,60,-0.091,0.4886,0.433,0.366,-10.6,23.0,62.7,37.0,0.432
basket_bull_share_5,eth_rMon,60,-0.174,0.1827,0.417,0.245,-23.4,23.0,114.8,37.0,0.186
basket_bull_share_5,eth_r7d,59,-0.036,0.7842,0.441,0.435,-75.9,23.0,-9.3,36.0,0.788
basket_bull_share_5,eth_r14d,58,-0.235,0.0752,0.362,0.048,-237.3,22.0,-5.7,36.0,0.484
basket_bull_share_5,ibit_gap,59,-0.18,0.1736,0.407,0.193,-21.7,22.0,55.5,37.0,0.251
basket_bull_share_5,ibit_r5d,60,0.004,0.9758,0.483,0.897,-41.6,23.0,-63.8,37.0,0.897
basket_bull_share_10,btc_r48,60,-0.208,0.1106,0.367,0.052,-38.2,28.0,44.9,32.0,0.086
basket_bull_share_10,btc_rMon,60,-0.295,0.0221,0.4,0.155,-56.2,28.0,110.7,32.0,0.008
basket_bull_share_10,btc_r7d,59,-0.012,0.9258,0.441,0.435,-134.7,28.0,-5.9,31.0,0.441
basket_bull_share_10,btc_r14d,58,-0.089,0.5065,0.431,0.358,-315.8,28.0,74.0,30.0,0.103
basket_bull_share_10,eth_r48,60,-0.047,0.7216,0.45,0.519,-8.7,28.0,72.5,32.0,0.311
basket_bull_share_10,eth_rMon,60,-0.228,0.0794,0.4,0.155,-69.2,28.0,176.5,32.0,0.011
basket_bull_share_10,eth_r7d,59,-0.163,0.2169,0.322,0.009,-210.5,28.0,123.0,31.0,0.156
basket_bull_share_10,eth_r14d,58,-0.303,0.0208,0.293,0.002,-488.4,28.0,274.9,30.0,0.024
basket_bull_share_10,ibit_gap,59,-0.277,0.0338,0.39,0.117,-64.2,27.0,103.5,32.0,0.009
basket_bull_share_10,ibit_r5d,60,-0.036,0.7873,0.433,0.366,-135.4,28.0,14.8,32.0,0.369
basket_bull_share_20,btc_r48,60,-0.184,0.1597,0.317,0.006,-35.4,31.0,50.5,29.0,0.063
basket_bull_share_20,btc_rMon,60,-0.208,0.1116,0.383,0.092,-42.6,31.0,113.5,29.0,0.013
basket_bull_share_20,btc_r7d,59,-0.031,0.8155,0.525,0.795,-74.4,31.0,-58.8,28.0,0.927
basket_bull_share_20,btc_r14d,58,-0.161,0.2277,0.534,0.694,-252.0,30.0,33.5,28.0,0.237
basket_bull_share_20,eth_r48,60,-0.083,0.5308,0.4,0.155,-44.1,31.0,118.7,29.0,0.03
basket_bull_share_20,eth_rMon,60,-0.192,0.1417,0.383,0.092,-71.2,31.0,204.1,29.0,0.003
basket_bull_share_20,eth_r7d,59,-0.292,0.0247,0.373,0.067,-182.4,31.0,127.6,28.0,0.191
basket_bull_share_20,eth_r14d,58,-0.424,0.0009,0.397,0.148,-484.6,30.0,325.4,28.0,0.017
basket_bull_share_20,ibit_gap,59,-0.199,0.1309,0.39,0.117,-46.4,30.0,102.4,29.0,0.019
basket_bull_share_20,ibit_r5d,60,-0.037,0.7796,0.5,1.0,-74.4,31.0,-34.9,29.0,0.815
ibit_log_premium_1,|btc_r48|,60,-0.187,0.1519,,,,,,,
ibit_log_premium_1,|btc_rMon|,60,0.076,0.5626,,,,,,,
ibit_log_premium_1,|btc_r7d|,59,-0.014,0.9136,,,,,,,
ibit_log_premium_1,|btc_r14d|,58,0.125,0.3509,,,,,,,
ibit_log_premium_1,|eth_r48|,60,-0.086,0.5131,,,,,,,
ibit_log_premium_1,|eth_rMon|,60,-0.017,0.8987,,,,,,,
ibit_log_premium_1,|eth_r7d|,59,-0.119,0.3682,,,,,,,
ibit_log_premium_1,|eth_r14d|,58,0.002,0.9856,,,,,,,
ibit_log_premium_1,|ibit_gap|,59,-0.001,0.9937,,,,,,,
ibit_log_premium_1,|ibit_r5d|,60,-0.014,0.9161,,,,,,,
ibit_log_premium_3,|btc_r48|,60,-0.221,0.0897,,,,,,,
ibit_log_premium_3,|btc_rMon|,60,-0.096,0.4652,,,,,,,
ibit_log_premium_3,|btc_r7d|,59,0.046,0.7301,,,,,,,
ibit_log_premium_3,|btc_r14d|,58,0.194,0.144,,,,,,,
ibit_log_premium_3,|eth_r48|,60,-0.117,0.3739,,,,,,,
ibit_log_premium_3,|eth_rMon|,60,-0.144,0.2711,,,,,,,
ibit_log_premium_3,|eth_r7d|,59,-0.141,0.2883,,,,,,,
ibit_log_premium_3,|eth_r14d|,58,-0.055,0.6813,,,,,,,
ibit_log_premium_3,|ibit_gap|,59,-0.116,0.3818,,,,,,,
ibit_log_premium_3,|ibit_r5d|,60,0.043,0.7416,,,,,,,
ibit_log_premium_5,|btc_r48|,60,-0.172,0.1885,,,,,,,
ibit_log_premium_5,|btc_rMon|,60,-0.062,0.6399,,,,,,,
ibit_log_premium_5,|btc_r7d|,59,-0.023,0.8636,,,,,,,
ibit_log_premium_5,|btc_r14d|,58,0.178,0.1813,,,,,,,
ibit_log_premium_5,|eth_r48|,60,-0.072,0.5822,,,,,,,
ibit_log_premium_5,|eth_rMon|,60,-0.128,0.3288,,,,,,,
ibit_log_premium_5,|eth_r7d|,59,-0.182,0.1681,,,,,,,
ibit_log_premium_5,|eth_r14d|,58,-0.146,0.2749,,,,,,,
ibit_log_premium_5,|ibit_gap|,59,-0.092,0.4861,,,,,,,
ibit_log_premium_5,|ibit_r5d|,60,-0.021,0.8734,,,,,,,
ibit_log_premium_10,|btc_r48|,60,-0.203,0.1203,,,,,,,
ibit_log_premium_10,|btc_rMon|,60,-0.057,0.668,,,,,,,
ibit_log_premium_10,|btc_r7d|,59,0.0,0.9986,,,,,,,
ibit_log_premium_10,|btc_r14d|,58,0.063,0.64,,,,,,,
ibit_log_premium_10,|eth_r48|,60,-0.134,0.3066,,,,,,,
ibit_log_premium_10,|eth_rMon|,60,-0.11,0.4041,,,,,,,
ibit_log_premium_10,|eth_r7d|,59,-0.258,0.0488,,,,,,,
ibit_log_premium_10,|eth_r14d|,58,-0.212,0.11,,,,,,,
ibit_log_premium_10,|ibit_gap|,59,-0.079,0.5534,,,,,,,
ibit_log_premium_10,|ibit_r5d|,60,0.001,0.9953,,,,,,,
ibit_log_premium_20,|btc_r48|,60,-0.266,0.0401,,,,,,,
ibit_log_premium_20,|btc_rMon|,60,-0.126,0.3364,,,,,,,
ibit_log_premium_20,|btc_r7d|,59,-0.018,0.892,,,,,,,
ibit_log_premium_20,|btc_r14d|,58,0.037,0.7799,,,,,,,
ibit_log_premium_20,|eth_r48|,60,-0.233,0.0733,,,,,,,
ibit_log_premium_20,|eth_rMon|,60,-0.204,0.1186,,,,,,,
ibit_log_premium_20,|eth_r7d|,59,-0.34,0.0084,,,,,,,
ibit_log_premium_20,|eth_r14d|,58,-0.164,0.2183,,,,,,,
ibit_log_premium_20,|ibit_gap|,59,-0.156,0.2384,,,,,,,
ibit_log_premium_20,|ibit_r5d|,60,-0.017,0.8971,,,,,,,
