day,ibit_bull_share_1,ibit_call_share_1,ibit_log_premium_1,basket_bull_share_1,ibit_bull_share_3,ibit_call_share_3,ibit_log_premium_3,basket_bull_share_3,ibit_bull_share_5,ibit_call_share_5,ibit_log_premium_5,basket_bull_share_5,ibit_bull_share_10,ibit_call_share_10,ibit_log_premium_10,basket_bull_share_10,ibit_bull_share_20,ibit_call_share_20,ibit_log_premium_20,basket_bull_share_20,btc_r48,btc_rMon,btc_r7d,btc_r14d,eth_r48,eth_rMon,eth_r7d,eth_r14d,ibit_gap,ibit_r5d
2025-07-11,0.2921294171638366,0.6199632859109683,15.287524023949732,0.2921294171638366,-0.03818493775782134,0.7305150950972876,15.921825381626233,-0.052675104271537466,-0.07603578348517953,0.7843921342292945,16.311068695377838,-0.09148277472940766,-0.17636920595485084,0.8299264423733554,16.54829896411344,-0.1854896106922636,-0.17636920595485084,0.8299264423733554,16.54829896411344,-0.1854896106922636,0.008075149605713308,0.03258025657717238,-0.005657354967639139,-0.011071155883600326,-0.0055858084505723375,0.014719277125479125,0.16745663085588544,0.1921689596748654,0.02874519663061887,-0.00791698809928101
2025-07-18,0.19040304293760515,0.887791675810109,14.128202997395203,0.2578785034196057,0.33211406197676513,0.7153087246593339,15.171887059889388,0.25707394006865203,0.1362809342780646,0.7677617857195687,15.726577973655084,0.08441247658247754,-4.764728304603786e-05,0.7784401338359239,16.754079764726313,-0.026982439601656756,-0.08088633899530177,0.8109414528370076,16.912715845624177,-0.1003760273913531,0.006128509020664816,0.005771516158552139,-0.005413800915961224,-0.035529385536520866,0.05301456118924264,0.0697857470598181,0.024712328818980004,-0.010639766482655267,0.007916988099280974,-0.004810592560349661
2025-07-25,0.41373690337601865,1.0,12.970379348692445,0.020675743822491176,0.41373690337601865,1.0,12.970379348692445,0.3193130038555906,0.6677241962774958,0.5095177664974619,13.759575983163023,-0.13395879104566238,0.2014949584084922,0.7360723601396333,15.85749695695361,0.01555083277939538,-0.05021748925551088,0.798592818522113,16.954546364616043,-0.10463513818811658,0.019121776824176866,0.017915183046369163,-0.030115584620559632,-0.0030163892992116203,0.04952373971046498,0.05923535797940259,-0.03535209530163521,0.1076867002451142,0.015624733820783719,-0.032779776660875906
2025-08-01,-0.06073804244535952,1.0,14.74198961217136,-0.06073804244535952,-0.3305082728246637,1.0,15.250714361853907,-0.3865455154004219,-0.23764425489212243,1.0,15.668302565799396,-0.36491992944239465,-0.12073956740222853,0.9366670308062048,15.806558085433831,-0.34653587017400406,-0.033766976957118874,0.8226461162826186,17.08172791729199,-0.24417541926540814,0.008915143909089266,0.009754689973099596,0.02709919532134787,0.032613825811879,-0.005798153623472972,0.015317374778655034,0.14303879554674956,0.2201380318406573,0.008867450285320943,0.029307813025203036
2025-08-08,0.0,-1.0,12.157412722878947,0.6183547493071303,0.15232586165341047,-0.24415521812484942,14.54523120079881,0.3738045857817721,0.26593041131992595,0.14887208609167635,14.97468503512735,0.3856215696486519,-0.06983868101077899,0.7163796798711957,16.073610810567693,-0.27964614659836,0.051225189336915486,0.7251661764365287,16.664527830054823,-0.22191972933090687,0.018890986669808756,0.026059615367691864,0.005514630490530987,0.0022683451735698475,0.0467895717778601,0.030021414623061803,0.07709923629390777,0.17459370309417288,0.026118938679454633,0.004676783058523145
2025-08-15,0.43382493775138864,1.0,13.165616334738697,0.015463917525773196,0.25495559784332383,1.0,15.433868765996827,0.15665480790508451,0.10958247977244927,1.0,17.116563463418434,0.09413670582789932,0.12601348566529832,0.9105527803880837,17.227598455429888,0.13646836363636364,0.07802038154983706,0.915631963497,17.44388869047249,-0.1300376450154583,0.005338588790248192,-0.0137390454477034,-0.003246285316961342,-0.07872459299052366,0.017022709851078375,-0.009638572520666307,0.09749446680026506,-0.009141383012171342,-0.010895991576026788,-0.002863819878762523
2025-08-22,0.14859160334638116,1.0,14.08010387470934,0.32987395125054675,-0.1816855827521765,1.0,14.601191795736337,-0.1405892482249428,-0.23434284569576222,0.3465790096701935,15.51863933982705,-0.055941845764854614,0.051709502548088856,0.8900475908838787,17.300813184011517,0.06033128019068914,0.024158001004806005,0.8506820357748854,17.557864449792287,-0.1221442208912999,-0.036431666448456405,-0.04442695268669305,-0.07547830767356238,-0.044419430414049756,-0.004248337346934005,-0.0405484339061412,-0.10663584981243644,-0.11062839116035096,-0.04318327070593489,-0.07537437602691487
2025-08-29,-0.36935655883398505,-0.06647707074297904,14.626618980523132,0.6147049103337914,-0.1537761292766636,0.7697626949977665,16.688289634833165,0.1852631035030025,-0.1281031278025221,0.7797762491420213,16.809225848775473,0.09701385734464156,-0.15102472220912505,0.6863124145409967,17.052257773942934,0.06489679141493342,-0.00039261876717707107,0.8082371058797797,17.836913408711847,0.09767438142489435,0.007295660629277011,0.008842528381786233,0.031058877259512573,0.07492324949687641,0.025781456092143253,0.012625519119506195,-0.003992541347914479,0.06987462124217673,,0.03171818027078454
2025-09-05,-0.7612835898773807,1.0,14.242868264718954,-0.30277884986491704,-0.5440800047621882,0.23019227334960424,15.02739230399497,-0.3304098066369185,-0.540530679933665,-0.024278606965174143,15.612257734540833,-0.35047829500188993,-0.22379250241441803,0.5932234692974525,17.073210902126718,0.018128978688070854,-0.07043260209477671,0.7584524581215244,17.886620627771904,0.038929898890130744,-0.003167092821725523,0.0038013496619961804,0.043864372237363836,0.030716211784516247,-0.007552386629382606,-0.0017366454972041106,0.07386716259009134,0.02600033810576271,0.005346765371758329,0.04561653718162715
2025-09-12,-0.051045728465083304,1.0,13.24316584996959,-0.051045728465083304,0.14823326630278655,1.0,13.453393690727303,0.3057820835121712,-0.23016957325403842,0.6434943341637869,15.132696237320033,-0.036291299781888685,-0.4218623564719499,0.2310481516762437,16.094100147830677,-0.21897347466653141,-0.22611370006559947,0.5600916688675146,17.376945797791375,0.0009483040971307136,-0.008464479893318881,-0.01650104463529049,-0.013148160452847635,-0.06602875171659423,-0.008616414048948091,-0.03203814903429323,-0.0478668244843286,-0.14503420692668564,-0.015485355740081036,-0.015332368667190259
2025-09-19,-0.09838162504866248,1.0,15.78853560997526,-0.09838162504866248,-0.07761703473258837,0.9456573801518766,16.883763519602883,-0.07999573281879786,-0.08187446528614666,0.9462480336329264,16.894692084169428,-0.09637201553686384,-0.10360570789251575,0.9018823483227667,17.053149293339843,-0.0853703635220591,-0.16430187007415006,0.7460049122479753,17.756377566536628,-0.02423654357915515,0.003421564190951302,-0.02040644006682667,-0.0528805912637465,0.06394528973653248,0.01140650394791911,-0.05786094983026333,-0.097167382442357,0.017330183799543868,-0.01844971086743424,-0.053897263079581606
2025-09-26,-0.734242456780844,1.0,14.437484455953475,-0.4540908093880237,0.5610219351538018,0.9749312527978513,16.56515052277653,0.34674035093166095,0.47637310920431336,0.9846900715895377,17.058270903150557,0.3369998778949082,0.22002792275408756,0.9670376323532208,17.67296968436365,0.1513780680288993,0.11029316485663955,0.8412160860688032,17.860451285259554,0.08227448803199879,0.010445968585026057,0.025905416387261477,0.11682588100027907,0.06616667533752933,0.003030483250217312,0.017522672033857437,0.11449756624190088,-0.007787635166600347,0.028332310496791004,0.11961109143725344
2025-10-03,1.0,0.11199119911991207,13.026955392817271,1.0,0.3134329935027204,0.831260894828588,16.756311400815456,0.3532189718883906,0.3618214185838716,0.8748934254592085,17.19385550037807,0.3496121199363542,0.4152203399087872,0.9260757557827277,17.821506504036325,0.34359391842244114,0.25083830845771143,0.9184104477611941,18.202524746587006,0.21300811909811815,-0.0012696231895932479,0.014738145545000428,-0.05065920566274969,-0.14227693095479313,-0.007984711927884833,0.01430584567808872,-0.12228520140850122,-0.1649092917928761,0.017043446211692303,-0.05309680303934752
2025-10-10,-0.5602861796927401,0.9137628158037625,14.95683138051768,-0.32216680255143637,-0.06939750301195186,0.8537204268975296,16.05401579794977,0.012891653115622537,-0.153806696746616,0.9348373308002849,16.862648667072822,-0.09277830994127692,0.14631619065767848,0.8999468013307608,17.735049269584334,0.16098965103312096,0.18202842550456858,0.9324513083529724,18.397638304327355,0.15639511711327592,-0.01829953948105744,-0.019069192574906992,-0.09161772529204358,-0.05353355430360761,0.03554390953754615,0.025342607050327277,-0.04262409038437487,-0.01789138713820712,-0.01890876708954015,-0.09053308865784111
2025-10-17,-1.0,1.0,13.570378266549609,-1.0,-0.11343041059933755,0.919588359060892,15.384189182245366,-0.07245620723558802,-0.040505716994457985,0.7281421199646227,17.26335616067902,0.020631991393862004,-0.08595553997515604,0.8110563256845427,17.776087528240417,-0.02606663111086721,0.17032214578905377,0.8698718324689216,18.492202025647895,0.16411085215743385,0.023892644289543803,0.04056413475699121,0.03808417098843597,0.030097494839191944,0.039573134031231215,0.05271032421032197,0.024732703246167824,0.013038535089636734,0.039080773835829696,0.03828529212973408
2025-10-24,-1.0,1.0,14.482622237162202,-1.0,-1.0,1.0,14.691979211901588,-0.3158447522043917,-0.7217907402684719,0.9517306934365799,15.277214062204811,-0.17203061980409912,-0.12271337412122789,0.7551215663894322,17.391946163187978,-0.01313521116601147,0.034653884962338795,0.839836234413299,18.271288237708127,0.08702082522600922,0.026499408479906048,0.039335564185389436,-0.007986676149243921,-0.06427306986270093,0.034800093863196595,0.05343686508812114,-0.011694168156531154,-0.1254337542507896,0.039707255970231364,-0.008471240621448259
2025-10-31,0.8254120967224681,0.6292732986979668,14.259619931060115,0.7497302070048072,0.23625307108631619,0.41806138100473733,16.5056819480485,0.2174097528046546,0.1580802279852754,0.43257492608769077,16.937646381320103,0.11642103881610791,0.017561361871488993,0.5154861510245501,17.1116473789776,0.04993483203062216,-0.050786407953969936,0.7106384585661671,18.191213490111434,0.0006582252375624489,0.004532473484993374,-0.016848150982172884,-0.056286393713457054,-0.15139293684798374,-0.007018001577862359,-0.04283828137660889,-0.11373958609425851,-0.2146018777070448,-0.0208416902096046,-0.05645995137278658
2025-11-07,-0.16506260208539386,0.7474956850702519,15.779400946484008,-0.20846540323836804,-0.012213822102270205,0.7984275411740431,17.05370261734906,-0.006358417423442551,-0.04357093142540943,0.7027983100308928,17.431303030075078,-0.05627111396539294,0.03286141764899647,0.6003748572227179,17.907779601119383,0.004691113198500184,-0.02529664433092906,0.6582233595443501,18.37590822721814,-0.0020167234100553167,0.00841822844184117,0.026387077296720345,-0.09510654313452667,-0.20519097417793566,0.03173818402487148,0.04155927006104838,-0.1008622916127863,-0.23598045947620555,0.023814045427079916,-0.09628721945215148
2025-11-14,0.5070598806238368,0.598902509466658,15.645272209777156,0.36320890371563325,0.15749465852890354,0.6753407049890616,16.279168119836143,0.09541688548876365,0.1696778953316799,0.7006561391391706,16.36035147368085,0.1338488091128754,0.010854894068943315,0.7022515805557301,17.725972325294215,-0.00966378456606594,0.013209355501007623,0.6366832346513225,18.158407749319657,0.011114216781988354,-0.002643983457963073,-0.004844502351290386,-0.11008443104340898,,-0.014943787134029262,-0.005407907553329591,-0.13511816786341924,,-0.001684447338203669,-0.1086384394544968
2025-11-21,-0.07339634361307436,0.4600365974448939,15.600027362300919,-0.11294677589126356,-0.2513174670633234,0.6979175520611984,17.31025902768114,-0.2402985672434313,-0.2253604340508668,0.7153624348276391,17.564626346756246,-0.22147805544423804,-0.13421892740023939,0.7119694629395905,17.826920893041223,-0.13519448928854624,-0.04730311860098849,0.6539175394134735,18.561314462741755,-0.060200416217901245,0.03480156769303836,0.019055748159914638,,0.055344650918380825,0.03207813073225558,0.02727109204412384,,0.10007349825617527,0.015616429879651941,0.07197639494899624
2025-11-28,-0.41214057507987223,1.0,14.851183401846022,-0.41214057507987223,-0.3240944492520707,0.6231919891210285,15.212868738689465,-0.15360918279070748,0.2613795409787334,0.07031472559049745,16.597269665889943,0.2817511896961038,-0.0913085079710528,0.5377113433360226,17.886772436381587,-0.07458888786111943,-0.04432495206162069,0.6133811554252564,18.502748160518788,-0.04336736221940721,,,,,,,,,-0.051957152448443324,-0.016823557978710886
2025-12-05,-0.00012205825084714239,-0.8359420862661219,16.660704843055925,-0.0042313280350083065,-0.038224339181124604,0.07415848575898987,17.40209426743045,-0.013205967320279035,-0.019602107110762216,0.22129924466435025,17.676562343449117,0.004444872120353461,0.05166604620916172,0.183003548388617,17.969109407444705,0.08097715717229213,-0.03467987356103338,0.42871490166325454,18.593687393052424,-0.02046776034696933,0.024191542955397754,0.024153876688937814,0.010471995152549558,-0.014413100988450212,0.037256519403446695,0.03824982047290258,0.019120027222413124,-0.011305246192845904,0.022336944290817378,0.010010879561204153
2025-12-12,0.5332725615314494,0.3521725919173504,13.802730236462393,0.5332725615314494,0.2519252778801575,0.7698719067848667,16.554109427216133,0.2429974740387314,0.05748659072401503,0.786318930451329,17.105508186534205,0.04842577843904344,0.008226420635094505,0.4252677438674166,18.124403169119372,0.020396673021877258,-0.035655573285426415,0.4748407873947529,18.705776975998717,-0.02274819260447225,-0.01854178143681342,-0.009057801382293283,-0.024885096140999822,-0.030613389060026395,-0.0005321582401814105,0.015520002347321538,-0.03042527341525899,-0.05116443550107997,-0.00941922191649164,-0.025518148563944295
2025-12-19,0.26434851765121725,0.8524278708081121,14.632334925050442,0.21858365626197676,0.2152630149558442,0.7626918646575702,16.183705566697668,0.21615278121590523,0.16110173411150194,0.6352564017542257,16.614996716480892,0.1702148167945286,0.09683683288686196,0.7289494486205399,17.583178040663334,0.0959737124544109,0.06994653357707611,0.40394628299193713,18.48779436542127,0.0870255991108941,0.0023597030452149116,0.021168950163951854,-0.0057282929190266224,0.06782035791294097,-0.0014215361572525278,0.02145552242679564,-0.020739162085821033,0.0806911555982974,0.021800308453317305,-0.006028957168560246
2025-12-26,-0.01261471773510786,0.8493006874597853,15.591445646170413,-0.28741452024113034,0.06906995641574942,0.8685085321710866,15.727790202351189,-0.18284256404804933,0.18683737817695395,0.7979438180775846,16.386786093666487,0.026429111055149838,0.17250760856728845,0.7073584343049277,17.200534484909635,0.10241697652593755,0.054910251035175835,0.5054295330265142,18.458716120256028,0.04544046538394476,-0.000705665214801213,-0.002551644093695879,0.07354865083196756,0.04341297355627382,-0.00023929819177798386,-0.0014380161274624595,0.10143031768411839,0.05580252542606413,0.00040306328639203005,0.07474128439781544
2026-01-02,0.02661207778915046,-0.42272262026612073,14.667711094854335,0.2694656265521372,0.028555152033041372,-0.2853378907640818,14.84819705256543,0.2418885887044899,-0.006153201759197391,0.5132488306922103,16.12082203100434,-0.0807478939798644,0.15695037318991334,0.6420561659809012,16.784246744215885,0.09209361744764703,0.0855474437672061,0.3570144394563801,18.16821005031138,0.07097387338272096,0.017497227157485768,0.03289317798278476,0.0052518107127910415,0.06299031346616665,0.006613377074461767,0.011410092724843234,-0.015425899251277233,0.054084098878921516,0.03225774619140485,0.0043095071593308755
2026-01-09,0.003957688709793481,-0.04482981938547892,14.14459917405418,0.06308379585758765,0.4071925322622634,-0.07497489679794711,15.497790112523136,0.47449105744663317,0.06176633632553028,0.030178072999231587,16.14593462562932,0.21026237544436466,0.028232953874030017,0.26868082089258283,16.82660428786876,0.07761221022987838,0.13953747910422576,0.4825005002249174,17.620166569436,0.15359205351054,0.004164228498920343,0.003713454330440114,0.05773850275337559,-0.02943649031986216,0.01263275114454604,0.01091825635959575,0.0695099981301986,-0.05723531142585069,-0.00039100684760134437,0.05846066692149824
2026-01-16,0.11883489834989516,0.41909016318716374,14.601146213789333,-0.041248388734815046,-0.15516613059116188,0.33360797300080813,15.657852393930694,-0.18623034424139395,-0.17925760681699426,-0.03884802443828128,16.113244000713646,-0.14382176003975083,-0.0567760046259001,-0.003770899332308675,16.822870022981235,0.06834968581192813,0.048023737317763694,0.31290741841556424,17.49689199708901,0.07927155967883487,-0.0024886664556939184,-0.050108605664559554,-0.08717499307323766,-0.20358272950537354,0.013926483410398347,-0.06702340355494564,-0.12674530955604932,-0.35056999019137003,-0.05106043840792124,-0.08842025314095857
2026-01-23,-0.4015748031496063,0.053149606299212504,13.138238695062618,-0.37433095450490633,-0.08407217959647627,-0.34990053992611536,15.766834738949477,-0.033725648867679786,0.014489172828830102,0.03826129926054045,16.243194174177457,-0.0038941153953741736,-0.0915474045536887,-0.04563942558874223,16.834964289764045,-0.06204752630184123,-0.03317258883248731,0.11635532994923858,17.489276399648872,0.015678130791285588,-0.03223347123831907,-0.01699575190586734,-0.0650778365922743,-0.24524319641418513,-0.04503830818799576,-0.00888537916479837,-0.09174393148490109,-0.35678786912713206,-0.020222833913810776,-0.06540674803610706
2026-01-30,-0.21603062028593945,0.8862246238132763,14.795677466674434,-0.20379634071129993,-0.03026638774350355,0.5153508506753406,15.928133095948777,-0.11673680166537118,0.09458947860197991,0.49554963067975866,16.33439189286475,0.02289626967406122,0.05636430246807005,0.27732415895701834,16.98297943988191,0.010651827229111854,-0.00019486905252853926,0.10420509288002866,17.602700255370227,0.055642335530182115,-0.08370661122342908,-0.0692965422790159,-0.1801653598219108,-0.19771564271929612,-0.1451663721881341,-0.14002885652490835,-0.26504393764223083,-0.26997565990438005,-0.07066379110709195,-0.17967188014435842
2026-02-06,0.29585788540073166,0.7659543620601197,16.159419919317948,0.3556599984154117,-0.02534620049140927,0.1056449218069686,17.18247874807577,0.038165219989754265,-0.018057745259423646,0.10416507467886515,17.396133640808358,0.03661535891862505,0.01088997054248903,0.20474180003439835,17.693161556242327,0.032825460479294265,-0.01960728731656005,0.13019927301509182,18.04657911934808,0.005385082471938047,0.012080429535308882,-0.020268928509917874,-0.017550282897385246,-0.08174431198589507,0.02372285085621064,-0.015572782188441353,-0.00493172226214906,-0.09884997854583738,-0.014213437250055501,-0.01805516306605423
2026-02-13,-0.04889867841409692,0.7582699239086905,15.423747950062124,-0.0388743407221628,0.07136185841391564,0.2320980891988118,16.47157255661958,0.014911400780609279,0.06110705703542229,0.35305628244874443,16.8842470268773,0.020686545773224287,0.011609371990701578,0.19743739305001862,17.865739513230125,0.030803094751134342,0.024704939688002518,0.22081275169530934,18.21190719777195,0.02458309455911734,-0.004712898178572127,-0.009605834998622009,-0.06419402908850984,0.005582242300869384,-0.04740172121821445,-0.026803322920455373,-0.09391825628368822,-0.00402425878735304,-0.010965729439392263,-0.06411093315483042
2026-02-20,0.7540983606557377,-0.3990509059534081,13.046779547477332,0.657562168772931,0.15591049582646999,0.7000240602617016,15.502483605970012,0.11190584893217674,0.11285882467492232,0.6767900294760696,16.240074405595948,0.052407767553917156,0.15474154364267542,0.5083093707961939,17.459390031081295,0.13796951430219562,0.04118138123535466,0.2788902336336716,18.154585327386016,0.03281072318182946,-0.005345644230740884,-0.02405474474468082,-0.03214793675138342,0.005228727616903137,-0.014250805279910454,-0.0246074211644878,-0.024135939793578615,0.0056242951258101736,-0.02517099352413654,-0.032538249403431994
2026-02-27,-0.33643878756068757,1.0,14.236980896295817,-0.4580430821991212,-0.05147496798769313,0.24122301164532756,16.23138862134184,-0.09350699242309367,-0.05510020716733258,0.077038579669644,16.741726608821242,-0.07320045070342233,0.008245955767336659,0.30323631755267444,17.215180106416774,-0.02268678604491797,0.006844207946643773,0.223354431688207,18.25858171451951,0.005930294025954495,-0.004584181622216242,-0.002637261048995579,0.0373766643682865,0.0818376427343264,-0.003220226171274784,0.001997944508045874,0.02976023491938872,0.08989051231009018,0.0,0.037212368533806675
2026-03-06,-0.8230074217489513,0.6460148434979025,13.337153737758168,-0.8205683635050802,-0.2151761996054179,0.525490845240006,16.07086776579528,-0.24952978018896702,-0.12884421786109712,0.5964284875974566,16.68311964528888,-0.14428740401978551,-0.09089204347878138,0.32912574432859865,17.40599956561976,-0.10849997215744056,0.03520259445827902,0.42110866396291113,18.1261982408987,0.023267300847997073,-0.012832470156974597,0.0007407011165149387,0.04446097836603997,0.029676346296787295,-0.010070911836481063,0.011415484851589915,0.0601302773907014,0.07450244183286052,0.010052926523720862,0.04483465839406413
2026-03-13,-0.5242602056912108,0.799734999053568,14.276032502774953,0.05510399234998805,-0.5743896201782013,0.5895986433013001,15.127862587057514,-0.17125260091552227,-0.21526773779972175,0.41201342098802485,15.807731746274984,-0.0695922695262484,-0.15426434924255314,0.5421856700720782,17.03145007610019,-0.11956485859563096,-0.06556561811361031,0.41176622146379604,17.82067592244307,-0.0680732079135108,0.0047087109836425394,0.03688672724911422,-0.01478463206925263,-0.07578759014879499,0.004924525772394071,0.08039595784822207,0.014372164442158978,-0.054699160946460185,0.037676105147937344,-0.014974075645250044
2026-03-20,-0.37479013302337594,1.0,13.559715965863068,-0.5372777671573313,-0.5870499333234553,0.8701042129698227,15.214079526909687,-0.5587375137680884,-0.1147418680990749,0.3177161046453796,15.900238228414333,-0.16956971452213487,-0.1626816354672113,0.36268553810929993,16.548201402826823,-0.11874516903299297,-0.11227095309615129,0.3391198364823862,17.75953596014783,-0.11183789070984546,-0.028205770992067954,0.008346820404492743,-0.061002958079542265,-0.005840332940527029,-0.033415215269345336,0.005201669779012594,-0.0690713253886192,0.004900141391608262,0.009135912363940854,-0.061442154799113066
2026-03-27,-0.23650719805109854,0.9352370099993237,14.196546352149264,-0.18778228040224978,-0.06185153964102178,0.35895271167858844,15.364093609578974,-0.12171630739799594,-0.09273028653493558,0.2756361425160696,15.502020431308603,-0.09084442417155635,-0.10589892224933753,0.3008108756692518,16.41396900804823,-0.13639378760765156,-0.13731930173959936,0.4576189121326655,17.462778591459816,-0.1255590167559173,0.0044576810588585454,0.027646977704806463,0.05516262513901523,0.10596618150715725,0.001937947175997216,0.04089954437872529,0.0739714667802276,0.12817836197122887,0.02768799153116695,0.05513616845918099
2026-04-10,0.09465742609000789,0.4726437991636694,15.045063678316248,0.07035048764720762,0.41817629298513903,0.2922401286123202,16.13801601642113,0.29947640227870803,0.43448796364722714,0.19231434456516605,16.358670471099785,0.3162824219809306,0.33319161767880423,0.22523316728676246,16.63036223604071,0.25916570957384627,0.120737907422155,0.25455797126789603,17.225165374486494,0.09694642983833153,-0.03004610849266046,-0.03060998683306408,0.05520710853150887,0.05785582300673416,-0.024144609454769077,-0.026740625267144217,0.07557844959406011,0.030405381880938484,-0.029546771515068817,0.05568690072543736
2026-04-17,0.04794105554714041,0.8824573172051156,16.039333897512495,0.04213829338695554,-0.008136803670342375,0.8842115276263509,16.43044357954496,-0.043051056962677255,0.11102864016789947,0.4557600266182078,16.787743932418362,0.006509357200976403,0.23858404665279814,0.351870855332302,17.289192959791468,0.1265926520609352,0.17796487203429986,0.33115766458255247,17.527552161424026,0.0931621665133279,-0.032218677272941684,-0.027802357725715543,0.0026487144752253694,0.011792177973912604,-0.05495295928013832,-0.04675122532718294,-0.04517306771312165,-0.05276462258413319,-0.02979779301877604,0.0018190091418516729
2026-04-24,-0.5243090578979221,-0.04700423643332663,13.113728201355833,-0.283420365535248,0.41802756760806054,0.6655742003146303,16.183808575963628,0.3815183948247298,0.4126120217200734,0.6989966133335015,16.579077518721878,0.39425808304873766,0.24614458716425838,0.5647353341734527,17.381990741108734,0.1731283987811819,0.27404024910555846,0.45593624453388837,17.768339557784675,0.20207706268017567,0.007607297069755077,-4.159140297303989e-05,0.009143463498687186,0.03186206855579425,0.019887361093275966,-0.00326460652514573,-0.007591554871011618,-0.00291249776027115,0.0003406961591070549,0.010170728424289274
2026-05-01,0.07707683697129608,0.5645638442472216,14.03921475208893,0.034325410338486684,0.2911575122570369,0.5160399193648739,15.206319960925113,0.28061280967034913,-0.1469714839307527,0.43820816309338273,16.066423442686705,-0.10124836755055523,0.20300796364884213,0.6013126807006748,17.048395830649067,0.1980068558504435,0.22292737119844466,0.46164768782113597,17.869172022269538,0.15752229268618953,0.004900651869946065,0.006014514346531518,0.022718605057107013,0.00911246307004761,0.012696421580514606,0.01260156033001164,0.004679057110740391,-0.036531025027194935,0.006276640198259361,0.02179801610088276
2026-05-08,0.30665380906460943,0.8143123051736898,15.310457734171656,0.2997253994680966,0.14004026222061633,0.41760869939262557,16.268565364333476,0.1284445829114417,0.076640593853704,0.35940614629599477,16.69522017673186,0.06623053881520868,-0.001127977879914303,0.38681218069619683,17.122598741687924,0.0015567834410865533,0.13845412800870213,0.4872474572270258,17.95382895842464,0.10074518878159851,0.015505172344923076,0.010468009712869914,-0.013606141987059511,-0.05631743060498619,0.02140429718803671,0.0057901419276798465,-0.04121008213793539,-0.11556254642579272,0.011158632357067029,-0.013958352250706914
2026-05-15,-0.1653980316590882,0.8437033824447593,15.444358863918199,-0.14475052977727662,-0.21556995170172255,0.44311393718207204,15.833701500694865,-0.2063161769366873,0.028167830629858216,0.6981419739288297,16.595211366752768,-0.028470092670074457,0.053615129047889155,0.5203119696675718,17.339612622413416,0.019236012309986728,0.11751134076224241,0.5549564597798926,17.89771504342197,0.09869797705191301,-0.009002038897261037,-0.01893171138601093,-0.04271128861792669,-0.10111273055963882,-0.013781240227180788,-0.03366877817842298,-0.07435246428785725,-0.1045599671600622,-0.024391453124159124,-0.04238501817217165
2026-05-22,0.32726870652567247,0.9873748542479193,15.41977531266171,0.23419978738726382,0.27284482247292313,0.9064735399836292,15.947271860784364,0.17216805166070648,-0.16257071580665972,0.48102732727075526,16.6786995790938,-0.17497903784845373,-0.07118023705039841,0.585055652293573,17.330973656020742,-0.10700246870092263,-0.03979024368742287,0.4962239524828578,17.92535108515008,-0.05986971697412441,0.011695691013440831,0.016466155864865283,-0.058401441941712026,-0.1791222291006246,0.016868552970141473,0.028133967518370287,-0.030207502872204844,-0.20263595097371176,0.01134140151079175,-0.05921442015653941
2026-05-29,-0.38488883143743535,-0.4305842812823164,14.25195805000981,-0.47414338667389927,-0.06633097877337508,0.10947814173620629,15.541895779154519,-0.2020843997042598,0.050402798837770754,0.46886462401206286,16.284025342189583,-0.09955992303646446,-0.1604258357816286,0.4534062165797126,17.19806863540749,-0.20450916236555122,-0.0330213713592074,0.46044485939467283,17.901856533274596,-0.08300929545777715,0.0005234846706340229,-0.017721201267672463,-0.19743670177569334,-0.14436469915699107,-0.008494269285590158,-0.014208457963456336,-0.2466248565568576,-0.19016408554026903,-0.024683604703966865,-0.19835134384058953
2026-06-05,-0.19455834174685266,-0.0698287762965405,16.088316727491875,-0.19136634473270805,-0.08608843978746096,0.06133441353971181,17.268632899471342,-0.1126238582895101,-0.04735224893955403,0.17673658367652156,17.629583323694785,-0.07166373686781104,-0.027156297908980814,0.23708951410230372,17.86100797189338,-0.07805172550478409,-0.04660186683659517,0.3539177307639987,18.3181606238823,-0.09011372769377436,0.016981200982734958,0.057155772366286293,0.05307200261870222,0.06638687619977907,0.023336249295654893,0.07329207436764419,0.05646077101658847,0.09528390849298517,0.052771404724644776,0.054159715373842544
2026-06-12,0.007527123600560641,0.45915453963419917,15.56975869221935,0.01282249875217294,-0.15798308583900567,0.41596681023421755,16.472330620579296,-0.17576251977599638,-0.04097657126148609,0.2648597165677069,16.86824206602319,-0.008155004909547526,-0.04532251924319432,0.20479103510852914,18.012829791980852,-0.05081875713673269,-0.0806450621162489,0.2810852781460511,18.37937737317248,-0.1013787662529241,0.0034200492822153003,0.04648322205210716,0.01331487358107692,-0.0519710839869704,-0.0007566091063954326,0.0649257990354925,0.03882313747639655,-0.026339766158939473,0.04873731144354049,0.01268282784830858
2026-06-26,0.41438306510076844,-0.9373399062394278,15.928918770032855,0.1946429473897003,0.06163157342967509,-0.5011652943880389,17.02637844471254,-0.00960787405617306,0.1398998631658217,-0.40253222759408525,17.36055428309082,0.04626381252562199,0.14418104325204437,-0.17192978191142694,17.772948514122486,0.08389978695525013,0.03395054117314359,0.01138406114161672,18.556949627477273,0.0008619156738399963,-0.004487275814001672,0.0029966280716355064,0.06509846336791938,0.0416500608762645,-0.006528267195282648,0.0004468953000613221,0.12966992386399667,0.11882576295791815,0.0013285115246450946,0.06490772919050065
2026-07-10,0.6086947762847761,0.3437015250105764,15.417702481513883,0.5671535240888306,-0.1588069167902559,-0.3833422738316872,16.35525263387763,-0.14314932922806245,-0.1642355159014356,-0.3476322270326715,16.890178819310908,-0.09616885933208039,0.01404855064775338,-0.4476156656063851,17.648115848703405,-0.010377106477892374,0.0535735437688609,-0.2184223003127993,18.373037611190814,0.02593711469661769,0.004907399798401405,-0.02074203888711915,0.0036950698332286216,0.004542421297236601,0.015600154084837765,-0.01155764180876473,0.027794739362667457,0.039143202436741874,-0.024023501689596594,0.0033066990725427172
2026-07-17,-0.3084017137462784,0.3014305424442669,14.828637940356936,-0.05282064928153273,-0.053232711704520715,0.26704883535302226,15.745654354424675,-0.03374664316884861,-0.12868475982952654,0.28729864873480815,16.665297503858334,-0.06285388459673193,-0.14845043252722714,-0.06571313674451207,17.477193491700497,-0.08028555349786047,0.01451163674978026,-0.24695917083938712,18.356827833063697,1.7962549602673165e-05,0.004728530817566378,0.007566946903055644,0.0008473514640080019,-0.018616142488706994,0.010526286493945797,0.0155288893254408,0.011348463074074463,0.013755253429508608,0.004939636827662793,0.0
2026-07-24,-0.6030914213019835,0.557810741592139,14.756220694379174,-0.6030914213019835,-0.4577614287035058,0.5643660074682662,16.127204043322312,-0.42033149714814,-0.2500324971662523,0.22919386754232818,16.77490545355603,-0.2485565236571468,-0.1926804728250816,0.2566556636864328,17.414749618614927,-0.15460831392817415,-0.0773095072758306,-0.13638282652751532,18.231371985418846,-0.07512170122642962,0.00786736712496109,0.013666684452789945,-0.019463493952714996,0.011702809748369555,0.02619797156118015,0.04875652422349606,0.0024067903554343137,0.029572675523208927,0.010671875807451216,-0.019725601376919817
2026-07-31,-0.004767735716332751,0.18526430972044916,15.160540378738283,-0.09807575723555695,0.06166900825292854,-0.07062906482317144,16.19020242920142,0.038431885223920624,0.015068342325054659,0.00915425389684943,16.35832449389513,-0.008119532631780219,-0.1446986077019603,0.14176438830728255,17.281299521856237,-0.15126138035255463,-0.1467576747539899,0.02789709551852182,18.077182828949514,-0.11143480312812988,0.007428818388942739,-0.004660722985613283,0.031166303701084648,-0.0004870410865457022,0.0064254923243025185,-0.01328220606072167,0.027165885167774524,0.00651727162574042,-0.004217635944203469,0.03202924257227665
2026-08-07,0.31394715091891534,-0.2408236565573728,15.8477163517435,0.24806573887957703,-0.21972387881444133,-0.5780859947649912,17.34095887252568,-0.211820012255633,-0.1593089817108224,-0.3889664141445115,17.564477972270495,-0.15008589118585758,-0.11913552464291542,-0.2972464404963586,17.826339408052995,-0.11693546586737462,-0.14844546481221974,-0.0764992928739725,18.334719647951786,-0.13238633444020867,0.003419447915859719,-0.001538829962538103,-0.031653344787630225,0.17076054140038155,0.0011929970076957465,-0.008160380206212476,-0.02064861354203416,0.22970651936292552,-0.0016317653879055589,-0.03230986555714042
2026-08-14,0.2711199455981587,-0.6432145908528186,15.562115919550081,0.3011507897253273,0.09350239890335846,-0.6181905414667581,16.495846989039062,0.053972663499585634,-0.18363720527408203,-0.4671415132374681,17.103449689172166,-0.16059729920669255,-0.16871772539808352,-0.4192000014090852,18.05344736973405,-0.15429722549491082,-0.1611273320077616,-0.2419270286971721,18.433266164262193,-0.15335330186475712,0.002556277960355332,0.009213979774909887,0.2024138861880118,0.20947953510356654,0.0025504863732326477,0.008821923578074913,0.2503551329049596,0.25841516150648103,0.007688581944536222,0.20370235181890484
2026-08-21,-0.13264980914701385,0.24767836192899484,17.084136048437905,-0.11987164620105163,0.0026203626784237054,0.22695537449440106,18.25847234270629,0.0353200955626449,-0.26460396752081694,-0.15280644225378948,18.75148550789029,-0.20076097959777484,-0.25153798970708985,-0.2035321344956662,18.927476647290213,-0.1942179858559506,-0.21850001722960954,-0.22691637179741408,19.214528075018574,-0.17557379782334245,0.004182142282945033,0.027098715599694144,0.007065648915554885,0.035657141376770986,0.012327070957859461,0.04021898916215031,0.008060028601521406,0.017047220707381953,0.023865861562909728,0.005023988644476046
2026-08-28,-0.36645044811707034,0.347733514129114,17.0833403811994,-0.34302055660158365,-0.14073286727891587,0.5317728502660879,17.907059532837582,-0.12223736474916323,-0.10717950956765579,0.48529053058989735,18.325166032232815,-0.10027449521041293,-0.2024204333177118,0.099245401860097,19.254021495461583,-0.16011737648609053,-0.19462253341994,-0.020708916552356627,19.51717109289792,-0.15881149578482495,0.016560842017432468,0.004613030039730174,0.02859149246121613,0.0182894756694757,0.028240232180590668,0.007089892284116207,0.008987192105860466,0.043163149982725274,0.006131505527309433,0.029846263408626082
2026-09-04,-0.19549894656196132,0.030319862095383954,16.161346788719726,-0.11399614832660405,0.037779631711829346,0.36455780632230783,17.42639603765012,0.09068726099391616,-0.037540131829364616,0.38223554258635595,17.968688318754083,-0.014439689543958327,-0.07850114487883351,0.44285120064535777,18.85587549407706,-0.06539590335212093,-0.16811565410263973,0.10809402562519166,19.585463951920886,-0.13119944609237535,0.0002829471360624384,-0.017481203963785923,-0.010302016791740415,0.0805951885037072,0.014215518384741296,0.006248822856056843,0.03417595787686479,0.11788623209723396,-0.020098934732789654,-0.010892627427768075
2026-09-11,0.05993591757240686,0.6717276427020726,16.477537832560728,0.08147669357006801,-0.18705436000525055,0.509052020870032,17.318301368715012,-0.12914652803064164,-0.20834824796631168,0.3622092741884928,17.718070933593758,-0.12181942913989158,-0.15729668299685332,0.39601311384281845,18.675146962342733,-0.11361190077689662,-0.1644882117948262,0.18045566111875067,19.640204186904583,-0.12161239924973355,-8.56150967292458e-06,0.005276804040603401,0.04960510470114233,0.08370942143903554,-0.01238020479744529,-0.014003279849039782,0.03867166201371345,0.059282437718769815,0.006603690171392982,0.05012743340441575
2026-09-18,-0.05005580456268538,0.6708463938095497,17.099582150436262,0.022079374270607285,-0.11696572692975346,0.41301533189681683,17.819618511359945,-0.08801213265210125,-0.08966066063655528,0.43773509896514673,18.221893102208963,-0.05787325130113557,-0.13436349350041218,0.4092888359830258,18.694528770734284,-0.08197969437290108,-0.10350290363858658,0.42551192098503243,19.525477496008943,-0.0757752923491087,-0.00018759275380381816,0.049132307282669097,0.03410431673789315,0.03757064704148067,-0.0014342033335493355,0.035698110672368,0.020610775705056403,0.011872371620202302,0.04368620686762369,0.03312622583697023
2026-09-25,-0.28467637873319246,0.3582368672040095,16.18524959264984,-0.26270457913395173,-0.11732120423125654,0.29320657778777814,17.435353416421087,-0.1391421779993784,-0.0030132128371764943,0.5042735042735043,18.63274070659927,-0.0447626838442924,-0.037560321260198114,0.4777440500210819,19.141416802289218,-0.050121267116632305,-0.08371862895081046,0.4462368149152136,19.628362338206568,-0.07463878750157563,0.008479503779561541,-0.005499199454435392,0.0034663303035872895,,-0.0001894382604090023,-0.0017533026673920398,-0.008738404084854188,,-0.005480620801133364,0.0033578205736151034
2026-10-02,0.32705790008860136,0.70278707728535,16.6378949505874,0.2920378266559716,0.10348761802015428,0.6532622950203455,17.50865590022526,0.15562203338727962,0.06369122197386086,0.503140610235439,17.836730492596,0.08282275789026675,0.017723836303364056,0.503921310608946,19.005080005855365,-0.0036669414203650934,-0.046606091937332825,0.4638936481483098,19.554958690456587,-0.037284198895794374,,,,,,,,,,
