signal,target,n,spearman,p,hit_rate,p_hit,mean_pos_bps,n_pos,mean_neg_bps,n_neg,p_welch,n_no,rho_no,p_no
ibit_bull_share_1,btc_r1d,301,-0.063,0.2776,0.475,0.418,-14.5,146.0,-4.8,153.0,0.761,,,
ibit_bull_share_1,btc_r5d,295,-0.024,0.6811,0.491,0.815,-60.6,145.0,-38.4,148.0,0.755,59.0,-0.013,0.9233
ibit_bull_share_1,btc_r10d,290,-0.042,0.4752,0.472,0.377,-142.0,143.0,-59.8,145.0,0.434,29.0,0.073,0.7051
ibit_bull_share_1,ibit_r1d,298,-0.073,0.2059,0.48,0.523,-17.7,145.0,-4.6,151.0,0.682,,,
ibit_bull_share_1,ibit_r5d,295,-0.022,0.7124,0.478,0.483,-64.6,145.0,-41.0,148.0,0.742,59.0,-0.034,0.8005
ibit_bull_share_1,ibit_r10d,289,-0.048,0.4203,0.474,0.409,-143.6,143.0,-57.3,144.0,0.415,29.0,-0.182,0.344
ibit_bull_share_3,btc_r1d,308,-0.008,0.8925,0.503,0.955,-13.3,142.0,-3.7,166.0,0.752,,,
ibit_bull_share_3,btc_r5d,302,-0.001,0.9801,0.503,0.954,-56.6,142.0,-41.1,160.0,0.824,61.0,-0.133,0.3069
ibit_bull_share_3,btc_r10d,297,-0.024,0.6822,0.522,0.486,-138.3,137.0,-63.9,160.0,0.466,30.0,-0.278,0.1371
ibit_bull_share_3,ibit_r1d,303,-0.009,0.8791,0.508,0.818,-14.9,139.0,-5.7,164.0,0.768,,,
ibit_bull_share_3,ibit_r5d,299,-0.004,0.9512,0.498,1.0,-62.9,140.0,-44.9,159.0,0.798,60.0,-0.055,0.6791
ibit_bull_share_3,ibit_r10d,294,-0.033,0.5694,0.52,0.521,-145.4,137.0,-62.5,157.0,0.423,30.0,-0.038,0.8436
ibit_bull_share_5,btc_r1d,308,-0.036,0.5274,0.487,0.69,-16.9,141.0,-0.7,167.0,0.598,,,
ibit_bull_share_5,btc_r5d,302,-0.02,0.7316,0.493,0.863,-109.4,141.0,5.0,161.0,0.101,61.0,-0.029,0.8258
ibit_bull_share_5,btc_r10d,297,-0.028,0.6338,0.512,0.728,-173.1,138.0,-33.2,159.0,0.169,30.0,-0.228,0.2265
ibit_bull_share_5,ibit_r1d,303,-0.034,0.5601,0.488,0.73,-17.7,139.0,-3.3,164.0,0.646,,,
ibit_bull_share_5,ibit_r5d,299,-0.023,0.6936,0.492,0.817,-116.3,138.0,0.7,161.0,0.099,60.0,-0.005,0.9704
ibit_bull_share_5,ibit_r10d,294,-0.035,0.5506,0.514,0.683,-176.1,137.0,-35.8,157.0,0.173,30.0,0.03,0.873
ibit_bull_share_10,btc_r1d,308,-0.081,0.154,0.477,0.459,-42.3,130.0,16.8,178.0,0.064,,,
ibit_bull_share_10,btc_r5d,302,-0.042,0.4635,0.497,0.954,-110.4,130.0,-1.6,172.0,0.124,61.0,-0.089,0.4965
ibit_bull_share_10,btc_r10d,297,-0.068,0.2399,0.539,0.202,-161.3,128.0,-50.5,169.0,0.276,30.0,-0.217,0.2496
ibit_bull_share_10,ibit_r1d,303,-0.081,0.1603,0.479,0.491,-43.4,128.0,14.7,175.0,0.073,,,
ibit_bull_share_10,ibit_r5d,299,-0.044,0.4476,0.495,0.908,-114.8,127.0,-7.9,172.0,0.137,60.0,0.006,0.963
ibit_bull_share_10,ibit_r10d,294,-0.072,0.2213,0.537,0.221,-169.0,128.0,-48.8,166.0,0.244,30.0,-0.048,0.8018
ibit_bull_share_20,btc_r1d,308,-0.017,0.7696,0.506,0.864,-13.7,139.0,-3.6,169.0,0.748,,,
ibit_bull_share_20,btc_r5d,302,-0.019,0.739,0.54,0.186,-59.5,139.0,-38.9,163.0,0.767,61.0,0.015,0.9105
ibit_bull_share_20,btc_r10d,297,-0.163,0.0049,0.522,0.486,-157.8,137.0,-47.2,160.0,0.273,30.0,-0.091,0.6308
ibit_bull_share_20,ibit_r1d,303,-0.017,0.773,0.508,0.818,-14.3,137.0,-6.3,166.0,0.802,,,
ibit_bull_share_20,ibit_r5d,299,-0.021,0.7132,0.535,0.247,-64.7,136.0,-43.8,163.0,0.766,60.0,-0.001,0.9939
ibit_bull_share_20,ibit_r10d,294,-0.171,0.0033,0.52,0.521,-164.9,137.0,-45.5,157.0,0.242,30.0,-0.289,0.122
ibit_call_share_1,btc_r1d,301,-0.017,0.773,0.445,0.065,-25.7,230.0,48.0,71.0,0.052,,,
ibit_call_share_1,btc_r5d,295,-0.153,0.0083,0.407,0.002,-119.8,224.0,171.1,71.0,0.001,59.0,-0.08,0.5489
ibit_call_share_1,btc_r10d,290,-0.179,0.0022,0.421,0.008,-209.4,220.0,242.9,70.0,0.001,29.0,-0.33,0.0805
ibit_call_share_1,ibit_r1d,298,-0.012,0.8307,0.456,0.147,-26.0,229.0,44.1,69.0,0.073,,,
ibit_call_share_1,ibit_r5d,295,-0.158,0.0065,0.403,0.001,-124.0,224.0,170.6,71.0,0.001,59.0,-0.142,0.2817
ibit_call_share_1,ibit_r10d,289,-0.175,0.0028,0.419,0.007,-208.0,219.0,238.9,70.0,0.001,29.0,-0.329,0.0815
ibit_call_share_3,btc_r1d,308,-0.078,0.1718,0.455,0.124,-21.5,245.0,44.0,63.0,0.087,,,
ibit_call_share_3,btc_r5d,302,-0.193,0.0007,0.414,0.003,-120.4,239.0,224.8,63.0,0.0,61.0,-0.302,0.0179
ibit_call_share_3,btc_r10d,297,-0.176,0.0024,0.431,0.02,-202.3,234.0,288.4,63.0,0.001,30.0,-0.224,0.234
ibit_call_share_3,ibit_r1d,303,-0.081,0.1594,0.455,0.135,-23.1,241.0,41.4,62.0,0.099,,,
ibit_call_share_3,ibit_r5d,299,-0.194,0.0008,0.401,0.001,-127.5,236.0,224.7,63.0,0.0,60.0,-0.289,0.0254
ibit_call_share_3,ibit_r10d,294,-0.178,0.0022,0.425,0.012,-206.9,231.0,286.7,63.0,0.001,30.0,-0.174,0.3583
ibit_call_share_5,btc_r1d,308,-0.117,0.0397,0.432,0.019,-23.2,262.0,77.6,46.0,0.029,,,
ibit_call_share_5,btc_r5d,302,-0.168,0.0034,0.397,0.0,-116.6,256.0,331.3,46.0,0.0,61.0,-0.148,0.2543
ibit_call_share_5,btc_r10d,297,-0.14,0.0155,0.401,0.001,-205.6,251.0,487.5,46.0,0.0,30.0,-0.173,0.361
ibit_call_share_5,ibit_r1d,303,-0.129,0.0247,0.429,0.016,-25.6,257.0,77.8,46.0,0.027,,,
ibit_call_share_5,ibit_r5d,299,-0.172,0.0029,0.385,0.0,-123.3,253.0,331.8,46.0,0.0,60.0,-0.19,0.145
ibit_call_share_5,ibit_r10d,294,-0.146,0.0124,0.395,0.0,-210.1,248.0,486.1,46.0,0.0,30.0,-0.099,0.6027
ibit_call_share_10,btc_r1d,308,-0.074,0.1953,0.429,0.014,-20.3,265.0,67.0,43.0,0.036,,,
ibit_call_share_10,btc_r5d,302,-0.111,0.0533,0.44,0.044,-96.1,259.0,238.9,43.0,0.005,61.0,-0.117,0.3697
ibit_call_share_10,btc_r10d,297,-0.124,0.0325,0.438,0.037,-161.0,254.0,272.4,43.0,0.037,30.0,-0.045,0.8145
ibit_call_share_10,ibit_r1d,303,-0.088,0.1281,0.426,0.011,-22.6,260.0,66.9,43.0,0.035,,,
ibit_call_share_10,ibit_r5d,299,-0.115,0.0463,0.431,0.021,-102.0,256.0,236.4,43.0,0.005,60.0,-0.158,0.2268
ibit_call_share_10,ibit_r10d,294,-0.127,0.029,0.432,0.023,-164.6,251.0,269.1,43.0,0.037,30.0,-0.156,0.4105
ibit_call_share_20,btc_r1d,308,-0.066,0.249,0.448,0.077,-19.7,269.0,71.8,39.0,0.025,,,
ibit_call_share_20,btc_r5d,302,-0.156,0.0065,0.434,0.025,-103.2,263.0,321.4,39.0,0.0,61.0,-0.148,0.2556
ibit_call_share_20,btc_r10d,297,-0.262,0.0,0.444,0.063,-199.3,258.0,570.2,39.0,0.0,30.0,-0.201,0.286
ibit_call_share_20,ibit_r1d,303,-0.078,0.1753,0.446,0.066,-21.9,264.0,71.6,39.0,0.024,,,
ibit_call_share_20,ibit_r5d,299,-0.159,0.0057,0.418,0.005,-109.4,260.0,320.3,39.0,0.0,60.0,-0.135,0.302
ibit_call_share_20,ibit_r10d,294,-0.265,0.0,0.439,0.041,-203.6,255.0,568.6,39.0,0.0,30.0,-0.295,0.1132
basket_bull_share_1,btc_r1d,305,-0.066,0.2502,0.497,0.954,1.8,143.0,-19.3,161.0,0.499,,,
basket_bull_share_1,btc_r5d,299,-0.016,0.7797,0.51,0.772,-36.2,141.0,-64.3,157.0,0.687,60.0,0.192,0.1426
basket_bull_share_1,btc_r10d,294,-0.033,0.5721,0.488,0.726,-121.3,139.0,-80.5,154.0,0.693,30.0,0.16,0.3985
basket_bull_share_1,ibit_r1d,302,-0.088,0.1276,0.488,0.73,-3.3,140.0,-17.3,161.0,0.658,,,
basket_bull_share_1,ibit_r5d,298,-0.015,0.8019,0.502,1.0,-38.3,141.0,-68.4,156.0,0.668,60.0,0.148,0.2581
basket_bull_share_1,ibit_r10d,293,-0.039,0.5087,0.483,0.598,-122.8,139.0,-78.0,153.0,0.666,30.0,0.199,0.2915
basket_bull_share_3,btc_r1d,308,0.006,0.922,0.497,0.955,-17.8,142.0,0.2,166.0,0.556,,,
basket_bull_share_3,btc_r5d,302,-0.016,0.7852,0.513,0.687,-60.0,141.0,-38.2,161.0,0.756,61.0,-0.08,0.5378
basket_bull_share_3,btc_r10d,297,-0.04,0.4881,0.515,0.643,-119.1,137.0,-80.4,160.0,0.706,30.0,-0.261,0.1637
basket_bull_share_3,ibit_r1d,303,-0.009,0.8762,0.495,0.909,-21.9,137.0,0.0,166.0,0.483,,,
basket_bull_share_3,ibit_r5d,299,-0.025,0.668,0.498,1.0,-69.2,138.0,-39.7,161.0,0.677,60.0,-0.076,0.5657
basket_bull_share_3,ibit_r10d,294,-0.056,0.3429,0.51,0.771,-130.9,136.0,-75.5,158.0,0.593,30.0,-0.081,0.6697
basket_bull_share_5,btc_r1d,308,-0.034,0.5546,0.49,0.776,-9.8,136.0,-6.8,172.0,0.92,,,
basket_bull_share_5,btc_r5d,302,-0.008,0.894,0.51,0.774,-78.5,136.0,-23.7,166.0,0.431,61.0,0.014,0.9127
basket_bull_share_5,btc_r10d,297,-0.045,0.4375,0.532,0.296,-137.9,134.0,-65.6,163.0,0.475,30.0,-0.276,0.1404
basket_bull_share_5,ibit_r1d,303,-0.044,0.4409,0.492,0.818,-13.0,132.0,-7.5,171.0,0.858,,,
basket_bull_share_5,ibit_r5d,299,-0.015,0.793,0.505,0.908,-87.3,132.0,-26.5,167.0,0.39,60.0,0.027,0.8387
basket_bull_share_5,ibit_r10d,294,-0.059,0.3164,0.531,0.321,-146.5,132.0,-64.2,162.0,0.421,30.0,-0.009,0.9618
basket_bull_share_10,btc_r1d,308,-0.036,0.533,0.49,0.776,-47.0,142.0,25.1,166.0,0.02,,,
basket_bull_share_10,btc_r5d,302,0.004,0.9473,0.517,0.605,-91.8,142.0,-9.8,160.0,0.238,61.0,-0.048,0.716
basket_bull_share_10,btc_r10d,297,-0.057,0.3246,0.529,0.353,-179.2,141.0,-25.0,156.0,0.129,30.0,-0.196,0.2993
basket_bull_share_10,ibit_r1d,303,-0.044,0.4452,0.485,0.646,-50.7,138.0,24.2,165.0,0.018,,,
basket_bull_share_10,ibit_r5d,299,0.0,0.9972,0.505,0.908,-100.3,138.0,-13.0,161.0,0.216,60.0,0.037,0.7776
basket_bull_share_10,ibit_r10d,294,-0.066,0.2579,0.52,0.521,-189.9,139.0,-21.6,155.0,0.102,30.0,-0.049,0.7964
basket_bull_share_20,btc_r1d,308,-0.028,0.6198,0.526,0.393,-11.6,141.0,-5.2,167.0,0.84,,,
basket_bull_share_20,btc_r5d,302,-0.035,0.5465,0.566,0.025,-58.2,141.0,-39.8,161.0,0.792,61.0,-0.019,0.8849
basket_bull_share_20,btc_r10d,297,-0.143,0.0138,0.535,0.246,-217.9,139.0,7.1,158.0,0.028,30.0,-0.173,0.361
basket_bull_share_20,ibit_r1d,303,-0.034,0.5521,0.521,0.491,-14.2,137.0,-6.3,166.0,0.805,,,
basket_bull_share_20,ibit_r5d,299,-0.041,0.4805,0.555,0.064,-66.3,138.0,-42.2,161.0,0.732,60.0,0.014,0.9184
basket_bull_share_20,ibit_r10d,294,-0.16,0.006,0.52,0.521,-233.6,139.0,17.7,155.0,0.015,30.0,-0.26,0.1659
ibit_log_premium_1,|btc_r1d|,308,0.099,0.0841,,,,,,,,,,
ibit_log_premium_1,|btc_r5d|,302,0.057,0.3211,,,,,,,,61.0,0.088,0.5009
ibit_log_premium_1,|btc_r10d|,297,0.106,0.068,,,,,,,,30.0,-0.041,0.829
ibit_log_premium_1,|ibit_r1d|,303,0.083,0.1481,,,,,,,,,,
ibit_log_premium_1,|ibit_r5d|,299,0.044,0.4437,,,,,,,,60.0,-0.038,0.776
ibit_log_premium_1,|ibit_r10d|,294,0.101,0.0853,,,,,,,,30.0,0.321,0.0837
ibit_log_premium_3,|btc_r1d|,308,0.07,0.2195,,,,,,,,,,
ibit_log_premium_3,|btc_r5d|,302,0.066,0.2509,,,,,,,,61.0,0.099,0.4456
ibit_log_premium_3,|btc_r10d|,297,0.138,0.0172,,,,,,,,30.0,0.336,0.0697
ibit_log_premium_3,|ibit_r1d|,303,0.065,0.2573,,,,,,,,,,
ibit_log_premium_3,|ibit_r5d|,299,0.066,0.2562,,,,,,,,60.0,-0.093,0.4809
ibit_log_premium_3,|ibit_r10d|,294,0.134,0.0211,,,,,,,,30.0,0.378,0.0395
ibit_log_premium_5,|btc_r1d|,308,0.093,0.1046,,,,,,,,,,
ibit_log_premium_5,|btc_r5d|,302,0.053,0.3543,,,,,,,,61.0,0.076,0.5624
ibit_log_premium_5,|btc_r10d|,297,0.133,0.0215,,,,,,,,30.0,0.25,0.183
ibit_log_premium_5,|ibit_r1d|,303,0.08,0.1641,,,,,,,,,,
ibit_log_premium_5,|ibit_r5d|,299,0.043,0.458,,,,,,,,60.0,-0.154,0.2391
ibit_log_premium_5,|ibit_r10d|,294,0.131,0.0246,,,,,,,,30.0,0.362,0.0494
ibit_log_premium_10,|btc_r1d|,308,0.081,0.1564,,,,,,,,,,
ibit_log_premium_10,|btc_r5d|,302,0.051,0.3792,,,,,,,,61.0,0.126,0.3313
ibit_log_premium_10,|btc_r10d|,297,0.061,0.2919,,,,,,,,30.0,0.115,0.545
ibit_log_premium_10,|ibit_r1d|,303,0.059,0.3031,,,,,,,,,,
ibit_log_premium_10,|ibit_r5d|,299,0.041,0.4782,,,,,,,,60.0,-0.133,0.3119
ibit_log_premium_10,|ibit_r10d|,294,0.059,0.3173,,,,,,,,30.0,0.337,0.0689
ibit_log_premium_20,|btc_r1d|,308,0.061,0.2832,,,,,,,,,,
ibit_log_premium_20,|btc_r5d|,302,0.003,0.961,,,,,,,,61.0,0.037,0.7754
ibit_log_premium_20,|btc_r10d|,297,0.034,0.5653,,,,,,,,30.0,0.162,0.3919
ibit_log_premium_20,|ibit_r1d|,303,0.059,0.3038,,,,,,,,,,
ibit_log_premium_20,|ibit_r5d|,299,-0.003,0.9625,,,,,,,,60.0,-0.082,0.5341
ibit_log_premium_20,|ibit_r10d|,294,0.034,0.5565,,,,,,,,30.0,0.336,0.0693
