signal,target,n,spearman,p_spearman,hit_rate,n_signed,p_hit,mean_if_pos_bps,n_pos,mean_if_neg_bps,n_neg,welch_t,p_welch
ibit_bull_share,btc_r24,60,0.105,0.423,0.559,59,0.435,16.3,26,-25.8,33,1.25,0.219
ibit_bull_share,btc_r48,60,-0.059,0.655,0.475,59,0.795,-3.0,26,7.8,33,-0.23,0.815
ibit_bull_share,btc_rMon,60,-0.195,0.135,0.475,59,0.795,-14.7,26,63.4,33,-1.22,0.227
ibit_bull_share,eth_r24,60,0.135,0.302,0.559,59,0.435,31.6,26,-54.2,33,1.6,0.116
ibit_bull_share,eth_r48,60,-0.104,0.431,0.458,59,0.603,35.4,26,20.9,33,0.2,0.844
ibit_bull_share,eth_rMon,60,-0.238,0.067,0.441,59,0.435,9.7,26,95.7,33,-0.89,0.375
ibit_bull_share,ibit_gap,59,-0.199,0.13,0.414,58,0.237,-17.4,26,55.3,32,-1.12,0.266
ibit_net_directional_share,btc_r24,60,0.105,0.423,0.559,59,0.435,16.3,26,-25.8,33,1.25,0.219
ibit_net_directional_share,btc_r48,60,-0.059,0.655,0.475,59,0.795,-3.0,26,7.8,33,-0.23,0.815
ibit_net_directional_share,btc_rMon,60,-0.195,0.135,0.475,59,0.795,-14.7,26,63.4,33,-1.22,0.227
ibit_net_directional_share,eth_r24,60,0.135,0.302,0.559,59,0.435,31.6,26,-54.2,33,1.6,0.116
ibit_net_directional_share,eth_r48,60,-0.104,0.431,0.458,59,0.603,35.4,26,20.9,33,0.2,0.844
ibit_net_directional_share,eth_rMon,60,-0.238,0.067,0.441,59,0.435,9.7,26,95.7,33,-0.89,0.375
ibit_net_directional_share,ibit_gap,59,-0.199,0.13,0.414,58,0.237,-17.4,26,55.3,32,-1.12,0.266
ibit_direction_sign,btc_r24,40,0.156,0.338,0.6,40,0.268,32.0,17,-40.7,23,1.66,0.108
ibit_direction_sign,btc_r48,40,0.046,0.778,0.5,40,1.0,37.3,17,-18.8,23,1.07,0.295
ibit_direction_sign,btc_rMon,40,-0.107,0.51,0.45,40,0.636,11.9,17,58.2,23,-0.66,0.51
ibit_direction_sign,eth_r24,40,0.204,0.207,0.575,40,0.43,54.4,17,-72.4,23,1.85,0.075
ibit_direction_sign,eth_r48,40,-0.037,0.82,0.45,40,0.636,83.9,17,14.3,23,0.74,0.466
ibit_direction_sign,eth_rMon,40,-0.164,0.311,0.425,40,0.43,70.8,17,126.3,23,-0.49,0.629
ibit_direction_sign,ibit_gap,39,-0.101,0.54,0.41,39,0.337,8.7,17,50.6,22,-0.58,0.564
ibit_agg_call_share,btc_r24,60,-0.097,0.459,0.45,60,0.519,-17.9,48,36.6,12,-2.26,0.027
ibit_agg_call_share,btc_r48,60,-0.096,0.467,0.5,60,1.0,-11.8,48,77.7,12,-2.28,0.028
ibit_agg_call_share,btc_rMon,60,-0.031,0.813,0.5,60,1.0,15.7,48,101.4,12,-1.16,0.261
ibit_agg_call_share,eth_r24,60,-0.038,0.772,0.517,60,0.897,-21.1,48,44.2,12,-1.18,0.249
ibit_agg_call_share,eth_r48,60,-0.068,0.608,0.45,60,0.519,12.7,48,122.3,12,-1.54,0.133
ibit_agg_call_share,eth_rMon,60,-0.005,0.968,0.533,60,0.699,49.1,48,113.0,12,-0.67,0.508
ibit_agg_call_share,ibit_gap,59,0.022,0.87,0.525,59,0.795,13.9,48,82.7,11,-0.86,0.402
ibit_agg_sentiment_sign,btc_r24,59,0.114,0.389,0.559,59,0.435,16.3,26,-25.8,33,1.25,0.219
ibit_agg_sentiment_sign,btc_r48,59,-0.074,0.577,0.475,59,0.795,-3.0,26,7.8,33,-0.23,0.815
ibit_agg_sentiment_sign,btc_rMon,59,-0.152,0.249,0.475,59,0.795,-14.7,26,63.4,33,-1.22,0.227
ibit_agg_sentiment_sign,eth_r24,59,0.128,0.333,0.559,59,0.435,31.6,26,-54.2,33,1.6,0.116
ibit_agg_sentiment_sign,eth_r48,59,-0.08,0.546,0.458,59,0.603,35.4,26,20.9,33,0.2,0.844
ibit_agg_sentiment_sign,eth_rMon,59,-0.176,0.181,0.441,59,0.435,9.7,26,95.7,33,-0.89,0.375
ibit_agg_sentiment_sign,ibit_gap,58,-0.147,0.271,0.414,58,0.237,-17.4,26,55.3,32,-1.12,0.266
ibit_largest_print_sign,btc_r24,51,0.249,0.078,0.627,51,0.092,34.6,21,-42.9,30,2.2,0.034
ibit_largest_print_sign,btc_r48,51,-0.114,0.427,0.471,51,0.78,5.4,21,1.7,30,0.08,0.937
ibit_largest_print_sign,btc_rMon,51,-0.07,0.624,0.49,51,1.0,-4.0,21,24.0,30,-0.42,0.673
ibit_largest_print_sign,eth_r24,51,0.263,0.063,0.608,51,0.161,57.8,21,-75.0,30,2.37,0.023
ibit_largest_print_sign,eth_r48,51,-0.041,0.777,0.451,51,0.576,62.6,21,12.6,30,0.66,0.515
ibit_largest_print_sign,eth_rMon,51,-0.03,0.836,0.51,51,1.0,64.7,21,36.2,30,0.27,0.787
ibit_largest_print_sign,ibit_gap,50,-0.055,0.706,0.44,50,0.48,-3.4,21,14.6,29,-0.27,0.79
basket_bull_share,btc_r24,60,0.044,0.737,0.6,60,0.155,15.8,29,-28.4,31,1.27,0.212
basket_bull_share,btc_r48,60,-0.011,0.937,0.517,60,0.897,8.8,29,3.6,31,0.11,0.913
basket_bull_share,btc_rMon,60,-0.086,0.514,0.55,60,0.519,45.8,29,20.7,31,0.39,0.697
basket_bull_share,eth_r24,60,0.067,0.612,0.533,60,0.699,39.2,29,-52.2,31,1.59,0.118
basket_bull_share,eth_r48,60,-0.051,0.698,0.467,60,0.699,53.2,29,17.2,31,0.47,0.638
basket_bull_share,eth_rMon,60,-0.143,0.277,0.517,60,0.897,86.5,29,38.7,31,0.5,0.622
basket_bull_share,ibit_gap,59,-0.109,0.411,0.475,59,0.795,40.4,28,14.3,31,0.4,0.688
basket_plus_bull_share,btc_r24,60,-0.016,0.903,0.583,60,0.245,9.8,30,-23.8,30,0.94,0.354
basket_plus_bull_share,btc_r48,60,-0.044,0.739,0.533,60,0.699,11.9,30,0.3,30,0.25,0.806
basket_plus_bull_share,btc_rMon,60,-0.119,0.364,0.533,60,0.699,42.4,30,23.2,30,0.3,0.766
basket_plus_bull_share,eth_r24,60,-0.0,0.998,0.517,60,0.897,16.7,30,-32.7,30,0.84,0.407
basket_plus_bull_share,eth_r48,60,-0.159,0.226,0.417,60,0.245,38.3,30,30.9,30,0.1,0.924
basket_plus_bull_share,eth_rMon,60,-0.156,0.234,0.5,60,1.0,73.4,30,50.3,30,0.24,0.813
basket_plus_bull_share,ibit_gap,59,-0.139,0.295,0.492,59,1.0,36.0,29,17.7,30,0.28,0.779
week_ibit_bull_share,btc_r24,60,0.172,0.188,0.533,60,0.699,-11.6,23,-4.2,37,-0.18,0.858
week_ibit_bull_share,btc_r48,60,-0.047,0.721,0.383,60,0.092,-32.0,23,29.8,37,-1.18,0.245
week_ibit_bull_share,btc_rMon,60,-0.14,0.286,0.383,60,0.092,-30.6,23,72.3,37,-1.63,0.11
week_ibit_bull_share,eth_r24,60,0.118,0.369,0.433,60,0.366,-15.4,23,-3.4,37,-0.17,0.865
week_ibit_bull_share,eth_r48,60,-0.113,0.391,0.4,60,0.155,-44.4,23,83.7,37,-1.42,0.167
week_ibit_bull_share,eth_rMon,60,-0.141,0.281,0.383,60,0.092,-51.3,23,132.2,37,-1.8,0.079
week_ibit_bull_share,ibit_gap,59,-0.12,0.365,0.39,59,0.117,-32.9,23,64.8,36,-1.51,0.136
etha_bull_share,btc_r24,52,-0.207,0.141,0.392,51,0.161,-23.8,21,-0.6,30,-0.57,0.569
etha_bull_share,btc_r48,52,0.076,0.594,0.51,51,1.0,20.9,21,-18.7,30,0.82,0.417
etha_bull_share,btc_rMon,52,0.217,0.123,0.569,51,0.401,76.6,21,-16.3,30,1.32,0.192
etha_bull_share,eth_r24,52,-0.221,0.116,0.373,51,0.092,-16.6,21,-2.6,30,-0.21,0.831
etha_bull_share,eth_r48,52,0.042,0.765,0.529,51,0.78,91.0,21,-20.0,30,1.41,0.166
etha_bull_share,eth_rMon,52,0.183,0.195,0.549,51,0.576,128.8,21,-1.5,30,1.27,0.212
etha_bull_share,ibit_gap,51,0.23,0.104,0.54,50,0.672,75.5,21,-28.6,29,1.46,0.151
btc_fri_ret_sign,btc_r24,59,-0.143,0.28,0.407,59,0.193,-9.6,25,-7.3,34,-0.07,0.946
btc_fri_ret_sign,btc_r48,59,-0.177,0.179,0.39,59,0.117,-15.5,25,22.0,34,-0.8,0.425
btc_fri_ret_sign,btc_rMon,59,-0.042,0.75,0.475,59,0.795,21.3,25,47.5,34,-0.39,0.699
btc_fri_ret_sign,eth_r24,59,-0.133,0.316,0.373,59,0.067,-5.3,25,-11.7,34,0.11,0.91
btc_fri_ret_sign,eth_r48,59,-0.27,0.039,0.39,59,0.117,-22.1,25,79.8,34,-1.39,0.171
btc_fri_ret_sign,eth_rMon,59,-0.236,0.072,0.373,59,0.067,-4.2,25,116.4,34,-1.25,0.217
btc_fri_ret_sign,ibit_gap,58,-0.051,0.704,0.448,58,0.512,15.3,25,43.6,33,-0.42,0.675
ibit_fri_ret_sign,btc_r24,59,-0.092,0.489,0.441,59,0.435,-4.0,27,-9.8,32,0.17,0.868
ibit_fri_ret_sign,btc_r48,59,-0.23,0.08,0.373,59,0.067,-16.1,27,25.3,32,-0.89,0.379
ibit_fri_ret_sign,btc_rMon,59,-0.118,0.374,0.441,59,0.435,4.3,27,58.7,32,-0.83,0.413
ibit_fri_ret_sign,eth_r24,59,-0.132,0.32,0.39,59,0.117,-1.8,27,-13.3,32,0.2,0.842
ibit_fri_ret_sign,eth_r48,59,-0.33,0.011,0.356,59,0.036,-28.9,27,89.4,32,-1.59,0.118
ibit_fri_ret_sign,eth_rMon,59,-0.296,0.023,0.339,59,0.018,-18.3,27,131.9,32,-1.57,0.123
ibit_fri_ret_sign,ibit_gap,58,-0.131,0.327,0.431,58,0.358,-4.3,27,54.4,31,-0.88,0.38
