friday,ibit_rows,ibit_premium,ibit_bull_share,ibit_net_directional_share,ibit_direction_sign,ibit_agg_call_share,ibit_agg_sentiment_sign,ibit_largest_print_sign,basket_bull_share,basket_plus_bull_share,week_ibit_bull_share,etha_bull_share,btc_fri_ret,ibit_fri_ret,btc_r24,btc_r48,btc_rMon,eth_r24,eth_r48,eth_rMon,ibit_gap,btc_fri_ret_sign,ibit_fri_ret_sign
2025-07-11,13,4358000.0,0.2921294171638366,0.2921294171638366,1,0.6173378618793466,1.0,-1,0.2921294171638366,0.2913695434855048,-0.07603578348517953,,0.03999507952055489,0.041156822180147566,-0.0056878332597333275,0.008075149605713308,0.03258025657717238,-0.021991290874226792,-0.0055858084505723375,0.014719277125479125,0.02874519663061887,1.0,1.0
2025-07-18,4,1367100.0,0.19040304293760515,0.19040304293760515,1,0.8885741265344664,1.0,1,0.2578785034196057,0.2578785034196057,0.1362809342780646,1.0,-0.013773902154001509,-0.014442296734203742,0.004751577557979187,0.006128509020664816,0.005771516158552139,0.006837202376995535,0.05301456118924264,0.0697857470598181,0.007916988099280974,-1.0,-1.0
2025-07-25,3,429500.0,0.41373690337601865,0.41373690337601865,1,1.0,1.0,1,0.020675743822491176,-0.1603401783862269,0.6677241962774958,-1.0,-0.018839649722720148,-0.01940069803031868,0.012453773580447679,0.019121776824176866,0.017915183046369163,0.029725158775402362,0.04952373971046498,0.05923535797940259,0.015624733820783719,-1.0,-1.0
2025-08-01,4,2525600.0,-0.06073804244535952,-0.06073804244535952,0,1.0,-1.0,-1,-0.06073804244535952,0.4721806288911656,-0.23764425489212243,,-0.03020843457181844,-0.03217682216567153,-0.010474462530334355,0.008915143909089266,0.009754689973099596,-0.03908219022991148,-0.005798153623472972,0.015317374778655034,0.008867450285320943,-1.0,-1.0
2025-08-08,1,190500.0,0.0,0.0,0,-1.0,,0,0.6183547493071303,0.6183547493071303,0.26593041131992595,0.702669816047527,-0.008031072383568863,-0.010529579836407767,0.0006973060277043765,0.018890986669808756,0.026059615367691864,0.04843096290623035,0.0467895717778601,0.030021414623061803,0.026118938679454633,-1.0,-1.0
2025-08-15,3,522100.0,0.43382493775138864,0.43382493775138864,1,1.0,1.0,1,0.015463917525773196,0.015463917525773196,0.10958247977244927,-1.0,-0.0069808045689232715,-0.00884099562477221,0.0053825208547402,0.005338588790248192,-0.0137390454477034,0.009214031721308823,0.017022709851078375,-0.009638572520666307,-0.010895991576026788,-1.0,-1.0
2025-08-22,5,1302900.0,0.14859160334638116,0.14859160334638116,0,1.0,1.0,1,0.32987395125054675,0.7153762360352296,-0.23434284569576222,0.5247524752475248,0.03951399362325229,0.039407900483057104,-0.013433741754929488,-0.036431666448456405,-0.04442695268669305,-0.016628352017031518,-0.004248337346934005,-0.0405484339061412,-0.04318327070593489,1.0,1.0
2025-08-29,5,2250400.0,-0.36935655883398505,-0.36935655883398505,-1,-0.043478260869565216,-1.0,-1,0.6147049103337914,0.39614383901580663,-0.1281031278025221,-0.5907053550365652,-0.03413784063480624,-0.03423786664323991,0.005763295928489532,0.007295660629277011,0.008842528381786233,0.0029550129156260038,0.025781456092143253,0.012625519119506195,,-1.0,-1.0
2025-09-05,5,1533200.0,-0.7612835898773807,-0.7612835898773807,-1,1.0,-1.0,-1,-0.30277884986491704,-0.5138589881593111,-0.540530679933665,1.0,0.016028180393241734,0.017015596984155824,-0.013878449129298259,-0.003167092821725523,0.0038013496619961804,-0.016049210152333748,-0.007552386629382606,-0.0017366454972041106,0.005346765371758329,1.0,1.0
2025-09-12,2,564200.0,-0.051045728465083304,-0.051045728465083304,0,1.0,-1.0,-1,-0.051045728465083304,-0.051045728465083304,-0.23016957325403842,,0.019273087926710706,0.020547104410767965,-0.006915845012626602,-0.008464479893318881,-0.01650104463529049,-0.003583666889297288,-0.008616414048948091,-0.03203814903429323,-0.015485355740081036,1.0,1.0
2025-09-19,4,7192400.0,-0.09838162504866248,-0.09838162504866248,0,1.0,-1.0,-1,-0.09838162504866248,-0.09838162504866248,-0.08187446528614666,,-0.020204689042935087,-0.02089085965572067,0.005435515547944578,0.003421564190951302,-0.02040644006682667,0.00965129694979217,0.01140650394791911,-0.05786094983026333,-0.01844971086743424,-1.0,-1.0
2025-09-26,3,1862600.0,-0.734242456780844,-0.734242456780844,-1,1.0,-1.0,-1,-0.4540908093880237,-0.4540908093880237,0.47637310920431336,0.7975533701127369,-0.0015006182565770816,-0.002579814394376446,0.0023125709878602414,0.010445968585026057,0.025905416387261477,-0.006224574780729185,0.003030483250217312,0.017522672033857437,0.028332310496791004,-1.0,-1.0
2025-10-03,2,454500.0,1.0,1.0,1,0.111991199119912,1.0,1,1.0,1.0,0.3618214185838716,1.0,0.014982716253765894,0.015009662650565449,-0.005779064075168197,-0.0012696231895932479,0.014738145545000428,-0.010631890982689707,-0.007984711927884833,0.01430584567808872,0.017043446211692303,1.0,1.0
2025-10-10,10,3130900.0,-0.5602861796927401,-0.5602861796927401,-1,0.9138755980861244,-1.0,-1,-0.32216680255143637,-0.32216680255143637,-0.153806696746616,0.3951698258443183,-0.03675535767197365,-0.03765080847872522,-0.046979532309355386,-0.01829953948105744,-0.019069192574906992,-0.06094055510585257,0.03554390953754615,0.025342607050327277,-0.01890876708954015,-1.0,-1.0
2025-10-17,2,782600.0,-1.0,-1.0,-1,1.0,-1.0,-1,-1.0,-0.34467353951890034,-0.040505716994457985,,-0.016641797280300727,-0.015750940890714573,0.0071569066805418245,0.023892644289543803,0.04056413475699121,0.01699669688726575,0.039573134031231215,0.05271032421032197,0.039080773835829696,-1.0,-1.0
2025-10-24,2,1948600.0,-1.0,-1.0,-1,1.0,-1.0,-1,-1.0,-0.3925534195669263,-0.7217907402684719,,0.0034151338939716687,0.00430657017779987,0.009334048738118595,0.026499408479906048,0.039335564185389436,0.007691775105118569,0.034800093863196595,0.05343686508812114,0.039707255970231364,1.0,1.0
2025-10-31,4,1559100.0,0.8254120967224681,0.8254120967224681,1,0.6362492133417244,1.0,1,0.7497302070048072,0.6913851830826001,0.1580802279852754,0.5036496350364964,0.029960769463559474,0.03097232085263819,0.0048301260447903265,0.004532473484993374,-0.016848150982172884,-0.0002924713001995638,-0.007018001577862359,-0.04283828137660889,-0.0208416902096046,1.0,1.0
2025-11-07,20,7126999.0,-0.16506260208539386,-0.16506260208539386,-1,0.7465280712132736,-1.0,-1,-0.20846540323836804,-0.22538109831884018,-0.04357093142540943,-1.0,0.028090028951478885,0.02789917475065188,-0.016239361130811102,0.00841822844184117,0.026387077296720345,-0.0213897861996702,0.03173818402487148,0.04155927006104838,0.023814045427079916,1.0,1.0
2025-11-14,15,6232400.0,0.5070598806238368,0.5070598806238368,1,0.6129032258064516,1.0,1,0.36320890371563325,0.4126385177030764,0.1696778953316799,0.0,-0.03930788202126927,-0.03878907399690879,0.0093238960228629,-0.002643983457963073,-0.004844502351290386,0.01268378826772487,-0.014943787134029262,-0.005407907553329591,-0.001684447338203669,-1.0,-1.0
2025-11-21,33,5956700.0,-0.07339634361307436,-0.07339634361307436,0,0.4576271186440678,-1.0,-1,-0.11294677589126356,-0.08181188216826236,-0.2253604340508668,-0.5065152021383228,-0.021774665055925315,-0.020427822690098126,-0.0006601193723650952,0.03480156769303836,0.019055748159914638,0.0012700776688250007,0.03207813073225558,0.02727109204412384,0.015616429879651941,-1.0,-1.0
2025-11-28,6,2817000.0,-0.41214057507987223,-0.41214057507987223,-1,1.0,-1.0,1,-0.41214057507987223,-0.44270570418980315,0.2613795409787334,,,,,,,,,,-0.051957152448443324,,
2025-12-05,12,17204900.0,-0.00012205825084714239,-0.00012205825084714239,0,-0.8372093023255814,-1.0,0,-0.0042313280350083065,0.05968077723802915,-0.019602107110762216,-1.0,-0.035433726170305505,-0.035274975165509925,0.003152943694196167,0.024191542955397754,0.024153876688937814,0.0049261102141431225,0.037256519403446695,0.03824982047290258,0.022336944290817378,-1.0,-1.0
2025-12-12,4,987300.0,0.5332725615314494,0.5332725615314494,1,0.35217259191735034,1.0,1,0.5332725615314494,0.5332725615314494,0.05748659072401503,,-0.01723569248556739,-0.017425416713859058,-0.001258187523877988,-0.01854178143681342,-0.009057801382293283,0.007482757772310164,-0.0005321582401814105,0.015520002347321538,-0.00941922191649164,-1.0,-1.0
2025-12-19,8,2263300.0,0.26434851765121725,0.26434851765121725,1,0.8526687251874724,1.0,1,0.21858365626197676,0.21858365626197676,0.16110173411150194,-1.0,0.040050233005160495,0.039854053322204264,0.0026867467205246584,0.0023597030452149116,0.021168950163951854,-0.002124686926152019,-0.0014215361572525278,0.02145552242679564,0.021800308453317305,1.0,1.0
2025-12-26,12,5905800.0,-0.01261471773510786,-0.01261471773510786,0,0.8502943650126157,-1.0,-1,-0.28741452024113034,-0.2446643093260847,0.18683737817695395,-0.8676081200353045,-0.003726137406705675,,9.387130913173034e-05,-0.000705665214801213,-0.002551644093695879,-0.00047284835678561033,-0.00023929819177798386,-0.0014380161274624595,0.00040306328639203005,-1.0,
2026-01-02,11,2344800.0,0.02661207778915046,0.02661207778915046,0,-0.43049478290138,1.0,0,0.2694656265521372,0.19116155385585437,0.003105665413077763,0.8930314674421019,0.02457948309088083,0.025650079060129335,0.006942262411977712,0.017497227157485768,0.03289317798278476,-0.0019116194646145274,0.006613377074461767,0.011410092724843234,0.03225774619140485,1.0,1.0
2026-01-09,9,1389700.0,0.003957688709793481,0.003957688709793481,0,-0.04482981938547888,1.0,1,0.06308379585758765,-0.5000477478911348,0.06176633632553028,1.0,-0.007743536520103011,-0.007012105085456345,0.003311281330952518,0.004164228498920343,0.003713454330440114,0.004615366565463533,0.01263275114454604,0.01091825635959575,-0.00039100684760134437,-1.0,-1.0
2026-01-16,12,2193800.0,0.11883489834989516,0.11883489834989516,0,0.4304233159000492,1.0,-1,-0.041248388734815046,-0.27864172314548324,-0.17925760681699426,-1.0,0.003126284350861749,0.004434597067865775,-0.0018357494854771045,-0.0024886664556939184,-0.050108605664559554,0.007529681342171264,0.013926483410398347,-0.06702340355494564,-0.05106043840792124,1.0,1.0
2026-01-23,5,508000.0,-0.4015748031496063,-0.4015748031496063,-1,0.0531496062992126,-1.0,-1,-0.37433095450490633,-0.22448398576512454,-0.010559373221867204,-0.3387345679012346,0.0010223847027205288,0.0005918911093191449,-0.0017461242935898976,-0.03223347123831907,-0.01699575190586734,0.005790490687505451,-0.04503830818799576,-0.00888537916479837,-0.020222833913810776,1.0,1.0
2026-01-30,11,2664900.0,-0.21603062028593945,-0.21603062028593945,-1,0.8856539447880525,-1.0,-1,-0.20379634071129993,-0.18035320335509591,0.09458947860197991,-0.18476357267950963,-0.0033798729886022967,-0.0023135986763438404,-0.07265260881546426,-0.08370661122342908,-0.0692965422790159,-0.11834008241718896,-0.1451663721881341,-0.14002885652490835,-0.07066379110709195,-1.0,-1.0
2026-02-06,49,10421899.0,0.29585788540073166,0.29585788540073166,1,0.7692307692307693,1.0,1,0.3556599984154117,0.3607279971894597,-0.018057745259423646,0.5659273442901973,0.09488711810953643,0.09455441707783667,-0.004949873565584741,0.012080429535308882,-0.020268928509917874,0.024407613303434102,0.02372285085621064,-0.015572782188441353,-0.014213437250055501,1.0,1.0
2026-02-13,47,4994000.0,-0.04889867841409692,-0.04889867841409692,0,0.7587337117275562,-1.0,-1,-0.0388743407221628,-0.025489524689244394,0.06110705703542229,-1.0,0.050275983293000134,0.050523767608521924,0.017925189101084354,-0.004712898178572127,-0.009605834998622009,0.02206865668754522,-0.04740172121821445,-0.026803322920455373,-0.010965729439392263,1.0,1.0
2026-02-20,7,463600.0,0.7540983606557377,0.7540983606557377,1,-0.3989212513484358,1.0,1,0.657562168772931,0.7096596810655588,0.24101661034696112,-1.0,-0.02250263062592656,0.009151586946004656,0.0066795150342116505,-0.005345644230740884,-0.02405474474468082,0.0033420288883175644,-0.014250805279910454,-0.0246074211644878,-0.02517099352413654,-1.0,1.0
2026-02-27,11,1524200.0,-0.33643878756068757,-0.33643878756068757,-1,1.0,-1.0,1,-0.4580430821991212,-0.4580430821991212,-0.05510020716733258,-1.0,-0.02722768383290176,-0.028365056075128115,0.021107327305826422,-0.004584181622216242,-0.002637261048995579,0.02318424810641575,-0.003220226171274784,0.001997944508045874,0.0,-1.0,-1.0
2026-03-06,5,619800.0,-0.8230074217489513,-0.8230074217489513,-1,0.6460148434979025,-1.0,-1,-0.8205683635050802,-0.25057571733539524,-0.12884421786109712,-0.8194223334091426,-0.04499477938917378,-0.04532995310453625,-0.01065429201063451,-0.012832470156974597,0.0007407011165149387,-0.006036261876624406,-0.010070911836481063,0.011415484851589915,0.010052926523720862,-1.0,-1.0
2026-03-13,12,1584900.0,-0.5242602056912108,-0.5242602056912108,-1,0.7963687688458331,-1.0,-1,0.05510399234998805,0.20878790911820638,-0.21526773779972175,0.5763837638376383,0.013570500419860767,0.010458262652565685,-0.006727507279931327,0.0047087109836425394,0.03688672724911422,-0.01181871088119684,0.004924525772394071,0.08039595784822207,0.037676105147937344,1.0,1.0
2026-03-20,4,774300.0,-0.37479013302337594,-0.37479013302337594,-1,1.0,-1.0,0,-0.5372777671573313,-0.31698329511955453,-0.1147418680990749,-1.0,-0.0016732690651703375,-0.0012564394164509358,0.0032716084331272325,-0.028205770992067954,0.008346820404492743,0.009306272970130173,-0.033415215269345336,0.005201669779012594,0.009135912363940854,-1.0,-1.0
2026-03-27,14,1463799.0,-0.23650719805109854,-0.23650719805109854,-1,0.9345032472018793,-1.0,0,-0.18778228040224978,-0.38617459021719114,-0.09273028653493558,0.6694711538461539,-0.03687900278138466,-0.03726487332037795,0.012700985835737241,0.0044576810588585454,0.027646977704806463,0.01443150255159445,0.001937947175997216,0.04089954437872529,0.02768799153116695,-1.0,-1.0
2026-04-10,17,3419700.0,0.09465742609000789,0.09465742609000789,0,0.46985330863979774,1.0,-1,0.07035048764720762,0.12328040925597053,0.43448796364722714,-0.5311143270622286,0.016196292207514885,0.01576363428971969,0.005550415037230482,-0.03004610849266046,-0.03060998683306408,0.02792297508624773,-0.024144609454769077,-0.026740625267144217,-0.029546771515068817,1.0,1.0
2026-04-17,41,9242600.0,0.04794105554714041,0.04794105554714041,0,0.8824853133688914,1.0,0,0.04213829338695554,0.01399874983601244,0.11102864016789947,-0.009343290579685878,0.02731783799138739,0.027923817300530625,-0.023000494293363708,-0.032218677272941684,-0.027802357725715543,-0.0335969574259362,-0.05495295928013832,-0.04675122532718294,-0.02979779301877604,1.0,1.0
2026-04-24,6,495700.0,-0.5243090578979221,-0.5243090578979221,-1,-0.04700423643332661,-1.0,-1,-0.283420365535248,-0.283420365535248,0.4126120217200734,0.15834258231594525,-0.0012554261407927002,-0.0006812762838727896,-0.004144685545406871,0.007607297069755077,-4.159140297303989e-05,-0.004854200424385389,0.019887361093275966,-0.00326460652514573,0.0003406961591070549,-1.0,-1.0
2026-05-01,10,1250700.0,0.07707683697129608,0.07707683697129608,0,0.5645290260674876,1.0,1,0.034325410338486684,0.016021081597910495,-0.1469714839307527,-0.2113970588235294,0.025710719145653177,0.026200382389815133,0.0012158436037184375,0.004900651869946065,0.006014514346531518,0.002365306491410364,0.012696421580514606,0.01260156033001164,0.006276640198259361,1.0,1.0
2026-05-08,25,4459100.0,0.30665380906460943,0.30665380906460943,1,0.8124561045787172,1.0,0,0.2997253994680966,0.27581937363437725,0.076640593853704,0.11338962605548854,0.0005054085252969744,0.0011007155761857147,0.008724944009129565,0.015505172344923076,0.010468009712869914,0.0060931126740091015,0.02140429718803671,0.0057901419276798465,0.011158632357067029,1.0,1.0
2026-05-15,24,5097999.0,-0.1653980316590882,-0.1653980316590882,-1,0.8437156755060411,-1.0,-1,-0.14475052977727662,-0.16393185831085422,0.028167830629858216,0.18532455315145813,-0.029073206807637572,-0.029675768146116666,-0.010795423328996365,-0.009002038897261037,-0.01893171138601093,-0.019865073787084797,-0.013781240227180788,-0.03366877817842298,-0.024391453124159124,-1.0,-1.0
2026-05-22,22,4974200.0,0.32726870652567247,0.32726870652567247,1,0.9872652796366144,1.0,1,0.23419978738726382,0.17077925739742691,-0.16257071580665972,-0.30536130536130535,-0.023777618705112653,-0.023920183717651842,0.0017077490796342655,0.011695691013440831,0.016466155864865283,0.0057441459144531625,0.016868552970141473,0.028133967518370287,0.01134140151079175,-1.0,-1.0
2026-05-29,13,1547200.0,-0.38488883143743535,-0.38488883143743535,-1,-0.42810775722168126,-1.0,-1,-0.47414338667389927,0.44423766364551864,-0.15121437041591637,-0.6818045112781955,,0.0016828949758574475,0.006615292999419404,0.0005234846706340229,-0.017721201267672463,0.005014736734396116,-0.008494269285590158,-0.014208457963456336,-0.024683604703966865,,1.0
2026-06-05,54,9706600.0,-0.19455834174685266,-0.19455834174685266,-1,-0.07216494845360824,-1.0,-1,-0.19136634473270805,-0.2313747380336837,-0.04735224893955403,-0.19895956026698075,-0.05294952899984717,-0.05360462238151553,0.005223290281384938,0.016981200982734958,0.057155772366286293,-0.013214910706963155,0.023336249295654893,0.07329207436764419,0.052771404724644776,-1.0,-1.0
2026-06-12,24,5779100.0,0.007527123600560641,0.007527123600560641,0,0.4482758620689655,1.0,1,0.01282249875217294,0.01282249875217294,-0.04097657126148609,1.0,-5.7919148173823755e-05,-0.0002774309908208505,0.01116218335340048,0.0034200492822153003,0.04648322205210716,0.006707229773661243,-0.0007566091063954326,0.0649257990354925,0.04873731144354049,-1.0,-1.0
2026-06-26,28,8276400.0,0.41438306510076844,0.41438306510076844,1,-0.9372101751964452,1.0,1,0.1946429473897003,0.2130331545158737,0.1398998631658217,-0.9299981448271597,0.007390469094192937,0.009796723744401567,0.006689401483451524,-0.004487275814001672,0.0029966280716355064,0.00180953414288432,-0.006528267195282648,0.0004468953000613221,0.0013285115246450946,1.0,1.0
2026-07-10,15,4963900.0,0.6086947762847761,0.6086947762847761,1,0.36,1.0,1,0.5671535240888306,0.4534912852081171,-0.1642355159014356,-0.3744292237442922,0.010385020715831611,0.011660320896644406,0.005947627893736637,0.004907399798401405,-0.02074203888711915,0.018276627388697272,0.015600154084837765,-0.01155764180876473,-0.024023501689596594,1.0,1.0
2026-07-17,29,2754200.0,-0.3084017137462784,-0.3084017137462784,-1,0.30349771887899196,-1.0,-1,-0.05282064928153273,-0.11262625435853782,-0.12868475982952654,-0.31397335155449263,-0.0017684311101664944,-0.0010998076445400261,0.00628974670705046,0.004728530817566378,0.007566946903055644,0.00841000879183131,0.010526286493945797,0.0155288893254408,0.004939636827662793,-1.0,-1.0
2026-07-24,27,2561799.0,-0.6030914213019835,-0.6030914213019835,-1,0.5586642247593812,-1.0,-1,-0.6030914213019835,-0.325400527191488,-0.2500324971662523,,-0.00976642415861643,-0.008219224353132012,0.002891606589552721,0.00786736712496109,0.013666684452789945,0.004741556007302096,0.02619797156118015,0.04875652422349606,0.010671875807451216,-1.0,-1.0
2026-07-31,36,3838300.0,-0.004767735716332751,-0.004767735716332751,0,0.1794871794871795,-1.0,-1,-0.09807575723555695,-0.06489884781917366,0.015068342325054659,-0.6800454988625284,-0.02829728088770033,-0.029308152457916122,-0.0073617053893332675,0.007428818388942739,-0.004660722985613283,-0.017260269996742125,0.0064254923243025185,-0.01328220606072167,-0.004217635944203469,-1.0,-1.0
2026-08-07,62,7630899.0,0.31394715091891534,0.31394715091891534,1,-0.23684210526315788,1.0,1,0.24806573887957703,0.19669589613518376,-0.1593089817108224,-0.20096463022508038,0.008292685688284888,0.008459594726528824,0.001053203820378124,0.003419447915859719,-0.001538829962538103,-0.00021343635345140563,0.0011929970076957465,-0.008160380206212476,-0.0016317653879055589,1.0,1.0
2026-08-14,40,5735100.0,0.2711199455981587,0.2711199455981587,1,-0.6491228070175439,1.0,1,0.3011507897253273,0.3204495767699983,-0.18363720527408203,0.8225855283075991,-0.007161376376891359,-0.006992057572850703,0.0018974157246008237,0.002556277960355332,0.009213979774909887,0.0021502778773139115,0.0025504863732326477,0.008821923578074913,0.007688581944536222,-1.0,-1.0
2026-08-21,187,26275198.0,-0.13264980914701385,-0.13264980914701385,0,0.2471482603478426,-1.0,-1,-0.11987164620105163,-0.07449481442267929,-0.26460396752081694,-0.07739650716131888,0.057948474171498565,0.058452075081168745,0.00537738648212824,0.004182142282945033,0.027098715599694144,0.01096970161781951,0.012327070957859461,0.04021898916215031,0.023865861562909728,1.0,1.0
2026-08-28,177,26254300.0,-0.36645044811707034,-0.36645044811707034,-1,0.3511450381679389,-1.0,-1,-0.34302055660158365,-0.2996922786864273,-0.10717950956765579,-0.22045454545454546,-0.03014820387513524,-0.0311719374869969,0.008128009300551263,0.016560842017432468,0.004613030039730174,0.008037973205020305,0.028240232180590668,0.007089892284116207,0.006131505527309433,-1.0,-1.0
2026-09-04,86,10442000.0,-0.19549894656196132,-0.19549894656196132,-1,0.02857142857142857,-1.0,0,-0.11399614832660405,-0.03475894083850285,-0.037540131829364616,0.16905577543486214,-0.024253993244939476,-0.024460708522112497,-0.0005743092422030964,0.0002829471360624384,-0.017481203963785923,0.008654060973489952,0.014215518384741296,0.006248822856056843,-0.020098934732789654,-1.0,-1.0
2026-09-11,118,14325300.0,0.05993591757240686,0.05993591757240686,0,0.6666666666666666,1.0,1,0.08147669357006801,0.01877709969080436,-0.2117808998820813,0.17922077922077922,0.0016216068377053205,0.00205831976615436,-0.0020565042913159087,-8.56150967292458e-06,0.005276804040603401,-0.007268264627071617,-0.01238020479744529,-0.014003279849039782,0.006603690171392982,1.0,1.0
2026-09-18,261,26684198.0,-0.05005580456268538,-0.05005580456268538,0,0.6704119850187266,-1.0,0,0.022079374270607285,0.022802447804097157,-0.08966066063655528,0.4158500910336927,0.05913923398030604,0.06092344959877587,0.0019819221972390316,-0.00018759275380381816,0.049132307282669097,-0.0006561393829887164,-0.0014342033335493355,0.035698110672368,0.04368620686762369,1.0,1.0
2026-09-25,88,10694600.0,-0.28467637873319246,-0.28467637873319246,-1,0.3644859813084112,-1.0,-1,-0.26270457913395173,-0.2959568621412581,-0.0030132128371764943,-0.08641725648803505,-0.004522459045352859,-0.005032512193821983,-4.72568612259193e-05,0.008479503779561541,-0.005499199454435392,-0.003032905521078894,-0.0001894382604090023,-0.0017533026673920398,-0.005480620801133364,-1.0,-1.0
2026-10-02,134,16816900.0,0.32705790008860136,0.32705790008860136,1,0.7023809523809523,1.0,1,0.2920378266559716,0.298291175918715,0.06369122197386086,0.015895343930229285,-0.003993549389707538,-0.004807199141508381,,,,,,,,-1.0,-1.0
