ticker,concept,period_type,period_start,period_end,calendar_quarter,filed,accepted_utc,accession,value,prior_quarter_value,prior_year_value,qoq,yoy,yoy_prev,yoy_accel,yoy_same_filing,inputs_max_filed
AMD,revenue,Q,2020-09-27,2020-12-26,2020Q4,2021-01-29,2021-01-29T22:24:00Z,0001628280-21-001185,3244000000,,,,,,,,2021-01-29
AMD,revenue,Q,2020-12-27,2021-03-27,2021Q1,2021-04-28,2021-04-28T20:39:55Z,0000002488-21-000056,3445000000,3244000000,,0.0619605425,,,,,2021-04-28
AMD,revenue,Q,2021-03-28,2021-06-26,2021Q2,2021-07-28,2021-07-28T20:46:31Z,0000002488-21-000116,3850000000,3445000000,,0.1175616836,,,,,2021-07-28
AMD,revenue,Q,2021-06-27,2021-09-25,2021Q3,2021-10-27,2021-10-27T20:37:56Z,0000002488-21-000178,4313000000,3850000000,,0.1202597403,,,,,2021-10-27
AMD,revenue,Q,2021-09-26,2021-12-25,2021Q4,2022-02-03,2022-02-03T22:22:50Z,0000002488-22-000016,4826000000,4313000000,3244000000,0.1189427313,0.4876695438,,,False,2022-02-03
AMD,revenue,Q,2021-12-26,2022-03-26,2022Q1,2022-05-04,2022-05-04T20:50:40Z,0000002488-22-000078,5887000000,4826000000,3445000000,0.2198508081,0.7088534107,0.4876695438,0.221183867,True,2022-05-04
AMD,revenue,Q,2022-03-27,2022-06-25,2022Q2,2022-08-03,2022-08-03T21:15:57Z,0000002488-22-000123,6550000000,5887000000,3850000000,0.1126210294,0.7012987013,0.7088534107,-0.0075547094,True,2022-08-03
AMD,revenue,Q,2022-06-26,2022-09-24,2022Q3,2022-11-02,2022-11-02T20:35:10Z,0000002488-22-000170,5565000000,6550000000,4313000000,-0.1503816794,0.2902851843,0.7012987013,-0.411013517,True,2022-11-02
AMD,revenue,Q,2022-09-25,2022-12-31,2022Q4,2023-02-27,2023-02-27T21:20:39Z,0000002488-23-000047,5599000000,5565000000,4826000000,0.0061096137,0.1601740572,0.2902851843,-0.1301111271,True,2023-02-27
AMD,revenue,Q,2023-01-01,2023-04-01,2023Q1,2023-05-03,2023-05-03T20:28:42Z,0000002488-23-000076,5353000000,5599000000,5887000000,-0.0439364172,-0.0907083404,0.1601740572,-0.2508823976,True,2023-05-03
AMD,revenue,Q,2023-04-02,2023-07-01,2023Q2,2023-08-02,2023-08-02T21:12:01Z,0000002488-23-000139,5359000000,5353000000,6550000000,0.0011208668,-0.1818320611,-0.0907083404,-0.0911237207,True,2023-08-02
AMD,revenue,Q,2023-07-02,2023-09-30,2023Q3,2023-11-01,2023-11-01T20:20:28Z,0000002488-23-000195,5800000000,5359000000,5565000000,0.0822914723,0.042228212,-0.1818320611,0.2240602731,True,2023-11-01
AMD,revenue,Q,2023-10-01,2023-12-30,2023Q4,2024-01-31,2024-01-31T22:16:39Z,0000002488-24-000012,6168000000,5800000000,5599000000,0.0634482759,0.1016252902,0.042228212,0.0593970782,True,2024-01-31
AMD,revenue,Q,2023-12-31,2024-03-30,2024Q1,2024-05-01,2024-05-01T20:10:44Z,0000002488-24-000056,5473000000,6168000000,5353000000,-0.1126783398,0.0224173361,0.1016252902,-0.0792079542,True,2024-05-01
AMD,revenue,Q,2024-03-31,2024-06-29,2024Q2,2024-07-31,2024-07-31T20:20:22Z,0000002488-24-000123,5835000000,5473000000,5359000000,0.0661428832,0.0888225415,0.0224173361,0.0664052054,True,2024-07-31
AMD,revenue,Q,2024-06-30,2024-09-28,2024Q3,2024-10-30,2024-10-30T20:26:03Z,0000002488-24-000163,6819000000,5835000000,5800000000,0.1686375321,0.1756896552,0.0888225415,0.0868671137,True,2024-10-30
AMD,revenue,Q,2024-09-29,2024-12-28,2024Q4,2025-02-05,2025-02-05T21:42:57Z,0000002488-25-000012,7658000000,6819000000,6168000000,0.1230385687,0.2415693904,0.1756896552,0.0658797352,True,2025-02-05
AMD,revenue,Q,2024-12-29,2025-03-29,2025Q1,2025-05-07,2025-05-06T22:04:48Z,0000002488-25-000047,7438000000,7658000000,5473000000,-0.0287281274,0.359035264,0.2415693904,0.1174658736,True,2025-05-07
AMD,revenue,Q,2025-03-30,2025-06-28,2025Q2,2025-08-06,2025-08-05T22:08:21Z,0000002488-25-000108,7685000000,7438000000,5835000000,0.0332078516,0.3170522708,0.359035264,-0.0419829932,True,2025-08-06
AMD,revenue,Q,2025-06-29,2025-09-27,2025Q3,2025-11-05,2025-11-04T23:07:50Z,0000002488-25-000166,9246000000,7685000000,6819000000,0.2031229668,0.3559172899,0.3170522708,0.0388650191,True,2025-11-05
AMD,revenue,Q,2025-09-28,2025-12-27,2025Q4,2026-02-04,2026-02-03T23:14:52Z,0000002488-26-000018,10270000000,9246000000,7658000000,0.1107505949,0.3410812223,0.3559172899,-0.0148360677,True,2026-02-04
AMD,revenue,Q,2025-12-28,2026-03-28,2026Q1,2026-05-06,2026-05-05T22:06:27Z,0000002488-26-000076,10253000000,10270000000,7438000000,-0.0016553067,0.3784619521,0.3410812223,0.0373807299,True,2026-05-06
AMD,revenue,Q,2026-03-29,2026-06-27,2026Q2,2026-08-05,2026-08-04T21:40:01Z,0000002488-26-000123,11536000000,10253000000,7685000000,0.1251341071,0.5011060507,0.3784619521,0.1226440986,True,2026-08-05
AMZN,capex,Q,2021-01-01,2021-03-31,2021Q1,2021-04-30,2021-04-30T02:48:35Z,0001018724-21-000010,12082000000,,,,,,,,2021-04-30
AMZN,capex,Q,2021-04-01,2021-06-30,2021Q2,2021-07-30,2021-07-30T03:02:39Z,0001018724-21-000020,14288000000,12082000000,,0.1825856646,,,,,2021-07-30
AMZN,capex,Q,2021-07-01,2021-09-30,2021Q3,2021-10-29,2021-10-29T02:29:31Z,0001018724-21-000028,15748000000,14288000000,,0.1021836506,,,,,2021-10-29
AMZN,capex,Q,2021-10-01,2021-12-31,2021Q4,2022-02-04,2022-02-04T04:46:51Z,0001018724-22-000005,18935000000,15748000000,,0.2023749047,,,,,2022-02-04
AMZN,capex,Q,2022-01-01,2022-03-31,2022Q1,2022-04-29,2022-04-29T02:29:24Z,0001018724-22-000013,14951000000,18935000000,12082000000,-0.2104040137,0.2374606853,,,True,2022-04-29
AMZN,capex,Q,2022-04-01,2022-06-30,2022Q2,2022-07-29,2022-07-29T02:24:06Z,0001018724-22-000019,15724000000,14951000000,14288000000,0.0517022273,0.1005039194,0.2374606853,-0.1369567659,True,2022-07-29
AMZN,capex,Q,2022-07-01,2022-09-30,2022Q3,2022-10-28,2022-10-28T02:23:57Z,0001018724-22-000023,16378000000,15724000000,15748000000,0.0415924701,0.04000508,0.1005039194,-0.0604988394,True,2022-10-28
AMZN,capex,Q,2022-10-01,2022-12-31,2022Q4,2023-02-03,2023-02-03T04:27:34Z,0001018724-23-000004,16592000000,16378000000,18935000000,0.0130663085,-0.1237391075,0.04000508,-0.1637441875,True,2023-02-03
AMZN,capex,Q,2023-01-01,2023-03-31,2023Q1,2023-04-28,2023-04-28T02:24:51Z,0001018724-23-000008,14207000000,16592000000,14951000000,-0.143743973,-0.0497625577,-0.1237391075,0.0739765498,True,2023-04-28
AMZN,capex,Q,2023-04-01,2023-06-30,2023Q2,2023-08-04,2023-08-04T02:24:35Z,0001018724-23-000012,11455000000,14207000000,15724000000,-0.1937073274,-0.2714958026,-0.0497625577,-0.2217332449,True,2023-08-04
AMZN,capex,Q,2023-07-01,2023-09-30,2023Q3,2023-10-27,2023-10-27T02:36:51Z,0001018724-23-000018,12479000000,11455000000,16378000000,0.089393278,-0.2380632556,-0.2714958026,0.033432547,True,2023-10-27
AMZN,capex,Q,2023-10-01,2023-12-31,2023Q4,2024-02-02,2024-02-02T04:48:30Z,0001018724-24-000008,14588000000,12479000000,16592000000,0.1690039266,-0.1207810993,-0.2380632556,0.1172821563,True,2024-02-02
AMZN,capex,Q,2024-01-01,2024-03-31,2024Q1,2024-05-01,2024-05-01T02:38:29Z,0001018724-24-000083,14925000000,14588000000,14207000000,0.0231011791,0.050538467,-0.1207810993,0.1713195663,True,2024-05-01
AMZN,capex,Q,2024-04-01,2024-06-30,2024Q2,2024-08-02,2024-08-02T02:39:50Z,0001018724-24-000130,17620000000,14925000000,11455000000,0.1805695142,0.5381929289,0.050538467,0.4876544619,True,2024-08-02
AMZN,capex,Q,2024-07-01,2024-09-30,2024Q3,2024-11-01,2024-11-01T02:44:54Z,0001018724-24-000161,22620000000,17620000000,12479000000,0.2837684449,0.812645244,0.5381929289,0.2744523152,True,2024-11-01
AMZN,capex,Q,2024-10-01,2024-12-31,2024Q4,2025-02-07,2025-02-07T04:40:29Z,0001018724-25-000004,27834000000,22620000000,14588000000,0.2305039788,0.9080065808,0.812645244,0.0953613367,True,2025-02-07
AMZN,capex,Q,2025-01-01,2025-03-31,2025Q1,2025-05-02,2025-05-02T02:14:53Z,0001018724-25-000036,25019000000,27834000000,14925000000,-0.1011353021,0.6763149079,0.9080065808,-0.2316916729,True,2025-05-02
AMZN,capex,Q,2025-04-01,2025-06-30,2025Q2,2025-08-01,2025-08-01T02:13:08Z,0001018724-25-000086,32183000000,25019000000,17620000000,0.2863423798,0.8265039728,0.6763149079,0.1501890649,True,2025-08-01
AMZN,capex,Q,2025-07-01,2025-09-30,2025Q3,2025-10-31,2025-10-31T02:18:21Z,0001018724-25-000123,35095000000,32183000000,22620000000,0.0904825529,0.5515030946,0.8265039728,-0.2750008782,True,2025-10-31
AMZN,capex,Q,2025-10-01,2025-12-31,2025Q4,2026-02-06,2026-02-06T04:44:31Z,0001018724-26-000004,39522000000,35095000000,27834000000,0.1261433253,0.4199180858,0.5515030946,-0.1315850088,True,2026-02-06
AMZN,capex,Q,2026-01-01,2026-03-31,2026Q1,2026-04-30,2026-04-30T02:48:09Z,0001018724-26-000014,44203000000,39522000000,25019000000,0.1184403623,0.7667772493,0.4199180858,0.3468591635,True,2026-04-30
AMZN,capex,Q,2026-04-01,2026-06-30,2026Q2,2026-07-31,2026-07-31T02:11:13Z,0001018724-26-000026,54208000000,44203000000,32183000000,0.2263421035,0.6843675232,0.7667772493,-0.0824097261,True,2026-07-31
AVGO,revenue,Q,2020-08-03,2020-11-01,2020Q3,2020-12-18,2020-12-18T22:07:10Z,0001730168-20-000226,6467000000,,,,,,,,2020-12-18
AVGO,revenue,Q,2020-11-02,2021-01-31,2020Q4,2021-03-12,2021-03-12T21:37:52Z,0001730168-21-000045,6655000000,6467000000,,0.0290706665,,,,,2021-03-12
AVGO,revenue,Q,2021-02-01,2021-05-02,2021Q1,2021-06-11,2021-06-11T19:22:26Z,0001730168-21-000116,6610000000,6655000000,,-0.0067618332,,,,,2021-06-11
AVGO,revenue,Q,2021-05-03,2021-08-01,2021Q2,2021-09-09,2021-09-09T20:19:53Z,0001730168-21-000123,6778000000,6610000000,,0.0254160363,,,,,2021-09-09
AVGO,revenue,Q,2021-08-02,2021-10-31,2021Q3,2021-12-17,2021-12-17T21:42:51Z,0001730168-21-000153,7407000000,6778000000,6467000000,0.0928002361,0.1453533323,,,False,2021-12-17
AVGO,revenue,Q,2021-11-01,2022-01-30,2021Q4,2022-03-10,2022-03-10T21:31:23Z,0001730168-22-000029,7706000000,7407000000,6655000000,0.0403672202,0.1579263711,0.1453533323,0.0125730388,True,2022-03-10
AVGO,revenue,Q,2022-01-31,2022-05-01,2022Q1,2022-06-09,2022-06-09T20:12:03Z,0001730168-22-000081,8103000000,7706000000,6610000000,0.0515182974,0.2258698941,0.1579263711,0.067943523,True,2022-06-09
AVGO,revenue,Q,2022-05-02,2022-07-31,2022Q2,2022-09-08,2022-09-08T20:16:55Z,0001730168-22-000094,8464000000,8103000000,6778000000,0.0445514007,0.2487459428,0.2258698941,0.0228760487,True,2022-09-08
AVGO,revenue,Q,2022-08-01,2022-10-30,2022Q3,2022-12-16,2022-12-16T21:21:52Z,0001730168-22-000118,8930000000,8464000000,7407000000,0.0550567108,0.2056163089,0.2487459428,-0.0431296339,True,2022-12-16
AVGO,revenue,Q,2022-10-31,2023-01-29,2022Q4,2023-03-08,2023-03-08T21:10:18Z,0001730168-23-000008,8915000000,8930000000,7706000000,-0.0016797312,0.1568907345,0.2056163089,-0.0487255744,True,2023-03-08
AVGO,revenue,Q,2023-01-30,2023-04-30,2023Q1,2023-06-07,2023-06-07T20:22:00Z,0001730168-23-000064,8733000000,8915000000,8103000000,-0.0204150308,0.0777489819,0.1568907345,-0.0791417526,True,2023-06-07
AVGO,revenue,Q,2023-05-01,2023-07-30,2023Q2,2023-09-06,2023-09-06T20:16:18Z,0001730168-23-000077,8876000000,8733000000,8464000000,0.0163746708,0.0486767486,0.0777489819,-0.0290722333,True,2023-09-06
AVGO,revenue,Q,2023-07-31,2023-10-29,2023Q3,2023-12-14,2023-12-14T21:54:05Z,0001730168-23-000096,9295000000,8876000000,8930000000,0.0472059486,0.0408734602,0.0486767486,-0.0078032883,True,2023-12-14
AVGO,revenue,Q,2023-10-30,2024-02-04,2023Q4,2024-03-14,2024-03-14T20:59:58Z,0001730168-24-000023,11961000000,9295000000,8915000000,0.2868208714,0.3416713404,0.0408734602,0.3007978802,True,2024-03-14
AVGO,revenue,Q,2024-02-05,2024-05-05,2024Q1,2024-06-13,2024-06-13T00:14:25Z,0001730168-24-000080,12487000000,11961000000,8733000000,0.0439762562,0.4298637353,0.3416713404,0.0881923948,True,2024-06-13
AVGO,revenue,Q,2024-05-06,2024-08-04,2024Q2,2024-09-11,2024-09-11T20:37:29Z,0001730168-24-000099,13072000000,12487000000,8876000000,0.0468487227,0.4727354664,0.4298637353,0.0428717312,True,2024-09-11
AVGO,revenue,Q,2024-08-05,2024-11-03,2024Q3,2024-12-20,2024-12-20T22:26:46Z,0001730168-24-000139,14054000000,13072000000,9295000000,0.075122399,0.5119956966,0.4727354664,0.0392602302,True,2024-12-20
AVGO,revenue,Q,2024-11-04,2025-02-02,2024Q4,2025-03-12,2025-03-12T20:38:04Z,0001730168-25-000021,14916000000,14054000000,11961000000,0.0613348513,0.247052922,0.5119956966,-0.2649427746,True,2025-03-12
AVGO,revenue,Q,2025-02-03,2025-05-04,2025Q1,2025-06-11,2025-06-11T20:08:32Z,0001730168-25-000064,15004000000,14916000000,12487000000,0.005899705,0.2015696324,0.247052922,-0.0454832896,True,2025-06-11
AVGO,revenue,Q,2025-05-05,2025-08-03,2025Q2,2025-09-10,2025-09-10T20:00:41Z,0001730168-25-000098,15952000000,15004000000,13072000000,0.0631831512,0.2203182375,0.2015696324,0.018748605,True,2025-09-10
AVGO,revenue,Q,2025-08-04,2025-11-02,2025Q3,2025-12-18,2025-12-18T21:04:47Z,0001730168-25-000121,18015000000,15952000000,14054000000,0.1293254764,0.2818414686,0.2203182375,0.0615232312,True,2025-12-18
AVGO,revenue,Q,2025-11-03,2026-02-01,2025Q4,2026-03-11,2026-03-11T20:43:59Z,0001730168-26-000016,19311000000,18015000000,14916000000,0.07194005,0.2946500402,0.2818414686,0.0128085716,True,2026-03-11
AVGO,revenue,Q,2026-02-02,2026-05-03,2026Q1,2026-06-09,2026-06-09T13:06:09Z,0001730168-26-000054,22187000000,19311000000,15004000000,0.1489306613,0.4787390029,0.2946500402,0.1840889627,True,2026-06-09
AVGO,revenue,Q,2026-05-04,2026-08-02,2026Q2,2026-09-10,2026-09-09T21:56:42Z,0001730168-26-000080,29591000000,22187000000,15952000000,0.3337089287,0.8550025075,0.4787390029,0.3762635046,True,2026-09-10
CRWV,revenue,Q,2024-01-01,2024-03-31,2024Q1,2025-05-15,2025-05-15T04:01:57Z,0001769628-25-000014,188684000,,,,,,,,2025-05-15
CRWV,revenue,Q,2024-04-01,2024-06-30,2024Q2,2025-08-13,2025-08-13T02:18:48Z,0001769628-25-000041,395371000,188684000,,1.0954134956,,,,,2025-08-13
CRWV,revenue,Q,2024-07-01,2024-09-30,2024Q3,2025-11-13,2025-11-14T02:19:11Z,0001769628-25-000062,583941000,395371000,,0.4769444395,,,,,2025-11-13
CRWV,revenue,Q,2024-10-01,2024-12-31,2024Q4,2026-03-02,2026-03-03T02:14:01Z,0001769628-26-000104,747004000,583941000,,0.2792456772,,,,,2026-03-02
CRWV,revenue,Q,2025-01-01,2025-03-31,2025Q1,2025-05-15,2025-05-15T04:01:57Z,0001769628-25-000014,981632000,,188684000,,4.2025184965,,,True,2025-05-15
CRWV,revenue,Q,2025-01-01,2025-03-31,2025Q1,2026-03-02,2026-03-03T02:14:01Z,0001769628-26-000104,981632000,747004000,188684000,0.3140920263,4.2025184965,,,True,2026-03-02
CRWV,revenue,Q,2025-01-01,2025-03-31,2025Q1,2026-05-08,2026-05-08T03:21:42Z,0001769628-26-000222,982000000,747004000,188684000,0.3145846609,4.2044688474,,,False,2026-05-08
CRWV,revenue,Q,2025-04-01,2025-06-30,2025Q2,2025-08-13,2025-08-13T02:18:48Z,0001769628-25-000041,1212788000,981632000,395371000,0.2354813209,2.0674682766,4.2025184965,-2.1350502199,True,2025-08-13
CRWV,revenue,Q,2025-04-01,2025-06-30,2025Q2,2026-05-08,2026-05-08T03:21:42Z,0001769628-26-000222,1212788000,982000000,395371000,0.2350183299,2.0674682766,4.2044688474,-2.1370005708,True,2026-05-08
CRWV,revenue,Q,2025-04-01,2025-06-30,2025Q2,2026-08-12,2026-08-12T03:24:42Z,0001769628-26-000366,1212000000,982000000,395371000,0.2342158859,2.0654752119,4.2044688474,-2.1389936355,False,2026-08-12
CRWV,revenue,Q,2025-07-01,2025-09-30,2025Q3,2025-11-13,2025-11-14T02:19:11Z,0001769628-25-000062,1364676000,1212788000,583941000,0.1252387062,1.3370100746,2.0674682766,-0.730458202,True,2025-11-13
CRWV,revenue,Q,2025-07-01,2025-09-30,2025Q3,2026-08-12,2026-08-12T03:24:42Z,0001769628-26-000366,1364676000,1212000000,583941000,0.125970297,1.3370100746,2.0654752119,-0.7284651372,True,2026-08-12
CRWV,revenue,Q,2025-10-01,2025-12-31,2025Q4,2026-03-02,2026-03-03T02:14:01Z,0001769628-26-000104,1571904000,1364676000,747004000,0.1518514285,1.1042778887,1.3370100746,-0.2327321859,True,2026-03-02
CRWV,revenue,Q,2026-01-01,2026-03-31,2026Q1,2026-05-08,2026-05-08T03:21:42Z,0001769628-26-000222,2078000000,1571904000,982000000,0.3219636823,1.116089613,1.1042778887,0.0118117243,True,2026-05-08
CRWV,revenue,Q,2026-04-01,2026-06-30,2026Q2,2026-08-12,2026-08-12T03:24:42Z,0001769628-26-000366,2575000000,2078000000,1212000000,0.239172281,1.1245874587,1.116089613,0.0084978457,True,2026-08-12
GOOGL,capex,Q,2021-01-01,2021-03-31,2021Q1,2021-04-28,2021-04-27T23:17:57Z,0001652044-21-000020,5942000000,,,,,,,,2021-04-28
GOOGL,capex,Q,2021-04-01,2021-06-30,2021Q2,2021-07-28,2021-07-28T00:16:30Z,0001652044-21-000047,5496000000,5942000000,,-0.0750589027,,,,,2021-07-28
GOOGL,capex,Q,2021-07-01,2021-09-30,2021Q3,2021-10-27,2021-10-26T23:47:06Z,0001652044-21-000057,6819000000,5496000000,,0.240720524,,,,,2021-10-27
GOOGL,capex,Q,2021-10-01,2021-12-31,2021Q4,2022-02-02,2022-02-02T02:08:02Z,0001652044-22-000019,6383000000,6819000000,,-0.063938994,,,,,2022-02-02
GOOGL,capex,Q,2022-01-01,2022-03-31,2022Q1,2022-04-27,2022-04-27T00:51:20Z,0001652044-22-000029,9786000000,6383000000,5942000000,0.5331348896,0.6469202289,,,True,2022-04-27
GOOGL,capex,Q,2022-04-01,2022-06-30,2022Q2,2022-07-27,2022-07-26T23:29:36Z,0001652044-22-000071,6828000000,9786000000,5496000000,-0.3022685469,0.2423580786,0.6469202289,-0.4045621503,True,2022-07-27
GOOGL,capex,Q,2022-07-01,2022-09-30,2022Q3,2022-10-26,2022-10-26T01:32:59Z,0001652044-22-000090,7276000000,6828000000,6819000000,0.0656121851,0.0670186244,0.2423580786,-0.1753394542,True,2022-10-26
GOOGL,capex,Q,2022-10-01,2022-12-31,2022Q4,2023-02-03,2023-02-03T02:23:45Z,0001652044-23-000016,7595000000,7276000000,6383000000,0.0438427708,0.1898793671,0.0670186244,0.1228607426,True,2023-02-03
GOOGL,capex,Q,2023-01-01,2023-03-31,2023Q1,2023-04-26,2023-04-26T00:15:00Z,0001652044-23-000045,6289000000,7595000000,9786000000,-0.1719552337,-0.3573472307,0.1898793671,-0.5472265978,True,2023-04-26
GOOGL,capex,Q,2023-04-01,2023-06-30,2023Q2,2023-07-26,2023-07-25T23:13:26Z,0001652044-23-000070,6888000000,6289000000,6828000000,0.095245667,0.0087873462,-0.3573472307,0.366134577,True,2023-07-26
GOOGL,capex,Q,2023-07-01,2023-09-30,2023Q3,2023-10-25,2023-10-24T22:39:13Z,0001652044-23-000094,8055000000,6888000000,7276000000,0.1694250871,0.1070643211,0.0087873462,0.0982769748,True,2023-10-25
GOOGL,capex,Q,2023-10-01,2023-12-31,2023Q4,2024-01-31,2024-01-31T02:43:43Z,0001652044-24-000022,11019000000,8055000000,7595000000,0.3679702048,0.4508229098,0.1070643211,0.3437585888,True,2024-01-31
GOOGL,capex,Q,2024-01-01,2024-03-31,2024Q1,2024-04-26,2024-04-26T00:22:11Z,0001652044-24-000053,12012000000,11019000000,6289000000,0.0901170705,0.9100015901,0.4508229098,0.4591786803,True,2024-04-26
GOOGL,capex,Q,2024-04-01,2024-06-30,2024Q2,2024-07-24,2024-07-23T23:12:07Z,0001652044-24-000079,13186000000,12012000000,6888000000,0.0977355977,0.9143437863,0.9100015901,0.0043421962,True,2024-07-24
GOOGL,capex,Q,2024-07-01,2024-09-30,2024Q3,2024-10-30,2024-10-29T23:33:10Z,0001652044-24-000118,13061000000,13186000000,8055000000,-0.0094797513,0.6214773433,0.9143437863,-0.292866443,True,2024-10-30
GOOGL,capex,Q,2024-10-01,2024-12-31,2024Q4,2025-02-05,2025-02-05T01:41:40Z,0001652044-25-000014,14276000000,13061000000,11019000000,0.0930250364,0.2955803612,0.6214773433,-0.3258969821,True,2025-02-05
GOOGL,capex,Q,2025-01-01,2025-03-31,2025Q1,2025-04-25,2025-04-25T01:05:29Z,0001652044-25-000043,17197000000,14276000000,12012000000,0.2046091342,0.4316516817,0.2955803612,0.1360713205,True,2025-04-25
GOOGL,capex,Q,2025-04-01,2025-06-30,2025Q2,2025-07-24,2025-07-23T23:44:01Z,0001652044-25-000062,22446000000,17197000000,13186000000,0.305227656,0.7022599727,0.4316516817,0.270608291,True,2025-07-24
GOOGL,capex,Q,2025-07-01,2025-09-30,2025Q3,2025-10-30,2025-10-30T01:55:01Z,0001652044-25-000091,23953000000,22446000000,13061000000,0.0671389112,0.8339330832,0.7022599727,0.1316731105,True,2025-10-30
GOOGL,capex,Q,2025-10-01,2025-12-31,2025Q4,2026-02-05,2026-02-05T02:56:03Z,0001652044-26-000018,27851000000,23953000000,14276000000,0.1627353567,0.9508966097,0.8339330832,0.1169635265,True,2026-02-05
GOOGL,capex,Q,2026-01-01,2026-03-31,2026Q1,2026-04-30,2026-04-30T01:02:11Z,0001652044-26-000048,35674000000,27851000000,17197000000,0.2808875803,1.0744315869,0.9508966097,0.1235349772,True,2026-04-30
GOOGL,capex,Q,2026-04-01,2026-06-30,2026Q2,2026-07-23,2026-07-23T01:15:54Z,0001652044-26-000071,44924000000,35674000000,22446000000,0.2592924819,1.0014256438,1.0744315869,-0.0730059431,True,2026-07-23
META,capex,Q,2021-01-01,2021-03-31,2021Q1,2021-04-29,2021-04-29T04:12:05Z,0001326801-21-000033,4272000000,,,,,,,,2021-04-29
META,capex,Q,2021-01-01,2021-03-31,2021Q1,2022-04-28,2022-04-28T04:42:59Z,0001326801-22-000057,4303000000,,,,,,,,2022-04-28
META,capex,Q,2021-04-01,2021-06-30,2021Q2,2021-07-29,2021-07-29T04:13:08Z,0001326801-21-000049,4612000000,4272000000,,0.079588015,,,,,2021-07-29
META,capex,Q,2021-04-01,2021-06-30,2021Q2,2022-04-28,2022-04-28T04:42:59Z,0001326801-22-000057,4612000000,4303000000,,0.0718103649,,,,,2022-04-28
META,capex,Q,2021-04-01,2021-06-30,2021Q2,2022-07-28,2022-07-28T04:44:34Z,0001326801-22-000082,4641000000,4303000000,,0.0785498489,,,,,2022-07-28
META,capex,Q,2021-07-01,2021-09-30,2021Q3,2021-10-26,2021-10-26T04:44:20Z,0001326801-21-000065,4314000000,4612000000,,-0.0646140503,,,,,2021-10-26
META,capex,Q,2021-07-01,2021-09-30,2021Q3,2022-07-28,2022-07-28T04:44:34Z,0001326801-22-000082,4314000000,4641000000,,-0.0704589528,,,,,2022-07-28
META,capex,Q,2021-07-01,2021-09-30,2021Q3,2022-10-27,2022-10-27T04:26:36Z,0001326801-22-000108,4346000000,4641000000,,-0.0635638871,,,,,2022-10-27
META,capex,Q,2021-10-01,2021-12-31,2021Q4,2022-02-03,2022-02-03T07:11:04Z,0001326801-22-000018,5369000000,4314000000,,0.2445526194,,,,,2022-02-03
META,capex,Q,2021-10-01,2021-12-31,2021Q4,2022-10-27,2022-10-27T04:26:36Z,0001326801-22-000108,5369000000,4346000000,,0.2353888633,,,,,2022-10-27
META,capex,Q,2021-10-01,2021-12-31,2021Q4,2023-02-02,2023-02-02T06:26:31Z,0001326801-23-000013,5400000000,4346000000,,0.2425218592,,,,,2023-02-02
META,capex,Q,2022-01-01,2022-03-31,2022Q1,2022-04-28,2022-04-28T04:42:59Z,0001326801-22-000057,5441000000,5369000000,4303000000,0.0134103185,0.2644666512,,,True,2022-04-28
META,capex,Q,2022-01-01,2022-03-31,2022Q1,2023-02-02,2023-02-02T06:26:31Z,0001326801-23-000013,5441000000,5400000000,4303000000,0.0075925926,0.2644666512,,,True,2023-02-02
META,capex,Q,2022-04-01,2022-06-30,2022Q2,2022-07-28,2022-07-28T04:44:34Z,0001326801-22-000082,7572000000,5441000000,4641000000,0.3916559456,0.6315449257,0.2644666512,0.3670782745,True,2022-07-28
META,capex,Q,2022-07-01,2022-09-30,2022Q3,2022-10-27,2022-10-27T04:26:36Z,0001326801-22-000108,9375000000,7572000000,4346000000,0.2381141046,1.1571560055,0.6315449257,0.5256110799,True,2022-10-27
META,capex,Q,2022-10-01,2022-12-31,2022Q4,2023-02-02,2023-02-02T06:26:31Z,0001326801-23-000013,9043000000,9375000000,5400000000,-0.0354133333,0.6746296296,1.1571560055,-0.4825263759,True,2023-02-02
META,capex,Q,2022-10-01,2022-12-31,2022Q4,2025-01-30,2025-01-30T06:00:50Z,0001326801-25-000017,8798000000,9375000000,5400000000,-0.0615466667,0.6292592593,1.1571560055,-0.5278967463,False,2025-01-30
META,capex,Q,2023-01-01,2023-03-31,2023Q1,2023-04-27,2023-04-27T04:56:18Z,0001326801-23-000067,6842000000,9043000000,5441000000,-0.2433926794,0.2574894321,0.6746296296,-0.4171401975,True,2023-04-27
META,capex,Q,2023-01-01,2023-03-31,2023Q1,2024-04-25,2024-04-25T04:14:19Z,0001326801-24-000049,6823000000,9043000000,5441000000,-0.2454937521,0.2539974269,0.6746296296,-0.4206322027,False,2024-04-25
META,capex,Q,2023-01-01,2023-03-31,2023Q1,2025-01-30,2025-01-30T06:00:50Z,0001326801-25-000017,6823000000,8798000000,5441000000,-0.224482837,0.2539974269,0.6292592593,-0.3752618323,False,2025-01-30
META,capex,Q,2023-04-01,2023-06-30,2023Q2,2023-07-27,2023-07-27T04:11:08Z,0001326801-23-000093,6216000000,6842000000,7572000000,-0.0914937153,-0.1790808241,0.2574894321,-0.4365702562,True,2023-07-27
META,capex,Q,2023-04-01,2023-06-30,2023Q2,2024-04-25,2024-04-25T04:14:19Z,0001326801-24-000049,6216000000,6823000000,7572000000,-0.0889637989,-0.1790808241,0.2539974269,-0.433078251,True,2024-04-25
META,capex,Q,2023-04-01,2023-06-30,2023Q2,2024-08-01,2024-08-01T04:14:40Z,0001326801-24-000069,6134000000,6823000000,7572000000,-0.1009819727,-0.1899101955,0.2539974269,-0.4439076224,False,2024-08-01
META,capex,Q,2023-07-01,2023-09-30,2023Q3,2023-10-26,2023-10-26T04:07:27Z,0001326801-23-000103,6543000000,6216000000,9375000000,0.0526061776,-0.30208,-0.1790808241,-0.1229991759,True,2023-10-26
META,capex,Q,2023-07-01,2023-09-30,2023Q3,2024-08-01,2024-08-01T04:14:40Z,0001326801-24-000069,6543000000,6134000000,9375000000,0.0666775351,-0.30208,-0.1899101955,-0.1121698045,True,2024-08-01
META,capex,Q,2023-07-01,2023-09-30,2023Q3,2024-10-31,2024-10-31T03:54:51Z,0001326801-24-000081,6496000000,6134000000,9375000000,0.0590153244,-0.3070933333,-0.1899101955,-0.1171831379,False,2024-10-31
META,capex,Q,2023-10-01,2023-12-31,2023Q4,2024-02-02,2024-02-02T05:39:02Z,0001326801-24-000012,7665000000,6543000000,9043000000,0.171480972,-0.1523830587,-0.30208,0.1496969413,True,2024-02-02
META,capex,Q,2023-10-01,2023-12-31,2023Q4,2024-10-31,2024-10-31T03:54:51Z,0001326801-24-000081,7665000000,6496000000,9043000000,0.1799568966,-0.1523830587,-0.3070933333,0.1547102746,True,2024-10-31
META,capex,Q,2023-10-01,2023-12-31,2023Q4,2025-01-30,2025-01-30T06:00:50Z,0001326801-25-000017,7592000000,6496000000,8798000000,0.1687192118,-0.1370766083,-0.3070933333,0.170016725,True,2025-01-30
META,capex,Q,2024-01-01,2024-03-31,2024Q1,2024-04-25,2024-04-25T04:14:19Z,0001326801-24-000049,6400000000,7665000000,6823000000,-0.1650358774,-0.0619961894,-0.1523830587,0.0903868694,True,2024-04-25
META,capex,Q,2024-01-01,2024-03-31,2024Q1,2025-01-30,2025-01-30T06:00:50Z,0001326801-25-000017,6400000000,7592000000,6823000000,-0.1570073762,-0.0619961894,-0.1370766083,0.075080419,True,2025-01-30
META,capex,Q,2024-04-01,2024-06-30,2024Q2,2024-08-01,2024-08-01T04:14:40Z,0001326801-24-000069,8173000000,6400000000,6134000000,0.27703125,0.3324095207,-0.0619961894,0.3944057101,True,2024-08-01
META,capex,Q,2024-07-01,2024-09-30,2024Q3,2024-10-31,2024-10-31T03:54:51Z,0001326801-24-000081,8258000000,8173000000,6496000000,0.0104000979,0.2712438424,0.3324095207,-0.0611656783,True,2024-10-31
META,capex,Q,2024-10-01,2024-12-31,2024Q4,2025-01-30,2025-01-30T06:00:50Z,0001326801-25-000017,14425000000,8258000000,7592000000,0.7467909906,0.9000263435,0.2712438424,0.6287825012,True,2025-01-30
META,capex,Q,2025-01-01,2025-03-31,2025Q1,2025-05-01,2025-05-01T04:03:18Z,0001326801-25-000054,12941000000,14425000000,6400000000,-0.1028769497,1.02203125,0.9000263435,0.1220049065,True,2025-05-01
META,capex,Q,2025-04-01,2025-06-30,2025Q2,2025-07-31,2025-07-31T04:02:12Z,0001628280-25-036791,16538000000,12941000000,8173000000,0.2779537903,1.0234919858,1.02203125,0.0014607358,True,2025-07-31
META,capex,Q,2025-07-01,2025-09-30,2025Q3,2025-10-30,2025-10-30T02:50:26Z,0001628280-25-047240,18829000000,16538000000,8258000000,0.1385294473,1.280092032,1.0234919858,0.2566000462,True,2025-10-30
META,capex,Q,2025-10-01,2025-12-31,2025Q4,2026-01-29,2026-01-29T05:13:46Z,0001628280-26-003942,21383000000,18829000000,14425000000,0.1356418291,0.4823570191,1.280092032,-0.7977350129,True,2026-01-29
META,capex,Q,2026-01-01,2026-03-31,2026Q1,2026-04-30,2026-04-30T03:54:11Z,0001628280-26-028526,18997000000,21383000000,12941000000,-0.1115839686,0.4679700178,0.4823570191,-0.0143870013,True,2026-04-30
META,capex,Q,2026-04-01,2026-06-30,2026Q2,2026-07-30,2026-07-30T02:58:51Z,0001628280-26-050705,30116000000,18997000000,16538000000,0.5853029426,0.821018261,0.4679700178,0.3530482432,True,2026-07-30
MSFT,capex,Q,2020-10-01,2020-12-31,2020Q4,2021-01-26,2021-01-26T21:09:34Z,0001564590-21-002316,4174000000,,,,,,,,2021-01-26
MSFT,capex,Q,2021-01-01,2021-03-31,2021Q1,2021-04-27,2021-04-27T20:09:38Z,0001564590-21-020891,5089000000,4174000000,,0.219214183,,,,,2021-04-27
MSFT,capex,Q,2021-04-01,2021-06-30,2021Q2,2021-07-29,2021-07-29T20:21:55Z,0001564590-21-039151,6452000000,5089000000,,0.2678325801,,,,,2021-07-29
MSFT,capex,Q,2021-07-01,2021-09-30,2021Q3,2021-10-26,2021-10-26T20:11:30Z,0001564590-21-051992,5810000000,6452000000,,-0.0995040298,,,,,2021-10-26
MSFT,capex,Q,2021-10-01,2021-12-31,2021Q4,2022-01-25,2022-01-25T21:09:04Z,0001564590-22-002324,5865000000,5810000000,4174000000,0.0094664372,0.4051269765,,,True,2022-01-25
MSFT,capex,Q,2022-01-01,2022-03-31,2022Q1,2022-04-26,2022-04-26T20:08:55Z,0001564590-22-015675,5340000000,5865000000,5089000000,-0.0895140665,0.0493220672,0.4051269765,-0.3558049093,True,2022-04-26
MSFT,capex,Q,2022-04-01,2022-06-30,2022Q2,2022-07-28,2022-07-28T20:06:19Z,0001564590-22-026876,6871000000,5340000000,6452000000,0.2867041199,0.0649411035,0.0493220672,0.0156190363,True,2022-07-28
MSFT,capex,Q,2022-07-01,2022-09-30,2022Q3,2022-10-25,2022-10-25T20:08:55Z,0001564590-22-035087,6283000000,6871000000,5810000000,-0.085577063,0.0814113597,0.0649411035,0.0164702562,True,2022-10-25
MSFT,capex,Q,2022-10-01,2022-12-31,2022Q4,2023-01-24,2023-01-24T21:34:20Z,0001564590-23-000733,6274000000,6283000000,5865000000,-0.0014324367,0.0697357204,0.0814113597,-0.0116756393,True,2023-01-24
MSFT,capex,Q,2023-01-01,2023-03-31,2023Q1,2023-04-25,2023-04-25T20:07:43Z,0000950170-23-014423,6607000000,6274000000,5340000000,0.0530761874,0.2372659176,0.0697357204,0.1675301972,True,2023-04-25
MSFT,capex,Q,2023-04-01,2023-06-30,2023Q2,2023-07-27,2023-07-27T20:01:56Z,0000950170-23-035122,8943000000,6607000000,6871000000,0.3535644014,0.3015572697,0.2372659176,0.0642913521,True,2023-07-27
MSFT,capex,Q,2023-07-01,2023-09-30,2023Q3,2023-10-24,2023-10-24T20:07:40Z,0000950170-23-054855,9917000000,8943000000,6283000000,0.1089119982,0.5783861213,0.3015572697,0.2768288516,True,2023-10-24
MSFT,capex,Q,2023-10-01,2023-12-31,2023Q4,2024-01-30,2024-01-30T21:05:46Z,0000950170-24-008814,9735000000,9917000000,6274000000,-0.0183523243,0.5516416959,0.5783861213,-0.0267444254,True,2024-01-30
MSFT,capex,Q,2024-01-01,2024-03-31,2024Q1,2024-04-25,2024-04-25T20:06:24Z,0000950170-24-048288,10952000000,9735000000,6607000000,0.1250128403,0.6576358408,0.5516416959,0.1059941449,True,2024-04-25
MSFT,capex,Q,2024-04-01,2024-06-30,2024Q2,2024-07-30,2024-07-30T20:06:22Z,0000950170-24-087843,13873000000,10952000000,8943000000,0.2667092768,0.5512691491,0.6576358408,-0.1063666917,True,2024-07-30
MSFT,capex,Q,2024-07-01,2024-09-30,2024Q3,2024-10-30,2024-10-30T20:07:17Z,0000950170-24-118967,14923000000,13873000000,9917000000,0.0756865855,0.504789755,0.5512691491,-0.0464793941,True,2024-10-30
MSFT,capex,Q,2024-10-01,2024-12-31,2024Q4,2025-01-29,2025-01-29T21:11:54Z,0000950170-25-010491,15804000000,14923000000,9735000000,0.0590363868,0.6234206471,0.504789755,0.1186308922,True,2025-01-29
MSFT,capex,Q,2025-01-01,2025-03-31,2025Q1,2025-04-30,2025-04-30T20:08:52Z,0000950170-25-061046,16745000000,15804000000,10952000000,0.0595418881,0.528944485,0.6234206471,-0.0944761621,True,2025-04-30
MSFT,capex,Q,2025-04-01,2025-06-30,2025Q2,2025-07-30,2025-07-30T20:11:40Z,0000950170-25-100235,17079000000,16745000000,13873000000,0.0199462526,0.2310963743,0.528944485,-0.2978481108,True,2025-07-30
MSFT,capex,Q,2025-07-01,2025-09-30,2025Q3,2025-10-29,2025-10-29T20:10:48Z,0001193125-25-256321,19394000000,17079000000,14923000000,0.1355465777,0.2996046371,0.2310963743,0.0685082629,True,2025-10-29
MSFT,capex,Q,2025-10-01,2025-12-31,2025Q4,2026-01-28,2026-01-28T21:07:34Z,0001193125-26-027207,29876000000,19394000000,15804000000,0.540476436,0.8904074918,0.2996046371,0.5908028546,True,2026-01-28
MSFT,capex,Q,2026-01-01,2026-03-31,2026Q1,2026-04-29,2026-04-29T20:06:24Z,0001193125-26-191507,30876000000,29876000000,16745000000,0.033471683,0.8438936996,0.8904074918,-0.0465137922,True,2026-04-29
MSFT,capex,Q,2026-04-01,2026-06-30,2026Q2,2026-07-29,2026-07-29T20:08:01Z,0001193125-26-323660,35802000000,30876000000,17079000000,0.1595413914,1.0962585631,0.8438936996,0.2523648635,True,2026-07-29
NBIS,revenue,FY,2020-01-01,2020-12-31,CY2020,2021-04-01,2021-04-01T02:11:46Z,0001513845-21-000014,2955600000,,,,,,,,2021-04-01
NBIS,revenue,FY,2021-01-01,2021-12-31,CY2021,2022-04-20,2022-04-21T00:57:31Z,0001558370-22-005654,4794200000,,2955600000,,0.6220733523,,,False,2022-04-20
NBIS,revenue,FY,2022-01-01,2022-12-31,CY2022,2023-04-20,2023-04-21T00:06:23Z,0001558370-23-006319,7417100000,,4794200000,,0.5470985774,0.6220733523,-0.0749747748,False,2023-04-20
NBIS,revenue,FY,2022-01-01,2022-12-31,CY2022,2025-04-30,2025-05-01T00:08:09Z,0001558370-25-005991,13500000,,4794200000,,-0.9971840975,0.6220733523,-1.6192574497,False,2025-04-30
NBIS,revenue,FY,2023-01-01,2023-12-31,CY2023,2024-04-26,2024-04-27T00:01:28Z,0001558370-24-005891,8921200000,,7417100000,,0.2027881517,0.5470985774,-0.3443104257,False,2024-04-26
NBIS,revenue,FY,2023-01-01,2023-12-31,CY2023,2025-04-30,2025-05-01T00:08:09Z,0001558370-25-005991,20900000,,13500000,,0.5481481481,-0.9971840975,1.5453322456,True,2025-04-30
NBIS,revenue,FY,2023-01-01,2023-12-31,CY2023,2026-04-30,2026-05-01T00:16:27Z,0001104659-26-052948,9800000,,13500000,,-0.2740740741,-0.9971840975,0.7231100234,False,2026-04-30
NBIS,revenue,FY,2024-01-01,2024-12-31,CY2024,2025-04-30,2025-05-01T00:08:09Z,0001558370-25-005991,117500000,,20900000,,4.6220095694,0.5481481481,4.0738614212,True,2025-04-30
NBIS,revenue,FY,2024-01-01,2024-12-31,CY2024,2026-04-30,2026-05-01T00:16:27Z,0001104659-26-052948,91500000,,9800000,,8.3367346939,-0.2740740741,8.610808768,True,2026-04-30
NBIS,revenue,FY,2025-01-01,2025-12-31,CY2025,2026-04-30,2026-05-01T00:16:27Z,0001104659-26-052948,529800000,,91500000,,4.7901639344,8.3367346939,-3.5465707595,True,2026-04-30
NVDA,datacenter_revenue,Q,2020-07-27,2020-10-25,2020Q3,2021-11-22,2021-11-20T02:16:20Z,0001045810-21-000163,1900000000,,,,,,,,2021-11-22
NVDA,datacenter_revenue,Q,2020-10-26,2021-01-31,2020Q4,2021-11-22,2021-11-20T02:16:20Z,0001045810-21-000163,1903000000,1900000000,,0.0015789474,,,,,2021-11-22
NVDA,datacenter_revenue,Q,2021-02-01,2021-05-02,2021Q1,2021-05-26,2021-05-26T20:35:56Z,0001045810-21-000064,2048000000,,,,,,,,2021-05-26
NVDA,datacenter_revenue,Q,2021-02-01,2021-05-02,2021Q1,2021-11-22,2021-11-20T02:16:20Z,0001045810-21-000163,2048000000,1903000000,,0.0761954808,,,,,2021-11-22
NVDA,datacenter_revenue,Q,2021-05-03,2021-08-01,2021Q2,2021-08-20,2021-08-20T20:32:40Z,0001045810-21-000131,2366000000,2048000000,,0.1552734375,,,,,2021-08-20
NVDA,datacenter_revenue,Q,2021-08-02,2021-10-31,2021Q3,2021-11-22,2021-11-20T02:16:20Z,0001045810-21-000163,2936000000,2366000000,1900000000,0.2409129332,0.5452631579,,,True,2021-11-22
NVDA,datacenter_revenue,Q,2021-11-01,2022-01-30,2021Q4,2022-03-18,2022-03-18T00:33:34Z,0001045810-22-000036,3263000000,2936000000,1903000000,0.1113760218,0.7146610615,0.5452631579,0.1693979036,True,2022-03-18
NVDA,datacenter_revenue,Q,2022-01-31,2022-05-01,2022Q1,2022-05-27,2022-05-27T20:21:55Z,0001045810-22-000079,3750000000,3263000000,2048000000,0.1492491572,0.8310546875,0.7146610615,0.116393626,True,2022-05-27
NVDA,datacenter_revenue,Q,2022-05-02,2022-07-31,2022Q2,2022-08-31,2022-08-31T21:01:35Z,0001045810-22-000147,3806000000,3750000000,2366000000,0.0149333333,0.6086221471,0.8310546875,-0.2224325404,True,2022-08-31
NVDA,datacenter_revenue,Q,2022-08-01,2022-10-30,2022Q3,2022-11-18,2022-11-18T21:35:31Z,0001045810-22-000166,3833000000,3806000000,2936000000,0.007094062,0.3055177112,0.6086221471,-0.3031044359,True,2022-11-18
NVDA,datacenter_revenue,Q,2022-10-31,2023-01-29,2022Q4,2023-02-24,2023-02-24T22:23:43Z,0001045810-23-000017,3616000000,3833000000,3263000000,-0.0566136186,0.108182654,0.3055177112,-0.1973350572,True,2023-02-24
NVDA,datacenter_revenue,Q,2023-01-30,2023-04-30,2023Q1,2023-05-26,2023-05-26T20:17:32Z,0001045810-23-000093,4284000000,3616000000,3750000000,0.1847345133,0.1424,0.108182654,0.034217346,True,2023-05-26
NVDA,datacenter_revenue,Q,2023-05-01,2023-07-30,2023Q2,2023-08-28,2023-08-25T23:36:34Z,0001045810-23-000175,10323000000,4284000000,3806000000,1.4096638655,1.7122963741,0.1424,1.5698963741,True,2023-08-28
NVDA,datacenter_revenue,Q,2023-07-31,2023-10-29,2023Q3,2023-11-21,2023-11-21T21:36:29Z,0001045810-23-000227,14514000000,10323000000,3833000000,0.4059866318,2.7865901383,1.7122963741,1.0742937641,True,2023-11-21
NVDA,datacenter_revenue,Q,2023-10-30,2024-01-28,2023Q4,2024-02-21,2024-02-21T21:36:57Z,0001045810-24-000029,18404000000,14514000000,3616000000,0.268017087,4.0896017699,2.7865901383,1.3030116316,True,2024-02-21
NVDA,datacenter_revenue,Q,2024-01-29,2024-04-28,2024Q1,2024-05-29,2024-05-29T20:36:32Z,0001045810-24-000124,22563000000,18404000000,4284000000,0.2259834819,4.2668067227,4.0896017699,0.1772049528,True,2024-05-29
NVDA,datacenter_revenue,Q,2024-04-29,2024-07-28,2024Q2,2024-08-28,2024-08-28T21:05:08Z,0001045810-24-000264,26272000000,22563000000,10323000000,0.1643841688,1.5449966095,4.2668067227,-2.7218101132,True,2024-08-28
NVDA,datacenter_revenue,Q,2024-07-29,2024-10-27,2024Q3,2024-11-20,2024-11-20T21:31:22Z,0001045810-24-000316,30771000000,26272000000,14514000000,0.1712469549,1.1200909467,1.5449966095,-0.4249056628,True,2024-11-20
NVDA,datacenter_revenue,Q,2024-10-28,2025-01-26,2024Q4,2025-02-26,2025-02-26T21:48:33Z,0001045810-25-000023,35580000000,30771000000,18404000000,0.1562835137,0.9332753749,1.1200909467,-0.1868155718,True,2025-02-26
NVDA,datacenter_revenue,Q,2025-01-27,2025-04-27,2025Q1,2025-05-28,2025-05-28T20:32:57Z,0001045810-25-000116,39112000000,35580000000,22563000000,0.0992692524,0.7334574303,0.9332753749,-0.1998179446,True,2025-05-28
NVDA,datacenter_revenue,Q,2025-04-28,2025-07-27,2025Q2,2025-08-27,2025-08-27T20:52:07Z,0001045810-25-000209,41096000000,39112000000,26272000000,0.0507261199,0.5642509135,0.7334574303,-0.1692065168,True,2025-08-27
NVDA,datacenter_revenue,Q,2025-07-28,2025-10-26,2025Q3,2025-11-19,2025-11-19T21:36:17Z,0001045810-25-000230,51215000000,41096000000,30771000000,0.2462283434,0.6643917975,0.5642509135,0.100140884,True,2025-11-19
NVDA,datacenter_revenue,Q,2025-10-27,2026-01-25,2025Q4,2026-02-25,2026-02-25T21:42:19Z,0001045810-26-000021,62314000000,51215000000,35580000000,0.2167138534,0.7513771782,0.6643917975,0.0869853807,True,2026-02-25
NVDA,datacenter_revenue,Q,2026-01-26,2026-04-26,2026Q1,2026-05-20,2026-05-20T20:35:52Z,0001045810-26-000052,75246000000,62314000000,39112000000,0.2075296081,0.923859685,0.7513771782,0.1724825068,True,2026-05-20
NVDA,datacenter_revenue,Q,2026-04-27,2026-07-26,2026Q2,2026-08-26,2026-08-26T20:36:00Z,0001045810-26-000075,89023000000,75246000000,41096000000,0.183092789,1.1662205567,0.923859685,0.2423608717,True,2026-08-26
NVDA,revenue,Q,2020-07-27,2020-10-25,2020Q3,2020-11-18,2020-11-18T21:35:57Z,0001045810-20-000189,4726000000,,,,,,,,2020-11-18
NVDA,revenue,Q,2020-10-26,2021-01-31,2020Q4,2022-03-18,2022-03-18T00:33:34Z,0001045810-22-000036,5003000000,4726000000,,0.058611934,,,,,2022-03-18
NVDA,revenue,Q,2021-02-01,2021-05-02,2021Q1,2021-05-26,2021-05-26T20:35:56Z,0001045810-21-000064,5661000000,,,,,,,,2021-05-26
NVDA,revenue,Q,2021-02-01,2021-05-02,2021Q1,2022-03-18,2022-03-18T00:33:34Z,0001045810-22-000036,5661000000,5003000000,,0.1315210873,,,,,2022-03-18
NVDA,revenue,Q,2021-05-03,2021-08-01,2021Q2,2021-08-20,2021-08-20T20:32:40Z,0001045810-21-000131,6507000000,5661000000,,0.1494435612,,,,,2021-08-20
NVDA,revenue,Q,2021-08-02,2021-10-31,2021Q3,2021-11-22,2021-11-20T02:16:20Z,0001045810-21-000163,7103000000,6507000000,4726000000,0.0915936684,0.502962336,,,True,2021-11-22
NVDA,revenue,Q,2021-11-01,2022-01-30,2021Q4,2022-03-18,2022-03-18T00:33:34Z,0001045810-22-000036,7643000000,7103000000,5003000000,0.0760242151,0.52768339,0.502962336,0.024721054,True,2022-03-18
NVDA,revenue,Q,2022-01-31,2022-05-01,2022Q1,2022-05-27,2022-05-27T20:21:55Z,0001045810-22-000079,8288000000,7643000000,5661000000,0.084390946,0.4640522876,0.52768339,-0.0636311024,True,2022-05-27
NVDA,revenue,Q,2022-05-02,2022-07-31,2022Q2,2022-08-31,2022-08-31T21:01:35Z,0001045810-22-000147,6704000000,8288000000,6507000000,-0.1911196911,0.0302750884,0.4640522876,-0.4337771992,True,2022-08-31
NVDA,revenue,Q,2022-08-01,2022-10-30,2022Q3,2022-11-18,2022-11-18T21:35:31Z,0001045810-22-000166,5931000000,6704000000,7103000000,-0.1153042959,-0.1650007039,0.0302750884,-0.1952757923,True,2022-11-18
NVDA,revenue,Q,2022-10-31,2023-01-29,2022Q4,2023-02-24,2023-02-24T22:23:43Z,0001045810-23-000017,6051000000,5931000000,7643000000,0.0202326758,-0.2082951721,-0.1650007039,-0.0432944681,True,2023-02-24
NVDA,revenue,Q,2023-01-30,2023-04-30,2023Q1,2023-05-26,2023-05-26T20:17:32Z,0001045810-23-000093,7192000000,6051000000,8288000000,0.1885638737,-0.1322393822,-0.2082951721,0.0760557898,True,2023-05-26
NVDA,revenue,Q,2023-05-01,2023-07-30,2023Q2,2023-08-28,2023-08-25T23:36:34Z,0001045810-23-000175,13507000000,7192000000,6704000000,0.8780589544,1.0147673031,-0.1322393822,1.1470066853,True,2023-08-28
NVDA,revenue,Q,2023-07-31,2023-10-29,2023Q3,2023-11-21,2023-11-21T21:36:29Z,0001045810-23-000227,18120000000,13507000000,5931000000,0.3415266158,2.0551340415,1.0147673031,1.0403667384,True,2023-11-21
NVDA,revenue,Q,2023-10-30,2024-01-28,2023Q4,2024-02-21,2024-02-21T21:36:57Z,0001045810-24-000029,22103000000,18120000000,6051000000,0.219812362,2.6527846637,2.0551340415,0.5976506222,True,2024-02-21
NVDA,revenue,Q,2024-01-29,2024-04-28,2024Q1,2024-05-29,2024-05-29T20:36:32Z,0001045810-24-000124,26044000000,22103000000,7192000000,0.178301588,2.6212458287,2.6527846637,-0.031538835,True,2024-05-29
NVDA,revenue,Q,2024-04-29,2024-07-28,2024Q2,2024-08-28,2024-08-28T21:05:08Z,0001045810-24-000264,30040000000,26044000000,13507000000,0.1534326524,1.2240319834,2.6212458287,-1.3972138453,True,2024-08-28
NVDA,revenue,Q,2024-07-29,2024-10-27,2024Q3,2024-11-20,2024-11-20T21:31:22Z,0001045810-24-000316,35082000000,30040000000,18120000000,0.1678428762,0.9360927152,1.2240319834,-0.2879392682,True,2024-11-20
NVDA,revenue,Q,2024-10-28,2025-01-26,2024Q4,2025-02-26,2025-02-26T21:48:33Z,0001045810-25-000023,39331000000,35082000000,22103000000,0.1211162419,0.7794417047,0.9360927152,-0.1566510105,True,2025-02-26
NVDA,revenue,Q,2025-01-27,2025-04-27,2025Q1,2025-05-28,2025-05-28T20:32:57Z,0001045810-25-000116,44062000000,39331000000,26044000000,0.1202867967,0.6918292121,0.7794417047,-0.0876124926,True,2025-05-28
NVDA,revenue,Q,2025-04-28,2025-07-27,2025Q2,2025-08-27,2025-08-27T20:52:07Z,0001045810-25-000209,46743000000,44062000000,30040000000,0.0608460805,0.5560252996,0.6918292121,-0.1358039125,True,2025-08-27
NVDA,revenue,Q,2025-07-28,2025-10-26,2025Q3,2025-11-19,2025-11-19T21:36:17Z,0001045810-25-000230,57006000000,46743000000,35082000000,0.2195622874,0.6249358645,0.5560252996,0.0689105649,True,2025-11-19
NVDA,revenue,Q,2025-10-27,2026-01-25,2025Q4,2026-02-25,2026-02-25T21:42:19Z,0001045810-26-000021,68127000000,57006000000,39331000000,0.1950847279,0.7321451273,0.6249358645,0.1072092627,True,2026-02-25
NVDA,revenue,Q,2026-01-26,2026-04-26,2026Q1,2026-05-20,2026-05-20T20:35:52Z,0001045810-26-000052,81615000000,68127000000,44062000000,0.1979831785,0.8522763379,0.7321451273,0.1201312106,True,2026-05-20
NVDA,revenue,Q,2026-04-27,2026-07-26,2026Q2,2026-08-26,2026-08-26T20:36:00Z,0001045810-26-000075,96221000000,81615000000,46743000000,0.1789622006,1.0585114349,0.8522763379,0.206235097,True,2026-08-26
ORCL,capex,Q,2020-12-01,2021-02-28,2021Q1,2021-03-11,2021-03-11T21:26:29Z,0001564590-21-012539,414000000,,,,,,,,2021-03-11
ORCL,capex,Q,2021-03-01,2021-05-31,2021Q2,2021-06-21,2021-06-21T20:10:31Z,0001564590-21-033616,717000000,414000000,,0.731884058,,,,,2021-06-21
ORCL,capex,Q,2021-06-01,2021-08-31,2021Q3,2021-09-13,2021-09-13T21:23:09Z,0001564590-21-047772,1062000000,717000000,,0.4811715481,,,,,2021-09-13
ORCL,capex,Q,2021-09-01,2021-11-30,2021Q4,2021-12-10,2021-12-10T21:12:50Z,0001564590-21-060022,925000000,1062000000,,-0.1290018832,,,,,2021-12-10
ORCL,capex,Q,2021-12-01,2022-02-28,2022Q1,2022-03-11,2022-03-11T21:14:54Z,0001564590-22-009859,1101000000,925000000,414000000,0.1902702703,1.6594202899,,,True,2022-03-11
ORCL,capex,Q,2022-03-01,2022-05-31,2022Q2,2022-06-21,2022-06-21T12:04:37Z,0001564590-22-023675,1423000000,1101000000,717000000,0.2924613987,0.9846582985,1.6594202899,-0.6747619914,True,2022-06-21
ORCL,capex,Q,2022-06-01,2022-08-31,2022Q3,2022-09-13,2022-09-13T20:12:07Z,0001564590-22-031545,1719000000,1423000000,1062000000,0.2080112439,0.6186440678,0.9846582985,-0.3660142307,True,2022-09-13
ORCL,capex,Q,2022-09-01,2022-11-30,2022Q4,2022-12-13,2022-12-13T21:07:10Z,0001564590-22-039278,2435000000,1719000000,925000000,0.4165212333,1.6324324324,0.6186440678,1.0137883646,True,2022-12-13
ORCL,capex,Q,2022-12-01,2023-02-28,2023Q1,2023-03-10,2023-03-10T21:06:25Z,0001564590-23-003413,2628000000,2435000000,1101000000,0.0792607803,1.3869209809,1.6324324324,-0.2455114515,True,2023-03-10
ORCL,capex,Q,2023-03-01,2023-05-31,2023Q2,2023-06-20,2023-06-20T20:06:29Z,0000950170-23-028914,1913000000,2628000000,1423000000,-0.2720700152,0.3443429375,1.3869209809,-1.0425780435,True,2023-06-20
ORCL,capex,Q,2023-06-01,2023-08-31,2023Q3,2023-09-12,2023-09-12T20:08:07Z,0000950170-23-047713,1314000000,1913000000,1719000000,-0.3131207527,-0.2356020942,0.3443429375,-0.5799450317,True,2023-09-12
ORCL,capex,Q,2023-09-01,2023-11-30,2023Q4,2023-12-12,2023-12-12T21:04:41Z,0000950170-23-069682,1080000000,1314000000,2435000000,-0.1780821918,-0.5564681725,-0.2356020942,-0.3208660782,True,2023-12-12
ORCL,capex,Q,2023-12-01,2024-02-29,2024Q1,2024-03-12,2024-03-12T20:05:03Z,0000950170-24-029904,1674000000,1080000000,2628000000,0.55,-0.3630136986,-0.5564681725,0.1934544739,True,2024-03-12
ORCL,capex,Q,2024-03-01,2024-05-31,2024Q2,2024-06-20,2024-06-20T20:21:35Z,0000950170-24-075605,2798000000,1674000000,1913000000,0.6714456392,0.4626241505,-0.3630136986,0.8256378492,True,2024-06-20
ORCL,capex,Q,2024-06-01,2024-08-31,2024Q3,2024-09-10,2024-09-10T10:05:11Z,0000950170-24-104905,2303000000,2798000000,1314000000,-0.1769120801,0.7526636225,0.4626241505,0.290039472,True,2024-09-10
ORCL,capex,Q,2024-09-01,2024-11-30,2024Q4,2024-12-10,2024-12-10T21:11:21Z,0000950170-24-134973,3970000000,2303000000,1080000000,0.7238384716,2.6759259259,0.7526636225,1.9232623034,True,2024-12-10
ORCL,capex,Q,2024-12-01,2025-02-28,2025Q1,2025-03-11,2025-03-11T20:11:43Z,0000950170-25-037143,5862000000,3970000000,1674000000,0.4765743073,2.5017921147,2.6759259259,-0.1741338112,True,2025-03-11
ORCL,capex,Q,2025-03-01,2025-05-31,2025Q2,2025-06-18,2025-06-18T20:31:22Z,0000950170-25-087926,9080000000,5862000000,2798000000,0.5489593995,2.2451751251,2.5017921147,-0.2566169896,True,2025-06-18
ORCL,capex,Q,2025-06-01,2025-08-31,2025Q3,2025-09-10,2025-09-10T20:11:23Z,0001193125-25-200095,8502000000,9080000000,2303000000,-0.0636563877,2.6917064698,2.2451751251,0.4465313447,True,2025-09-10
ORCL,capex,Q,2025-09-01,2025-11-30,2025Q4,2025-12-11,2025-12-11T21:07:47Z,0001193125-25-315925,12033000000,8502000000,3970000000,0.4153140438,2.0309823678,2.6917064698,-0.6607241021,True,2025-12-11
ORCL,capex,Q,2025-12-01,2026-02-28,2026Q1,2026-03-11,2026-03-11T10:38:49Z,0001193125-26-101045,18635000000,12033000000,5862000000,0.5486578576,2.1789491641,2.0309823678,0.1479667963,True,2026-03-11
ORCL,capex,Q,2026-03-01,2026-05-31,2026Q2,2026-06-22,2026-06-22T20:12:40Z,0001193125-26-277521,16493000000,18635000000,9080000000,-0.114944996,0.8164096916,2.1789491641,-1.3625394725,True,2026-06-22
ORCL,capex,Q,2026-06-01,2026-08-31,2026Q3,2026-09-11,2026-09-11T20:10:12Z,0001193125-26-389274,28499000000,16493000000,8502000000,0.7279451889,2.3520348153,0.8164096916,1.5356251237,True,2026-09-11
