ticker,concept,period_type,period_start,period_end,calendar_quarter,fiscal_year,fiscal_quarter,filed,accepted_utc,value,form,accession,method,tag,inputs,vintage,confirmed_by,qa_flags
AMD,revenue,Q,2020-09-27,2020-12-26,2020Q4,2020,4,2021-01-29,2021-01-29T22:24:00Z,3244000000,10-K,0001628280-21-001185,direct,RevenueFromContractWithCustomerExcludingAssessedTax,0001628280-21-001185,0,0001628280-21-001185,
AMD,revenue,Q,2020-12-27,2021-03-27,2021Q1,2021,1,2021-04-28,2021-04-28T20:39:55Z,3445000000,10-Q,0000002488-21-000056,direct,RevenueFromContractWithCustomerExcludingAssessedTax,0000002488-21-000056,0,0000002488-21-000056;0000002488-22-000078,
AMD,revenue,Q,2021-03-28,2021-06-26,2021Q2,2021,2,2021-07-28,2021-07-28T20:46:31Z,3850000000,10-Q,0000002488-21-000116,direct,RevenueFromContractWithCustomerExcludingAssessedTax,0000002488-21-000116,0,0000002488-21-000116;0000002488-22-000123,
AMD,revenue,Q,2021-06-27,2021-09-25,2021Q3,2021,3,2021-10-27,2021-10-27T20:37:56Z,4313000000,10-Q,0000002488-21-000178,direct,RevenueFromContractWithCustomerExcludingAssessedTax,0000002488-21-000178,0,0000002488-21-000178;0000002488-22-000170,
AMD,revenue,Q,2021-09-26,2021-12-25,2021Q4,2021,4,2022-02-03,2022-02-03T22:22:50Z,4826000000,10-K,0000002488-22-000016,fy_minus_9m,RevenueFromContractWithCustomerExcludingAssessedTax,0000002488-21-000178;0000002488-22-000016,0,0000002488-22-000016;0000002488-23-000047;0000002488-24-000012,
AMD,revenue,Q,2021-12-26,2022-03-26,2022Q1,2022,1,2022-05-04,2022-05-04T20:50:40Z,5887000000,10-Q,0000002488-22-000078,direct,RevenueFromContractWithCustomerExcludingAssessedTax,0000002488-22-000078,0,0000002488-22-000078;0000002488-23-000076,
AMD,revenue,Q,2022-03-27,2022-06-25,2022Q2,2022,2,2022-08-03,2022-08-03T21:15:57Z,6550000000,10-Q,0000002488-22-000123,direct,RevenueFromContractWithCustomerExcludingAssessedTax,0000002488-22-000123,0,0000002488-22-000123;0000002488-23-000139,
AMD,revenue,Q,2022-06-26,2022-09-24,2022Q3,2022,3,2022-11-02,2022-11-02T20:35:10Z,5565000000,10-Q,0000002488-22-000170,direct,RevenueFromContractWithCustomerExcludingAssessedTax,0000002488-22-000170,0,0000002488-22-000170;0000002488-23-000195,
AMD,revenue,Q,2022-09-25,2022-12-31,2022Q4,2022,4,2023-02-27,2023-02-27T21:20:39Z,5599000000,10-K,0000002488-23-000047,fy_minus_9m,RevenueFromContractWithCustomerExcludingAssessedTax,0000002488-22-000170;0000002488-23-000047,0,0000002488-23-000047;0000002488-24-000012;0000002488-25-000012,
AMD,revenue,Q,2023-01-01,2023-04-01,2023Q1,2023,1,2023-05-03,2023-05-03T20:28:42Z,5353000000,10-Q,0000002488-23-000076,direct,RevenueFromContractWithCustomerExcludingAssessedTax,0000002488-23-000076,0,0000002488-23-000076;0000002488-24-000056,
AMD,revenue,Q,2023-04-02,2023-07-01,2023Q2,2023,2,2023-08-02,2023-08-02T21:12:01Z,5359000000,10-Q,0000002488-23-000139,direct,RevenueFromContractWithCustomerExcludingAssessedTax,0000002488-23-000139,0,0000002488-23-000139;0000002488-24-000123,
AMD,revenue,Q,2023-07-02,2023-09-30,2023Q3,2023,3,2023-11-01,2023-11-01T20:20:28Z,5800000000,10-Q,0000002488-23-000195,direct,RevenueFromContractWithCustomerExcludingAssessedTax,0000002488-23-000195,0,0000002488-23-000195;0000002488-24-000163,
AMD,revenue,Q,2023-10-01,2023-12-30,2023Q4,2023,4,2024-01-31,2024-01-31T22:16:39Z,6168000000,10-K,0000002488-24-000012,fy_minus_9m,RevenueFromContractWithCustomerExcludingAssessedTax,0000002488-23-000195;0000002488-24-000012,0,0000002488-24-000012;0000002488-25-000012;0000002488-26-000018,
AMD,revenue,Q,2023-12-31,2024-03-30,2024Q1,2024,1,2024-05-01,2024-05-01T20:10:44Z,5473000000,10-Q,0000002488-24-000056,direct,RevenueFromContractWithCustomerExcludingAssessedTax,0000002488-24-000056,0,0000002488-24-000056;0000002488-25-000047,
AMD,revenue,Q,2024-03-31,2024-06-29,2024Q2,2024,2,2024-07-31,2024-07-31T20:20:22Z,5835000000,10-Q,0000002488-24-000123,direct,RevenueFromContractWithCustomerExcludingAssessedTax,0000002488-24-000123,0,0000002488-24-000123;0000002488-25-000108,
AMD,revenue,Q,2024-06-30,2024-09-28,2024Q3,2024,3,2024-10-30,2024-10-30T20:26:03Z,6819000000,10-Q,0000002488-24-000163,direct,RevenueFromContractWithCustomerExcludingAssessedTax,0000002488-24-000163,0,0000002488-24-000163;0000002488-25-000166,
AMD,revenue,Q,2024-09-29,2024-12-28,2024Q4,2024,4,2025-02-05,2025-02-05T21:42:57Z,7658000000,10-K,0000002488-25-000012,fy_minus_9m,RevenueFromContractWithCustomerExcludingAssessedTax,0000002488-24-000163;0000002488-25-000012,0,0000002488-25-000012;0000002488-26-000018,
AMD,revenue,Q,2024-12-29,2025-03-29,2025Q1,2025,1,2025-05-07,2025-05-06T22:04:48Z,7438000000,10-Q,0000002488-25-000047,direct,RevenueFromContractWithCustomerExcludingAssessedTax,0000002488-25-000047,0,0000002488-25-000047;0000002488-26-000076,
AMD,revenue,Q,2025-03-30,2025-06-28,2025Q2,2025,2,2025-08-06,2025-08-05T22:08:21Z,7685000000,10-Q,0000002488-25-000108,direct,RevenueFromContractWithCustomerExcludingAssessedTax,0000002488-25-000108,0,0000002488-25-000108;0000002488-26-000123,
AMD,revenue,Q,2025-06-29,2025-09-27,2025Q3,2025,3,2025-11-05,2025-11-04T23:07:50Z,9246000000,10-Q,0000002488-25-000166,direct,RevenueFromContractWithCustomerExcludingAssessedTax,0000002488-25-000166,0,0000002488-25-000166,
AMD,revenue,Q,2025-09-28,2025-12-27,2025Q4,2025,4,2026-02-04,2026-02-03T23:14:52Z,10270000000,10-K,0000002488-26-000018,fy_minus_9m,RevenueFromContractWithCustomerExcludingAssessedTax,0000002488-25-000166;0000002488-26-000018,0,0000002488-26-000018,
AMD,revenue,Q,2025-12-28,2026-03-28,2026Q1,2026,1,2026-05-06,2026-05-05T22:06:27Z,10253000000,10-Q,0000002488-26-000076,direct,RevenueFromContractWithCustomerExcludingAssessedTax,0000002488-26-000076,0,0000002488-26-000076,
AMD,revenue,Q,2026-03-29,2026-06-27,2026Q2,2026,2,2026-08-05,2026-08-04T21:40:01Z,11536000000,10-Q,0000002488-26-000123,direct,RevenueFromContractWithCustomerExcludingAssessedTax,0000002488-26-000123,0,0000002488-26-000123,
AMZN,capex,Q,2021-01-01,2021-03-31,2021Q1,2021,1,2021-04-30,2021-04-30T02:48:35Z,12082000000,10-Q,0001018724-21-000010,direct,PaymentsToAcquireProductiveAssets,0001018724-21-000010,0,0001018724-21-000010;0001018724-22-000013,
AMZN,capex,Q,2021-04-01,2021-06-30,2021Q2,2021,2,2021-07-30,2021-07-30T03:02:39Z,14288000000,10-Q,0001018724-21-000020,direct,PaymentsToAcquireProductiveAssets,0001018724-21-000020,0,0001018724-21-000020;0001018724-22-000019,
AMZN,capex,Q,2021-07-01,2021-09-30,2021Q3,2021,3,2021-10-29,2021-10-29T02:29:31Z,15748000000,10-Q,0001018724-21-000028,direct,PaymentsToAcquireProductiveAssets,0001018724-21-000028,0,0001018724-21-000028;0001018724-22-000023,
AMZN,capex,Q,2021-10-01,2021-12-31,2021Q4,2021,4,2022-02-04,2022-02-04T04:46:51Z,18935000000,10-K,0001018724-22-000005,fy_minus_9m,PaymentsToAcquireProductiveAssets,0001018724-21-000028;0001018724-22-000005,0,0001018724-22-000005;0001018724-23-000004;0001018724-24-000008,
AMZN,capex,Q,2022-01-01,2022-03-31,2022Q1,2022,1,2022-04-29,2022-04-29T02:29:24Z,14951000000,10-Q,0001018724-22-000013,direct,PaymentsToAcquireProductiveAssets,0001018724-22-000013,0,0001018724-22-000013;0001018724-23-000008,
AMZN,capex,Q,2022-04-01,2022-06-30,2022Q2,2022,2,2022-07-29,2022-07-29T02:24:06Z,15724000000,10-Q,0001018724-22-000019,direct,PaymentsToAcquireProductiveAssets,0001018724-22-000019,0,0001018724-22-000019;0001018724-23-000012,
AMZN,capex,Q,2022-07-01,2022-09-30,2022Q3,2022,3,2022-10-28,2022-10-28T02:23:57Z,16378000000,10-Q,0001018724-22-000023,direct,PaymentsToAcquireProductiveAssets,0001018724-22-000023,0,0001018724-22-000023;0001018724-23-000018,
AMZN,capex,Q,2022-10-01,2022-12-31,2022Q4,2022,4,2023-02-03,2023-02-03T04:27:34Z,16592000000,10-K,0001018724-23-000004,fy_minus_9m,PaymentsToAcquireProductiveAssets,0001018724-22-000023;0001018724-23-000004,0,0001018724-23-000004;0001018724-24-000008;0001018724-25-000004,
AMZN,capex,Q,2023-01-01,2023-03-31,2023Q1,2023,1,2023-04-28,2023-04-28T02:24:51Z,14207000000,10-Q,0001018724-23-000008,direct,PaymentsToAcquireProductiveAssets,0001018724-23-000008,0,0001018724-23-000008;0001018724-24-000083,
AMZN,capex,Q,2023-04-01,2023-06-30,2023Q2,2023,2,2023-08-04,2023-08-04T02:24:35Z,11455000000,10-Q,0001018724-23-000012,direct,PaymentsToAcquireProductiveAssets,0001018724-23-000012,0,0001018724-23-000012;0001018724-24-000130,
AMZN,capex,Q,2023-07-01,2023-09-30,2023Q3,2023,3,2023-10-27,2023-10-27T02:36:51Z,12479000000,10-Q,0001018724-23-000018,direct,PaymentsToAcquireProductiveAssets,0001018724-23-000018,0,0001018724-23-000018;0001018724-24-000161,
AMZN,capex,Q,2023-10-01,2023-12-31,2023Q4,2023,4,2024-02-02,2024-02-02T04:48:30Z,14588000000,10-K,0001018724-24-000008,fy_minus_9m,PaymentsToAcquireProductiveAssets,0001018724-23-000018;0001018724-24-000008,0,0001018724-24-000008;0001018724-25-000004;0001018724-26-000004,
AMZN,capex,Q,2024-01-01,2024-03-31,2024Q1,2024,1,2024-05-01,2024-05-01T02:38:29Z,14925000000,10-Q,0001018724-24-000083,direct,PaymentsToAcquireProductiveAssets,0001018724-24-000083,0,0001018724-24-000083;0001018724-25-000036,
AMZN,capex,Q,2024-04-01,2024-06-30,2024Q2,2024,2,2024-08-02,2024-08-02T02:39:50Z,17620000000,10-Q,0001018724-24-000130,direct,PaymentsToAcquireProductiveAssets,0001018724-24-000130,0,0001018724-24-000130;0001018724-25-000086,
AMZN,capex,Q,2024-07-01,2024-09-30,2024Q3,2024,3,2024-11-01,2024-11-01T02:44:54Z,22620000000,10-Q,0001018724-24-000161,direct,PaymentsToAcquireProductiveAssets,0001018724-24-000161,0,0001018724-24-000161;0001018724-25-000123,
AMZN,capex,Q,2024-10-01,2024-12-31,2024Q4,2024,4,2025-02-07,2025-02-07T04:40:29Z,27834000000,10-K,0001018724-25-000004,fy_minus_9m,PaymentsToAcquireProductiveAssets,0001018724-24-000161;0001018724-25-000004,0,0001018724-25-000004;0001018724-26-000004,
AMZN,capex,Q,2025-01-01,2025-03-31,2025Q1,2025,1,2025-05-02,2025-05-02T02:14:53Z,25019000000,10-Q,0001018724-25-000036,direct,PaymentsToAcquireProductiveAssets,0001018724-25-000036,0,0001018724-25-000036;0001018724-26-000014,
AMZN,capex,Q,2025-04-01,2025-06-30,2025Q2,2025,2,2025-08-01,2025-08-01T02:13:08Z,32183000000,10-Q,0001018724-25-000086,direct,PaymentsToAcquireProductiveAssets,0001018724-25-000086,0,0001018724-25-000086;0001018724-26-000026,
AMZN,capex,Q,2025-07-01,2025-09-30,2025Q3,2025,3,2025-10-31,2025-10-31T02:18:21Z,35095000000,10-Q,0001018724-25-000123,direct,PaymentsToAcquireProductiveAssets,0001018724-25-000123,0,0001018724-25-000123,
AMZN,capex,Q,2025-10-01,2025-12-31,2025Q4,2025,4,2026-02-06,2026-02-06T04:44:31Z,39522000000,10-K,0001018724-26-000004,fy_minus_9m,PaymentsToAcquireProductiveAssets,0001018724-25-000123;0001018724-26-000004,0,0001018724-26-000004,
AMZN,capex,Q,2026-01-01,2026-03-31,2026Q1,2026,1,2026-04-30,2026-04-30T02:48:09Z,44203000000,10-Q,0001018724-26-000014,direct,PaymentsToAcquireProductiveAssets,0001018724-26-000014,0,0001018724-26-000014,
AMZN,capex,Q,2026-04-01,2026-06-30,2026Q2,2026,2,2026-07-31,2026-07-31T02:11:13Z,54208000000,10-Q,0001018724-26-000026,direct,PaymentsToAcquireProductiveAssets,0001018724-26-000026,0,0001018724-26-000026,
AVGO,revenue,Q,2020-08-03,2020-11-01,2020Q3,2020,4,2020-12-18,2020-12-18T22:07:10Z,6467000000,10-K,0001730168-20-000226,direct,RevenueFromContractWithCustomerExcludingAssessedTax,0001730168-20-000226,0,0001730168-20-000226,
AVGO,revenue,Q,2020-11-02,2021-01-31,2020Q4,2021,1,2021-03-12,2021-03-12T21:37:52Z,6655000000,10-Q,0001730168-21-000045,direct,RevenueFromContractWithCustomerExcludingAssessedTax,0001730168-21-000045,0,0001730168-21-000045;0001730168-22-000029,
AVGO,revenue,Q,2021-02-01,2021-05-02,2021Q1,2021,2,2021-06-11,2021-06-11T19:22:26Z,6610000000,10-Q,0001730168-21-000116,direct,RevenueFromContractWithCustomerExcludingAssessedTax,0001730168-21-000116,0,0001730168-21-000116;0001730168-22-000081,
AVGO,revenue,Q,2021-05-03,2021-08-01,2021Q2,2021,3,2021-09-09,2021-09-09T20:19:53Z,6778000000,10-Q,0001730168-21-000123,direct,RevenueFromContractWithCustomerExcludingAssessedTax,0001730168-21-000123,0,0001730168-21-000123;0001730168-22-000094,
AVGO,revenue,Q,2021-08-02,2021-10-31,2021Q3,2021,4,2021-12-17,2021-12-17T21:42:51Z,7407000000,10-K,0001730168-21-000153,fy_minus_9m,RevenueFromContractWithCustomerExcludingAssessedTax,0001730168-21-000123;0001730168-21-000153,0,0001730168-21-000153;0001730168-22-000118;0001730168-23-000096,
AVGO,revenue,Q,2021-11-01,2022-01-30,2021Q4,2022,1,2022-03-10,2022-03-10T21:31:23Z,7706000000,10-Q,0001730168-22-000029,direct,RevenueFromContractWithCustomerExcludingAssessedTax,0001730168-22-000029,0,0001730168-22-000029;0001730168-23-000008,
AVGO,revenue,Q,2022-01-31,2022-05-01,2022Q1,2022,2,2022-06-09,2022-06-09T20:12:03Z,8103000000,10-Q,0001730168-22-000081,direct,RevenueFromContractWithCustomerExcludingAssessedTax,0001730168-22-000081,0,0001730168-22-000081;0001730168-23-000064,
AVGO,revenue,Q,2022-05-02,2022-07-31,2022Q2,2022,3,2022-09-08,2022-09-08T20:16:55Z,8464000000,10-Q,0001730168-22-000094,direct,RevenueFromContractWithCustomerExcludingAssessedTax,0001730168-22-000094,0,0001730168-22-000094;0001730168-23-000077,
AVGO,revenue,Q,2022-08-01,2022-10-30,2022Q3,2022,4,2022-12-16,2022-12-16T21:21:52Z,8930000000,10-K,0001730168-22-000118,fy_minus_9m,RevenueFromContractWithCustomerExcludingAssessedTax,0001730168-22-000094;0001730168-22-000118,0,0001730168-22-000118;0001730168-23-000096;0001730168-24-000139,
AVGO,revenue,Q,2022-10-31,2023-01-29,2022Q4,2023,1,2023-03-08,2023-03-08T21:10:18Z,8915000000,10-Q,0001730168-23-000008,direct,RevenueFromContractWithCustomerExcludingAssessedTax,0001730168-23-000008,0,0001730168-23-000008;0001730168-24-000023,
AVGO,revenue,Q,2023-01-30,2023-04-30,2023Q1,2023,2,2023-06-07,2023-06-07T20:22:00Z,8733000000,10-Q,0001730168-23-000064,direct,RevenueFromContractWithCustomerExcludingAssessedTax,0001730168-23-000064,0,0001730168-23-000064;0001730168-24-000080,
AVGO,revenue,Q,2023-05-01,2023-07-30,2023Q2,2023,3,2023-09-06,2023-09-06T20:16:18Z,8876000000,10-Q,0001730168-23-000077,direct,RevenueFromContractWithCustomerExcludingAssessedTax,0001730168-23-000077,0,0001730168-23-000077;0001730168-24-000099,
AVGO,revenue,Q,2023-07-31,2023-10-29,2023Q3,2023,4,2023-12-14,2023-12-14T21:54:05Z,9295000000,10-K,0001730168-23-000096,fy_minus_9m,RevenueFromContractWithCustomerExcludingAssessedTax,0001730168-23-000077;0001730168-23-000096,0,0001730168-23-000096;0001730168-24-000139;0001730168-25-000121,
AVGO,revenue,Q,2023-10-30,2024-02-04,2023Q4,2024,1,2024-03-14,2024-03-14T20:59:58Z,11961000000,10-Q,0001730168-24-000023,direct,RevenueFromContractWithCustomerExcludingAssessedTax,0001730168-24-000023,0,0001730168-24-000023;0001730168-25-000021,
AVGO,revenue,Q,2024-02-05,2024-05-05,2024Q1,2024,2,2024-06-13,2024-06-13T00:14:25Z,12487000000,10-Q,0001730168-24-000080,direct,RevenueFromContractWithCustomerExcludingAssessedTax,0001730168-24-000080,0,0001730168-24-000080;0001730168-25-000064,
AVGO,revenue,Q,2024-05-06,2024-08-04,2024Q2,2024,3,2024-09-11,2024-09-11T20:37:29Z,13072000000,10-Q,0001730168-24-000099,direct,RevenueFromContractWithCustomerExcludingAssessedTax,0001730168-24-000099,0,0001730168-24-000099;0001730168-25-000098,
AVGO,revenue,Q,2024-08-05,2024-11-03,2024Q3,2024,4,2024-12-20,2024-12-20T22:26:46Z,14054000000,10-K,0001730168-24-000139,fy_minus_9m,RevenueFromContractWithCustomerExcludingAssessedTax,0001730168-24-000099;0001730168-24-000139,0,0001730168-24-000139;0001730168-25-000121,
AVGO,revenue,Q,2024-11-04,2025-02-02,2024Q4,2025,1,2025-03-12,2025-03-12T20:38:04Z,14916000000,10-Q,0001730168-25-000021,direct,RevenueFromContractWithCustomerExcludingAssessedTax,0001730168-25-000021,0,0001730168-25-000021;0001730168-26-000016,
AVGO,revenue,Q,2025-02-03,2025-05-04,2025Q1,2025,2,2025-06-11,2025-06-11T20:08:32Z,15004000000,10-Q,0001730168-25-000064,direct,RevenueFromContractWithCustomerExcludingAssessedTax,0001730168-25-000064,0,0001730168-25-000064;0001730168-26-000054,
AVGO,revenue,Q,2025-05-05,2025-08-03,2025Q2,2025,3,2025-09-10,2025-09-10T20:00:41Z,15952000000,10-Q,0001730168-25-000098,direct,RevenueFromContractWithCustomerExcludingAssessedTax,0001730168-25-000098,0,0001730168-25-000098;0001730168-26-000080,
AVGO,revenue,Q,2025-08-04,2025-11-02,2025Q3,2025,4,2025-12-18,2025-12-18T21:04:47Z,18015000000,10-K,0001730168-25-000121,fy_minus_9m,RevenueFromContractWithCustomerExcludingAssessedTax,0001730168-25-000098;0001730168-25-000121,0,0001730168-25-000121,
AVGO,revenue,Q,2025-11-03,2026-02-01,2025Q4,2026,1,2026-03-11,2026-03-11T20:43:59Z,19311000000,10-Q,0001730168-26-000016,direct,RevenueFromContractWithCustomerExcludingAssessedTax,0001730168-26-000016,0,0001730168-26-000016,
AVGO,revenue,Q,2026-02-02,2026-05-03,2026Q1,2026,2,2026-06-09,2026-06-09T13:06:09Z,22187000000,10-Q,0001730168-26-000054,direct,RevenueFromContractWithCustomerExcludingAssessedTax,0001730168-26-000054,0,0001730168-26-000054,
AVGO,revenue,Q,2026-05-04,2026-08-02,2026Q2,2026,3,2026-09-10,2026-09-09T21:56:42Z,29591000000,10-Q,0001730168-26-000080,direct,RevenueFromContractWithCustomerExcludingAssessedTax,0001730168-26-000080,0,0001730168-26-000080,
CRWV,revenue,Q,2024-01-01,2024-03-31,2024Q1,2024,1,2025-05-15,2025-05-15T04:01:57Z,188684000,10-Q,0001769628-25-000014,direct,RevenueFromContractWithCustomerExcludingAssessedTax,0001769628-25-000014,0,0001769628-25-000014,
CRWV,revenue,Q,2024-04-01,2024-06-30,2024Q2,2024,2,2025-08-13,2025-08-13T02:18:48Z,395371000,10-Q,0001769628-25-000041,direct,RevenueFromContractWithCustomerExcludingAssessedTax,0001769628-25-000041,0,0001769628-25-000041,
CRWV,revenue,Q,2024-07-01,2024-09-30,2024Q3,2024,3,2025-11-13,2025-11-14T02:19:11Z,583941000,10-Q,0001769628-25-000062,direct,RevenueFromContractWithCustomerExcludingAssessedTax,0001769628-25-000062,0,0001769628-25-000062,
CRWV,revenue,Q,2024-10-01,2024-12-31,2024Q4,2024,4,2026-03-02,2026-03-03T02:14:01Z,747004000,10-K,0001769628-26-000104,fy_minus_9m,RevenueFromContractWithCustomerExcludingAssessedTax,0001769628-25-000062;0001769628-26-000104,0,0001769628-26-000104,
CRWV,revenue,Q,2025-01-01,2025-03-31,2025Q1,2025,1,2025-05-15,2025-05-15T04:01:57Z,981632000,10-Q,0001769628-25-000014,direct,RevenueFromContractWithCustomerExcludingAssessedTax,0001769628-25-000014,0,0001769628-25-000014,
CRWV,revenue,Q,2025-01-01,2025-03-31,2025Q1,2025,1,2026-05-08,2026-05-08T03:21:42Z,982000000,10-Q,0001769628-26-000222,direct,RevenueFromContractWithCustomerExcludingAssessedTax,0001769628-26-000222,1,0001769628-26-000222,
CRWV,revenue,Q,2025-04-01,2025-06-30,2025Q2,2025,2,2025-08-13,2025-08-13T02:18:48Z,1212788000,10-Q,0001769628-25-000041,direct,RevenueFromContractWithCustomerExcludingAssessedTax,0001769628-25-000041,0,0001769628-25-000041,
CRWV,revenue,Q,2025-04-01,2025-06-30,2025Q2,2025,2,2026-08-12,2026-08-12T03:24:42Z,1212000000,10-Q,0001769628-26-000366,direct,RevenueFromContractWithCustomerExcludingAssessedTax,0001769628-26-000366,1,0001769628-26-000366,
CRWV,revenue,Q,2025-07-01,2025-09-30,2025Q3,2025,3,2025-11-13,2025-11-14T02:19:11Z,1364676000,10-Q,0001769628-25-000062,direct,RevenueFromContractWithCustomerExcludingAssessedTax,0001769628-25-000062,0,0001769628-25-000062,
CRWV,revenue,Q,2025-10-01,2025-12-31,2025Q4,2025,4,2026-03-02,2026-03-03T02:14:01Z,1571904000,10-K,0001769628-26-000104,fy_minus_9m,RevenueFromContractWithCustomerExcludingAssessedTax,0001769628-25-000062;0001769628-26-000104,0,0001769628-26-000104,
CRWV,revenue,Q,2026-01-01,2026-03-31,2026Q1,2026,1,2026-05-08,2026-05-08T03:21:42Z,2078000000,10-Q,0001769628-26-000222,direct,RevenueFromContractWithCustomerExcludingAssessedTax,0001769628-26-000222,0,0001769628-26-000222,
CRWV,revenue,Q,2026-04-01,2026-06-30,2026Q2,2026,2,2026-08-12,2026-08-12T03:24:42Z,2575000000,10-Q,0001769628-26-000366,direct,RevenueFromContractWithCustomerExcludingAssessedTax,0001769628-26-000366,0,0001769628-26-000366,
GOOGL,capex,Q,2021-01-01,2021-03-31,2021Q1,2021,1,2021-04-28,2021-04-27T23:17:57Z,5942000000,10-Q,0001652044-21-000020,direct,PaymentsToAcquirePropertyPlantAndEquipment,0001652044-21-000020,0,0001652044-21-000020;0001652044-22-000029,
GOOGL,capex,Q,2021-04-01,2021-06-30,2021Q2,2021,2,2021-07-28,2021-07-28T00:16:30Z,5496000000,10-Q,0001652044-21-000047,ytd_diff,PaymentsToAcquirePropertyPlantAndEquipment,0001652044-21-000020;0001652044-21-000047,0,0001652044-21-000047;0001652044-22-000071,
GOOGL,capex,Q,2021-07-01,2021-09-30,2021Q3,2021,3,2021-10-27,2021-10-26T23:47:06Z,6819000000,10-Q,0001652044-21-000057,ytd_diff,PaymentsToAcquirePropertyPlantAndEquipment,0001652044-21-000047;0001652044-21-000057,0,0001652044-21-000057;0001652044-22-000090,
GOOGL,capex,Q,2021-10-01,2021-12-31,2021Q4,2021,4,2022-02-02,2022-02-02T02:08:02Z,6383000000,10-K,0001652044-22-000019,fy_minus_9m,PaymentsToAcquirePropertyPlantAndEquipment,0001652044-21-000057;0001652044-22-000019,0,0001652044-22-000019;0001652044-23-000016;0001652044-24-000022,
GOOGL,capex,Q,2022-01-01,2022-03-31,2022Q1,2022,1,2022-04-27,2022-04-27T00:51:20Z,9786000000,10-Q,0001652044-22-000029,direct,PaymentsToAcquirePropertyPlantAndEquipment,0001652044-22-000029,0,0001652044-22-000029;0001652044-23-000045,
GOOGL,capex,Q,2022-04-01,2022-06-30,2022Q2,2022,2,2022-07-27,2022-07-26T23:29:36Z,6828000000,10-Q,0001652044-22-000071,ytd_diff,PaymentsToAcquirePropertyPlantAndEquipment,0001652044-22-000029;0001652044-22-000071,0,0001652044-22-000071;0001652044-23-000070,
GOOGL,capex,Q,2022-07-01,2022-09-30,2022Q3,2022,3,2022-10-26,2022-10-26T01:32:59Z,7276000000,10-Q,0001652044-22-000090,ytd_diff,PaymentsToAcquirePropertyPlantAndEquipment,0001652044-22-000071;0001652044-22-000090,0,0001652044-22-000090;0001652044-23-000094,
GOOGL,capex,Q,2022-10-01,2022-12-31,2022Q4,2022,4,2023-02-03,2023-02-03T02:23:45Z,7595000000,10-K,0001652044-23-000016,fy_minus_9m,PaymentsToAcquirePropertyPlantAndEquipment,0001652044-22-000090;0001652044-23-000016,0,0001652044-23-000016;0001652044-24-000022;0001652044-25-000014,
GOOGL,capex,Q,2023-01-01,2023-03-31,2023Q1,2023,1,2023-04-26,2023-04-26T00:15:00Z,6289000000,10-Q,0001652044-23-000045,direct,PaymentsToAcquirePropertyPlantAndEquipment,0001652044-23-000045,0,0001652044-23-000045;0001652044-24-000053,
GOOGL,capex,Q,2023-04-01,2023-06-30,2023Q2,2023,2,2023-07-26,2023-07-25T23:13:26Z,6888000000,10-Q,0001652044-23-000070,ytd_diff,PaymentsToAcquirePropertyPlantAndEquipment,0001652044-23-000045;0001652044-23-000070,0,0001652044-23-000070;0001652044-24-000079,
GOOGL,capex,Q,2023-07-01,2023-09-30,2023Q3,2023,3,2023-10-25,2023-10-24T22:39:13Z,8055000000,10-Q,0001652044-23-000094,ytd_diff,PaymentsToAcquirePropertyPlantAndEquipment,0001652044-23-000070;0001652044-23-000094,0,0001652044-23-000094;0001652044-24-000118,
GOOGL,capex,Q,2023-10-01,2023-12-31,2023Q4,2023,4,2024-01-31,2024-01-31T02:43:43Z,11019000000,10-K,0001652044-24-000022,fy_minus_9m,PaymentsToAcquirePropertyPlantAndEquipment,0001652044-23-000094;0001652044-24-000022,0,0001652044-24-000022;0001652044-25-000014;0001652044-26-000018,
GOOGL,capex,Q,2024-01-01,2024-03-31,2024Q1,2024,1,2024-04-26,2024-04-26T00:22:11Z,12012000000,10-Q,0001652044-24-000053,direct,PaymentsToAcquirePropertyPlantAndEquipment,0001652044-24-000053,0,0001652044-24-000053;0001652044-25-000043,
GOOGL,capex,Q,2024-04-01,2024-06-30,2024Q2,2024,2,2024-07-24,2024-07-23T23:12:07Z,13186000000,10-Q,0001652044-24-000079,ytd_diff,PaymentsToAcquirePropertyPlantAndEquipment,0001652044-24-000053;0001652044-24-000079,0,0001652044-24-000079;0001652044-25-000062,
GOOGL,capex,Q,2024-07-01,2024-09-30,2024Q3,2024,3,2024-10-30,2024-10-29T23:33:10Z,13061000000,10-Q,0001652044-24-000118,ytd_diff,PaymentsToAcquirePropertyPlantAndEquipment,0001652044-24-000079;0001652044-24-000118,0,0001652044-24-000118;0001652044-25-000091,
GOOGL,capex,Q,2024-10-01,2024-12-31,2024Q4,2024,4,2025-02-05,2025-02-05T01:41:40Z,14276000000,10-K,0001652044-25-000014,fy_minus_9m,PaymentsToAcquirePropertyPlantAndEquipment,0001652044-24-000118;0001652044-25-000014,0,0001652044-25-000014;0001652044-26-000018,
GOOGL,capex,Q,2025-01-01,2025-03-31,2025Q1,2025,1,2025-04-25,2025-04-25T01:05:29Z,17197000000,10-Q,0001652044-25-000043,direct,PaymentsToAcquirePropertyPlantAndEquipment,0001652044-25-000043,0,0001652044-25-000043;0001652044-26-000048,
GOOGL,capex,Q,2025-04-01,2025-06-30,2025Q2,2025,2,2025-07-24,2025-07-23T23:44:01Z,22446000000,10-Q,0001652044-25-000062,ytd_diff,PaymentsToAcquirePropertyPlantAndEquipment,0001652044-25-000043;0001652044-25-000062,0,0001652044-25-000062;0001652044-26-000071,
GOOGL,capex,Q,2025-07-01,2025-09-30,2025Q3,2025,3,2025-10-30,2025-10-30T01:55:01Z,23953000000,10-Q,0001652044-25-000091,ytd_diff,PaymentsToAcquirePropertyPlantAndEquipment,0001652044-25-000062;0001652044-25-000091,0,0001652044-25-000091,
GOOGL,capex,Q,2025-10-01,2025-12-31,2025Q4,2025,4,2026-02-05,2026-02-05T02:56:03Z,27851000000,10-K,0001652044-26-000018,fy_minus_9m,PaymentsToAcquirePropertyPlantAndEquipment,0001652044-25-000091;0001652044-26-000018,0,0001652044-26-000018,
GOOGL,capex,Q,2026-01-01,2026-03-31,2026Q1,2026,1,2026-04-30,2026-04-30T01:02:11Z,35674000000,10-Q,0001652044-26-000048,direct,PaymentsToAcquirePropertyPlantAndEquipment,0001652044-26-000048,0,0001652044-26-000048,
GOOGL,capex,Q,2026-04-01,2026-06-30,2026Q2,2026,2,2026-07-23,2026-07-23T01:15:54Z,44924000000,10-Q,0001652044-26-000071,ytd_diff,PaymentsToAcquirePropertyPlantAndEquipment,0001652044-26-000048;0001652044-26-000071,0,0001652044-26-000071,
META,capex,Q,2021-01-01,2021-03-31,2021Q1,2021,1,2021-04-29,2021-04-29T04:12:05Z,4272000000,10-Q,0001326801-21-000033,direct,PaymentsToAcquirePropertyPlantAndEquipment,0001326801-21-000033,0,0001326801-21-000033,
META,capex,Q,2021-01-01,2021-03-31,2021Q1,2021,1,2022-04-28,2022-04-28T04:42:59Z,4303000000,10-Q,0001326801-22-000057,direct,PaymentsToAcquirePropertyPlantAndEquipment,0001326801-22-000057,1,0001326801-22-000057,
META,capex,Q,2021-04-01,2021-06-30,2021Q2,2021,2,2021-07-29,2021-07-29T04:13:08Z,4612000000,10-Q,0001326801-21-000049,ytd_diff,PaymentsToAcquirePropertyPlantAndEquipment,0001326801-21-000033;0001326801-21-000049,0,0001326801-21-000049,
META,capex,Q,2021-04-01,2021-06-30,2021Q2,2021,2,2022-07-28,2022-07-28T04:44:34Z,4641000000,10-Q,0001326801-22-000082,ytd_diff,PaymentsToAcquirePropertyPlantAndEquipment,0001326801-22-000057;0001326801-22-000082,1,0001326801-22-000082,
META,capex,Q,2021-07-01,2021-09-30,2021Q3,2021,3,2021-10-26,2021-10-26T04:44:20Z,4314000000,10-Q,0001326801-21-000065,ytd_diff,PaymentsToAcquirePropertyPlantAndEquipment,0001326801-21-000049;0001326801-21-000065,0,0001326801-21-000065,
META,capex,Q,2021-07-01,2021-09-30,2021Q3,2021,3,2022-10-27,2022-10-27T04:26:36Z,4346000000,10-Q,0001326801-22-000108,ytd_diff,PaymentsToAcquirePropertyPlantAndEquipment,0001326801-22-000082;0001326801-22-000108,1,0001326801-22-000108,
META,capex,Q,2021-10-01,2021-12-31,2021Q4,2021,4,2022-02-03,2022-02-03T07:11:04Z,5369000000,10-K,0001326801-22-000018,fy_minus_9m,PaymentsToAcquirePropertyPlantAndEquipment,0001326801-21-000065;0001326801-22-000018,0,0001326801-22-000018,
META,capex,Q,2021-10-01,2021-12-31,2021Q4,2021,4,2023-02-02,2023-02-02T06:26:31Z,5400000000,10-K,0001326801-23-000013,fy_minus_9m,PaymentsToAcquirePropertyPlantAndEquipment,0001326801-22-000108;0001326801-23-000013,1,0001326801-23-000013;0001326801-24-000012,
META,capex,Q,2022-01-01,2022-03-31,2022Q1,2022,1,2022-04-28,2022-04-28T04:42:59Z,5441000000,10-Q,0001326801-22-000057,direct,PaymentsToAcquirePropertyPlantAndEquipment,0001326801-22-000057,0,0001326801-22-000057;0001326801-23-000067,
META,capex,Q,2022-04-01,2022-06-30,2022Q2,2022,2,2022-07-28,2022-07-28T04:44:34Z,7572000000,10-Q,0001326801-22-000082,ytd_diff,PaymentsToAcquirePropertyPlantAndEquipment,0001326801-22-000057;0001326801-22-000082,0,0001326801-22-000082;0001326801-23-000093,
META,capex,Q,2022-07-01,2022-09-30,2022Q3,2022,3,2022-10-27,2022-10-27T04:26:36Z,9375000000,10-Q,0001326801-22-000108,ytd_diff,PaymentsToAcquirePropertyPlantAndEquipment,0001326801-22-000082;0001326801-22-000108,0,0001326801-22-000108;0001326801-23-000103,
META,capex,Q,2022-10-01,2022-12-31,2022Q4,2022,4,2023-02-02,2023-02-02T06:26:31Z,9043000000,10-K,0001326801-23-000013,fy_minus_9m,PaymentsToAcquirePropertyPlantAndEquipment,0001326801-22-000108;0001326801-23-000013,0,0001326801-23-000013;0001326801-24-000012,
META,capex,Q,2022-10-01,2022-12-31,2022Q4,2022,4,2025-01-30,2025-01-30T06:00:50Z,8798000000,10-K,0001326801-25-000017,fy_minus_9m,PaymentsToAcquirePropertyPlantAndEquipment,0001326801-23-000103;0001326801-25-000017,1,0001326801-25-000017,
META,capex,Q,2023-01-01,2023-03-31,2023Q1,2023,1,2023-04-27,2023-04-27T04:56:18Z,6842000000,10-Q,0001326801-23-000067,direct,PaymentsToAcquirePropertyPlantAndEquipment,0001326801-23-000067,0,0001326801-23-000067,
META,capex,Q,2023-01-01,2023-03-31,2023Q1,2023,1,2024-04-25,2024-04-25T04:14:19Z,6823000000,10-Q,0001326801-24-000049,direct,PaymentsToAcquirePropertyPlantAndEquipment,0001326801-24-000049,1,0001326801-24-000049,
META,capex,Q,2023-04-01,2023-06-30,2023Q2,2023,2,2023-07-27,2023-07-27T04:11:08Z,6216000000,10-Q,0001326801-23-000093,ytd_diff,PaymentsToAcquirePropertyPlantAndEquipment,0001326801-23-000067;0001326801-23-000093,0,0001326801-23-000093,
META,capex,Q,2023-04-01,2023-06-30,2023Q2,2023,2,2024-08-01,2024-08-01T04:14:40Z,6134000000,10-Q,0001326801-24-000069,ytd_diff,PaymentsToAcquirePropertyPlantAndEquipment,0001326801-24-000049;0001326801-24-000069,1,0001326801-24-000069,
META,capex,Q,2023-07-01,2023-09-30,2023Q3,2023,3,2023-10-26,2023-10-26T04:07:27Z,6543000000,10-Q,0001326801-23-000103,ytd_diff,PaymentsToAcquirePropertyPlantAndEquipment,0001326801-23-000093;0001326801-23-000103,0,0001326801-23-000103,
META,capex,Q,2023-07-01,2023-09-30,2023Q3,2023,3,2024-10-31,2024-10-31T03:54:51Z,6496000000,10-Q,0001326801-24-000081,ytd_diff,PaymentsToAcquirePropertyPlantAndEquipment,0001326801-24-000069;0001326801-24-000081,1,0001326801-24-000081,
META,capex,Q,2023-10-01,2023-12-31,2023Q4,2023,4,2024-02-02,2024-02-02T05:39:02Z,7665000000,10-K,0001326801-24-000012,fy_minus_9m,PaymentsToAcquirePropertyPlantAndEquipment,0001326801-23-000103;0001326801-24-000012,0,0001326801-24-000012,
META,capex,Q,2023-10-01,2023-12-31,2023Q4,2023,4,2025-01-30,2025-01-30T06:00:50Z,7592000000,10-K,0001326801-25-000017,fy_minus_9m,PaymentsToAcquirePropertyPlantAndEquipment,0001326801-24-000081;0001326801-25-000017,1,0001326801-25-000017;0001628280-26-003942,
META,capex,Q,2024-01-01,2024-03-31,2024Q1,2024,1,2024-04-25,2024-04-25T04:14:19Z,6400000000,10-Q,0001326801-24-000049,direct,PaymentsToAcquirePropertyPlantAndEquipment,0001326801-24-000049,0,0001326801-24-000049;0001326801-25-000054,
META,capex,Q,2024-04-01,2024-06-30,2024Q2,2024,2,2024-08-01,2024-08-01T04:14:40Z,8173000000,10-Q,0001326801-24-000069,ytd_diff,PaymentsToAcquirePropertyPlantAndEquipment,0001326801-24-000049;0001326801-24-000069,0,0001326801-24-000069;0001628280-25-036791,
META,capex,Q,2024-07-01,2024-09-30,2024Q3,2024,3,2024-10-31,2024-10-31T03:54:51Z,8258000000,10-Q,0001326801-24-000081,ytd_diff,PaymentsToAcquirePropertyPlantAndEquipment,0001326801-24-000069;0001326801-24-000081,0,0001326801-24-000081;0001628280-25-047240,
META,capex,Q,2024-10-01,2024-12-31,2024Q4,2024,4,2025-01-30,2025-01-30T06:00:50Z,14425000000,10-K,0001326801-25-000017,fy_minus_9m,PaymentsToAcquirePropertyPlantAndEquipment,0001326801-24-000081;0001326801-25-000017,0,0001326801-25-000017;0001628280-26-003942,
META,capex,Q,2025-01-01,2025-03-31,2025Q1,2025,1,2025-05-01,2025-05-01T04:03:18Z,12941000000,10-Q,0001326801-25-000054,direct,PaymentsToAcquirePropertyPlantAndEquipment,0001326801-25-000054,0,0001326801-25-000054;0001628280-26-028526,
META,capex,Q,2025-04-01,2025-06-30,2025Q2,2025,2,2025-07-31,2025-07-31T04:02:12Z,16538000000,10-Q,0001628280-25-036791,ytd_diff,PaymentsToAcquirePropertyPlantAndEquipment,0001326801-25-000054;0001628280-25-036791,0,0001628280-25-036791;0001628280-26-050705,
META,capex,Q,2025-07-01,2025-09-30,2025Q3,2025,3,2025-10-30,2025-10-30T02:50:26Z,18829000000,10-Q,0001628280-25-047240,ytd_diff,PaymentsToAcquirePropertyPlantAndEquipment,0001628280-25-036791;0001628280-25-047240,0,0001628280-25-047240,
META,capex,Q,2025-10-01,2025-12-31,2025Q4,2025,4,2026-01-29,2026-01-29T05:13:46Z,21383000000,10-K,0001628280-26-003942,fy_minus_9m,PaymentsToAcquirePropertyPlantAndEquipment,0001628280-25-047240;0001628280-26-003942,0,0001628280-26-003942,
META,capex,Q,2026-01-01,2026-03-31,2026Q1,2026,1,2026-04-30,2026-04-30T03:54:11Z,18997000000,10-Q,0001628280-26-028526,direct,PaymentsToAcquirePropertyPlantAndEquipment,0001628280-26-028526,0,0001628280-26-028526,
META,capex,Q,2026-04-01,2026-06-30,2026Q2,2026,2,2026-07-30,2026-07-30T02:58:51Z,30116000000,10-Q,0001628280-26-050705,ytd_diff,PaymentsToAcquirePropertyPlantAndEquipment,0001628280-26-028526;0001628280-26-050705,0,0001628280-26-050705,
MSFT,capex,Q,2020-10-01,2020-12-31,2020Q4,2021,2,2021-01-26,2021-01-26T21:09:34Z,4174000000,10-Q,0001564590-21-002316,direct,PaymentsToAcquirePropertyPlantAndEquipment,0001564590-21-002316,0,0001564590-21-002316;0001564590-22-002324,
MSFT,capex,Q,2021-01-01,2021-03-31,2021Q1,2021,3,2021-04-27,2021-04-27T20:09:38Z,5089000000,10-Q,0001564590-21-020891,direct,PaymentsToAcquirePropertyPlantAndEquipment,0001564590-21-020891,0,0001564590-21-020891;0001564590-22-015675,
MSFT,capex,Q,2021-04-01,2021-06-30,2021Q2,2021,4,2021-07-29,2021-07-29T20:21:55Z,6452000000,10-K,0001564590-21-039151,fy_minus_9m,PaymentsToAcquirePropertyPlantAndEquipment,0001564590-21-020891;0001564590-21-039151,0,0001564590-21-039151;0001564590-22-026876;0000950170-23-035122,
MSFT,capex,Q,2021-07-01,2021-09-30,2021Q3,2022,1,2021-10-26,2021-10-26T20:11:30Z,5810000000,10-Q,0001564590-21-051992,direct,PaymentsToAcquirePropertyPlantAndEquipment,0001564590-21-051992,0,0001564590-21-051992;0001564590-22-035087,
MSFT,capex,Q,2021-10-01,2021-12-31,2021Q4,2022,2,2022-01-25,2022-01-25T21:09:04Z,5865000000,10-Q,0001564590-22-002324,direct,PaymentsToAcquirePropertyPlantAndEquipment,0001564590-22-002324,0,0001564590-22-002324;0001564590-23-000733,
MSFT,capex,Q,2022-01-01,2022-03-31,2022Q1,2022,3,2022-04-26,2022-04-26T20:08:55Z,5340000000,10-Q,0001564590-22-015675,direct,PaymentsToAcquirePropertyPlantAndEquipment,0001564590-22-015675,0,0001564590-22-015675;0000950170-23-014423,
MSFT,capex,Q,2022-04-01,2022-06-30,2022Q2,2022,4,2022-07-28,2022-07-28T20:06:19Z,6871000000,10-K,0001564590-22-026876,fy_minus_9m,PaymentsToAcquirePropertyPlantAndEquipment,0001564590-22-015675;0001564590-22-026876,0,0001564590-22-026876;0000950170-23-035122;0000950170-24-087843;0000950170-24-132722,
MSFT,capex,Q,2022-07-01,2022-09-30,2022Q3,2023,1,2022-10-25,2022-10-25T20:08:55Z,6283000000,10-Q,0001564590-22-035087,direct,PaymentsToAcquirePropertyPlantAndEquipment,0001564590-22-035087,0,0001564590-22-035087;0000950170-23-054855,
MSFT,capex,Q,2022-10-01,2022-12-31,2022Q4,2023,2,2023-01-24,2023-01-24T21:34:20Z,6274000000,10-Q,0001564590-23-000733,direct,PaymentsToAcquirePropertyPlantAndEquipment,0001564590-23-000733,0,0001564590-23-000733;0000950170-24-008814,
MSFT,capex,Q,2023-01-01,2023-03-31,2023Q1,2023,3,2023-04-25,2023-04-25T20:07:43Z,6607000000,10-Q,0000950170-23-014423,direct,PaymentsToAcquirePropertyPlantAndEquipment,0000950170-23-014423,0,0000950170-23-014423;0000950170-24-048288,
MSFT,capex,Q,2023-04-01,2023-06-30,2023Q2,2023,4,2023-07-27,2023-07-27T20:01:56Z,8943000000,10-K,0000950170-23-035122,fy_minus_9m,PaymentsToAcquirePropertyPlantAndEquipment,0000950170-23-014423;0000950170-23-035122,0,0000950170-23-035122;0000950170-24-087843;0000950170-24-132722;0000950170-25-100235,
MSFT,capex,Q,2023-07-01,2023-09-30,2023Q3,2024,1,2023-10-24,2023-10-24T20:07:40Z,9917000000,10-Q,0000950170-23-054855,direct,PaymentsToAcquirePropertyPlantAndEquipment,0000950170-23-054855,0,0000950170-23-054855;0000950170-24-118967,
MSFT,capex,Q,2023-10-01,2023-12-31,2023Q4,2024,2,2024-01-30,2024-01-30T21:05:46Z,9735000000,10-Q,0000950170-24-008814,direct,PaymentsToAcquirePropertyPlantAndEquipment,0000950170-24-008814,0,0000950170-24-008814;0000950170-25-010491,
MSFT,capex,Q,2024-01-01,2024-03-31,2024Q1,2024,3,2024-04-25,2024-04-25T20:06:24Z,10952000000,10-Q,0000950170-24-048288,direct,PaymentsToAcquirePropertyPlantAndEquipment,0000950170-24-048288,0,0000950170-24-048288;0000950170-25-061046,
MSFT,capex,Q,2024-04-01,2024-06-30,2024Q2,2024,4,2024-07-30,2024-07-30T20:06:22Z,13873000000,10-K,0000950170-24-087843,fy_minus_9m,PaymentsToAcquirePropertyPlantAndEquipment,0000950170-24-048288;0000950170-24-087843,0,0000950170-24-087843;0000950170-24-132722;0000950170-25-100235;0001193125-26-323660,
MSFT,capex,Q,2024-07-01,2024-09-30,2024Q3,2025,1,2024-10-30,2024-10-30T20:07:17Z,14923000000,10-Q,0000950170-24-118967,direct,PaymentsToAcquirePropertyPlantAndEquipment,0000950170-24-118967,0,0000950170-24-118967;0001193125-25-256321,
MSFT,capex,Q,2024-10-01,2024-12-31,2024Q4,2025,2,2025-01-29,2025-01-29T21:11:54Z,15804000000,10-Q,0000950170-25-010491,direct,PaymentsToAcquirePropertyPlantAndEquipment,0000950170-25-010491,0,0000950170-25-010491;0001193125-26-027207,
MSFT,capex,Q,2025-01-01,2025-03-31,2025Q1,2025,3,2025-04-30,2025-04-30T20:08:52Z,16745000000,10-Q,0000950170-25-061046,direct,PaymentsToAcquirePropertyPlantAndEquipment,0000950170-25-061046,0,0000950170-25-061046;0001193125-26-191507,
MSFT,capex,Q,2025-04-01,2025-06-30,2025Q2,2025,4,2025-07-30,2025-07-30T20:11:40Z,17079000000,10-K,0000950170-25-100235,fy_minus_9m,PaymentsToAcquirePropertyPlantAndEquipment,0000950170-25-061046;0000950170-25-100235,0,0000950170-25-100235;0001193125-26-323660,
MSFT,capex,Q,2025-07-01,2025-09-30,2025Q3,2026,1,2025-10-29,2025-10-29T20:10:48Z,19394000000,10-Q,0001193125-25-256321,direct,PaymentsToAcquirePropertyPlantAndEquipment,0001193125-25-256321,0,0001193125-25-256321,
MSFT,capex,Q,2025-10-01,2025-12-31,2025Q4,2026,2,2026-01-28,2026-01-28T21:07:34Z,29876000000,10-Q,0001193125-26-027207,direct,PaymentsToAcquirePropertyPlantAndEquipment,0001193125-26-027207,0,0001193125-26-027207,
MSFT,capex,Q,2026-01-01,2026-03-31,2026Q1,2026,3,2026-04-29,2026-04-29T20:06:24Z,30876000000,10-Q,0001193125-26-191507,direct,PaymentsToAcquirePropertyPlantAndEquipment,0001193125-26-191507,0,0001193125-26-191507,
MSFT,capex,Q,2026-04-01,2026-06-30,2026Q2,2026,4,2026-07-29,2026-07-29T20:08:01Z,35802000000,10-K,0001193125-26-323660,fy_minus_9m,PaymentsToAcquirePropertyPlantAndEquipment,0001193125-26-191507;0001193125-26-323660,0,0001193125-26-323660,
NBIS,revenue,FY,2020-01-01,2020-12-31,CY2020,2020,,2021-04-01,2021-04-01T02:11:46Z,2955600000,20-F,0001513845-21-000014,annual,Revenues,0001513845-21-000014,0,0001513845-21-000014,
NBIS,revenue,FY,2021-01-01,2021-12-31,CY2021,2021,,2022-04-20,2022-04-21T00:57:31Z,4794200000,20-F,0001558370-22-005654,annual,Revenues,0001558370-22-005654,0,0001558370-22-005654,
NBIS,revenue,FY,2022-01-01,2022-12-31,CY2022,2022,,2023-04-20,2023-04-21T00:06:23Z,7417100000,20-F,0001558370-23-006319,annual,Revenues,0001558370-23-006319,0,0001558370-23-006319,
NBIS,revenue,FY,2022-01-01,2022-12-31,CY2022,2022,,2025-04-30,2025-05-01T00:08:09Z,13500000,20-F,0001558370-25-005991,annual,Revenues,0001558370-25-005991,1,0001558370-25-005991,
NBIS,revenue,FY,2023-01-01,2023-12-31,CY2023,2023,,2024-04-26,2024-04-27T00:01:28Z,8921200000,20-F,0001558370-24-005891,annual,Revenues,0001558370-24-005891,0,0001558370-24-005891,
NBIS,revenue,FY,2023-01-01,2023-12-31,CY2023,2023,,2025-04-30,2025-05-01T00:08:09Z,20900000,20-F,0001558370-25-005991,annual,Revenues,0001558370-25-005991,1,0001558370-25-005991,
NBIS,revenue,FY,2023-01-01,2023-12-31,CY2023,2023,,2026-04-30,2026-05-01T00:16:27Z,9800000,20-F,0001104659-26-052948,annual,Revenues,0001104659-26-052948,2,0001104659-26-052948,
NBIS,revenue,FY,2024-01-01,2024-12-31,CY2024,2024,,2025-04-30,2025-05-01T00:08:09Z,117500000,20-F,0001558370-25-005991,annual,Revenues,0001558370-25-005991,0,0001558370-25-005991,
NBIS,revenue,FY,2024-01-01,2024-12-31,CY2024,2024,,2026-04-30,2026-05-01T00:16:27Z,91500000,20-F,0001104659-26-052948,annual,Revenues,0001104659-26-052948,1,0001104659-26-052948,
NBIS,revenue,FY,2025-01-01,2025-12-31,CY2025,2025,,2026-04-30,2026-05-01T00:16:27Z,529800000,20-F,0001104659-26-052948,annual,Revenues,0001104659-26-052948,0,0001104659-26-052948,
NVDA,datacenter_revenue,Q,2020-07-27,2020-10-25,2020Q3,2021,3,2021-11-22,2021-11-20T02:16:20Z,1900000000,10-Q,0001045810-21-000163,direct,Revenues,0001045810-21-000163,0,0001045810-21-000163,
NVDA,datacenter_revenue,Q,2020-10-26,2021-01-31,2020Q4,2021,4,2021-11-22,2021-11-20T02:16:20Z,1903000000,10-Q,0001045810-21-000163,fy_minus_9m,Revenues,0001045810-21-000163;0001045810-21-000010,0,0001045810-21-000163;0001045810-22-000036;0001045810-23-000017,
NVDA,datacenter_revenue,Q,2021-02-01,2021-05-02,2021Q1,2022,1,2021-05-26,2021-05-26T20:35:56Z,2048000000,10-Q,0001045810-21-000064,direct,Revenues,0001045810-21-000064,0,0001045810-21-000064;0001045810-22-000079,
NVDA,datacenter_revenue,Q,2021-05-03,2021-08-01,2021Q2,2022,2,2021-08-20,2021-08-20T20:32:40Z,2366000000,10-Q,0001045810-21-000131,direct,Revenues,0001045810-21-000131,0,0001045810-21-000131;0001045810-22-000147,
NVDA,datacenter_revenue,Q,2021-08-02,2021-10-31,2021Q3,2022,3,2021-11-22,2021-11-20T02:16:20Z,2936000000,10-Q,0001045810-21-000163,direct,Revenues,0001045810-21-000163,0,0001045810-21-000163;0001045810-22-000166,
NVDA,datacenter_revenue,Q,2021-11-01,2022-01-30,2021Q4,2022,4,2022-03-18,2022-03-18T00:33:34Z,3263000000,10-K,0001045810-22-000036,fy_minus_9m,RevenueFromContractWithCustomerExcludingAssessedTax,0001045810-21-000163;0001045810-22-000036,0,0001045810-22-000036;0001045810-23-000017;0001045810-24-000029,
NVDA,datacenter_revenue,Q,2022-01-31,2022-05-01,2022Q1,2023,1,2022-05-27,2022-05-27T20:21:55Z,3750000000,10-Q,0001045810-22-000079,direct,Revenues,0001045810-22-000079,0,0001045810-22-000079;0001045810-23-000093,
NVDA,datacenter_revenue,Q,2022-05-02,2022-07-31,2022Q2,2023,2,2022-08-31,2022-08-31T21:01:35Z,3806000000,10-Q,0001045810-22-000147,direct,Revenues,0001045810-22-000147,0,0001045810-22-000147;0001045810-23-000175,
NVDA,datacenter_revenue,Q,2022-08-01,2022-10-30,2022Q3,2023,3,2022-11-18,2022-11-18T21:35:31Z,3833000000,10-Q,0001045810-22-000166,direct,Revenues,0001045810-22-000166,0,0001045810-22-000166;0001045810-23-000227,
NVDA,datacenter_revenue,Q,2022-10-31,2023-01-29,2022Q4,2023,4,2023-02-24,2023-02-24T22:23:43Z,3616000000,10-K,0001045810-23-000017,fy_minus_9m,Revenues,0001045810-22-000166;0001045810-23-000017,0,0001045810-23-000017;0001045810-24-000029;0001045810-25-000023,
NVDA,datacenter_revenue,Q,2023-01-30,2023-04-30,2023Q1,2024,1,2023-05-26,2023-05-26T20:17:32Z,4284000000,10-Q,0001045810-23-000093,direct,Revenues,0001045810-23-000093,0,0001045810-23-000093;0001045810-24-000124,
NVDA,datacenter_revenue,Q,2023-05-01,2023-07-30,2023Q2,2024,2,2023-08-28,2023-08-25T23:36:34Z,10323000000,10-Q,0001045810-23-000175,direct,Revenues,0001045810-23-000175,0,0001045810-23-000175;0001045810-24-000264,
NVDA,datacenter_revenue,Q,2023-07-31,2023-10-29,2023Q3,2024,3,2023-11-21,2023-11-21T21:36:29Z,14514000000,10-Q,0001045810-23-000227,direct,Revenues,0001045810-23-000227,0,0001045810-23-000227;0001045810-24-000316,
NVDA,datacenter_revenue,Q,2023-10-30,2024-01-28,2023Q4,2024,4,2024-02-21,2024-02-21T21:36:57Z,18404000000,10-K,0001045810-24-000029,fy_minus_9m,Revenues,0001045810-23-000227;0001045810-24-000029,0,0001045810-24-000029;0001045810-25-000023;0001045810-26-000021,
NVDA,datacenter_revenue,Q,2024-01-29,2024-04-28,2024Q1,2025,1,2024-05-29,2024-05-29T20:36:32Z,22563000000,10-Q,0001045810-24-000124,direct,Revenues,0001045810-24-000124,0,0001045810-24-000124;0001045810-25-000116,
NVDA,datacenter_revenue,Q,2024-04-29,2024-07-28,2024Q2,2025,2,2024-08-28,2024-08-28T21:05:08Z,26272000000,10-Q,0001045810-24-000264,direct,Revenues,0001045810-24-000264,0,0001045810-24-000264;0001045810-25-000209,
NVDA,datacenter_revenue,Q,2024-07-29,2024-10-27,2024Q3,2025,3,2024-11-20,2024-11-20T21:31:22Z,30771000000,10-Q,0001045810-24-000316,direct,Revenues,0001045810-24-000316,0,0001045810-24-000316;0001045810-25-000230,
NVDA,datacenter_revenue,Q,2024-10-28,2025-01-26,2024Q4,2025,4,2025-02-26,2025-02-26T21:48:33Z,35580000000,10-K,0001045810-25-000023,fy_minus_9m,Revenues,0001045810-24-000316;0001045810-25-000023,0,0001045810-25-000023;0001045810-26-000021,
NVDA,datacenter_revenue,Q,2025-01-27,2025-04-27,2025Q1,2026,1,2025-05-28,2025-05-28T20:32:57Z,39112000000,10-Q,0001045810-25-000116,direct,Revenues,0001045810-25-000116,0,0001045810-25-000116;0001045810-26-000052,
NVDA,datacenter_revenue,Q,2025-04-28,2025-07-27,2025Q2,2026,2,2025-08-27,2025-08-27T20:52:07Z,41096000000,10-Q,0001045810-25-000209,direct,Revenues,0001045810-25-000209,0,0001045810-25-000209;0001045810-26-000075,
NVDA,datacenter_revenue,Q,2025-07-28,2025-10-26,2025Q3,2026,3,2025-11-19,2025-11-19T21:36:17Z,51215000000,10-Q,0001045810-25-000230,direct,Revenues,0001045810-25-000230,0,0001045810-25-000230,
NVDA,datacenter_revenue,Q,2025-10-27,2026-01-25,2025Q4,2026,4,2026-02-25,2026-02-25T21:42:19Z,62314000000,10-K,0001045810-26-000021,fy_minus_9m,Revenues,0001045810-25-000230;0001045810-26-000021,0,0001045810-26-000021,
NVDA,datacenter_revenue,Q,2026-01-26,2026-04-26,2026Q1,2027,1,2026-05-20,2026-05-20T20:35:52Z,75246000000,10-Q,0001045810-26-000052,direct,Revenues,0001045810-26-000052,0,0001045810-26-000052,
NVDA,datacenter_revenue,Q,2026-04-27,2026-07-26,2026Q2,2027,2,2026-08-26,2026-08-26T20:36:00Z,89023000000,10-Q,0001045810-26-000075,direct,Revenues,0001045810-26-000075,0,0001045810-26-000075,
NVDA,revenue,Q,2020-07-27,2020-10-25,2020Q3,2021,3,2020-11-18,2020-11-18T21:35:57Z,4726000000,10-Q,0001045810-20-000189,direct,Revenues,0001045810-20-000189,0,0001045810-20-000189;0001045810-21-000163,
NVDA,revenue,Q,2020-10-26,2021-01-31,2020Q4,2021,4,2022-03-18,2022-03-18T00:33:34Z,5003000000,10-K,0001045810-22-000036,fy_minus_9m,Revenues,0001045810-21-000163;0001045810-22-000036,0,0001045810-22-000036;0001045810-23-000017,
NVDA,revenue,Q,2021-02-01,2021-05-02,2021Q1,2022,1,2021-05-26,2021-05-26T20:35:56Z,5661000000,10-Q,0001045810-21-000064,direct,Revenues,0001045810-21-000064,0,0001045810-21-000064;0001045810-22-000079,
NVDA,revenue,Q,2021-05-03,2021-08-01,2021Q2,2022,2,2021-08-20,2021-08-20T20:32:40Z,6507000000,10-Q,0001045810-21-000131,direct,Revenues,0001045810-21-000131,0,0001045810-21-000131;0001045810-22-000147,
NVDA,revenue,Q,2021-08-02,2021-10-31,2021Q3,2022,3,2021-11-22,2021-11-20T02:16:20Z,7103000000,10-Q,0001045810-21-000163,direct,Revenues,0001045810-21-000163,0,0001045810-21-000163;0001045810-22-000166,
NVDA,revenue,Q,2021-11-01,2022-01-30,2021Q4,2022,4,2022-03-18,2022-03-18T00:33:34Z,7643000000,10-K,0001045810-22-000036,fy_minus_9m,Revenues,0001045810-21-000163;0001045810-22-000036,0,0001045810-22-000036;0001045810-23-000017;0001045810-24-000029,
NVDA,revenue,Q,2022-01-31,2022-05-01,2022Q1,2023,1,2022-05-27,2022-05-27T20:21:55Z,8288000000,10-Q,0001045810-22-000079,direct,Revenues,0001045810-22-000079,0,0001045810-22-000079;0001045810-23-000093,
NVDA,revenue,Q,2022-05-02,2022-07-31,2022Q2,2023,2,2022-08-31,2022-08-31T21:01:35Z,6704000000,10-Q,0001045810-22-000147,direct,Revenues,0001045810-22-000147,0,0001045810-22-000147;0001045810-23-000175,
NVDA,revenue,Q,2022-08-01,2022-10-30,2022Q3,2023,3,2022-11-18,2022-11-18T21:35:31Z,5931000000,10-Q,0001045810-22-000166,direct,Revenues,0001045810-22-000166,0,0001045810-22-000166;0001045810-23-000227,
NVDA,revenue,Q,2022-10-31,2023-01-29,2022Q4,2023,4,2023-02-24,2023-02-24T22:23:43Z,6051000000,10-K,0001045810-23-000017,fy_minus_9m,Revenues,0001045810-22-000166;0001045810-23-000017,0,0001045810-23-000017;0001045810-24-000029;0001045810-25-000023,
NVDA,revenue,Q,2023-01-30,2023-04-30,2023Q1,2024,1,2023-05-26,2023-05-26T20:17:32Z,7192000000,10-Q,0001045810-23-000093,direct,Revenues,0001045810-23-000093,0,0001045810-23-000093;0001045810-24-000124,
NVDA,revenue,Q,2023-05-01,2023-07-30,2023Q2,2024,2,2023-08-28,2023-08-25T23:36:34Z,13507000000,10-Q,0001045810-23-000175,direct,Revenues,0001045810-23-000175,0,0001045810-23-000175;0001045810-24-000264,
NVDA,revenue,Q,2023-07-31,2023-10-29,2023Q3,2024,3,2023-11-21,2023-11-21T21:36:29Z,18120000000,10-Q,0001045810-23-000227,direct,Revenues,0001045810-23-000227,0,0001045810-23-000227;0001045810-24-000316,
NVDA,revenue,Q,2023-10-30,2024-01-28,2023Q4,2024,4,2024-02-21,2024-02-21T21:36:57Z,22103000000,10-K,0001045810-24-000029,fy_minus_9m,Revenues,0001045810-23-000227;0001045810-24-000029,0,0001045810-24-000029;0001045810-25-000023;0001045810-26-000021,
NVDA,revenue,Q,2024-01-29,2024-04-28,2024Q1,2025,1,2024-05-29,2024-05-29T20:36:32Z,26044000000,10-Q,0001045810-24-000124,direct,Revenues,0001045810-24-000124,0,0001045810-24-000124;0001045810-25-000116,
NVDA,revenue,Q,2024-04-29,2024-07-28,2024Q2,2025,2,2024-08-28,2024-08-28T21:05:08Z,30040000000,10-Q,0001045810-24-000264,direct,Revenues,0001045810-24-000264,0,0001045810-24-000264;0001045810-25-000209,
NVDA,revenue,Q,2024-07-29,2024-10-27,2024Q3,2025,3,2024-11-20,2024-11-20T21:31:22Z,35082000000,10-Q,0001045810-24-000316,direct,Revenues,0001045810-24-000316,0,0001045810-24-000316;0001045810-25-000230,
NVDA,revenue,Q,2024-10-28,2025-01-26,2024Q4,2025,4,2025-02-26,2025-02-26T21:48:33Z,39331000000,10-K,0001045810-25-000023,fy_minus_9m,Revenues,0001045810-24-000316;0001045810-25-000023,0,0001045810-25-000023;0001045810-26-000021,
NVDA,revenue,Q,2025-01-27,2025-04-27,2025Q1,2026,1,2025-05-28,2025-05-28T20:32:57Z,44062000000,10-Q,0001045810-25-000116,direct,Revenues,0001045810-25-000116,0,0001045810-25-000116;0001045810-26-000052,
NVDA,revenue,Q,2025-04-28,2025-07-27,2025Q2,2026,2,2025-08-27,2025-08-27T20:52:07Z,46743000000,10-Q,0001045810-25-000209,direct,Revenues,0001045810-25-000209,0,0001045810-25-000209;0001045810-26-000075,
NVDA,revenue,Q,2025-07-28,2025-10-26,2025Q3,2026,3,2025-11-19,2025-11-19T21:36:17Z,57006000000,10-Q,0001045810-25-000230,direct,Revenues,0001045810-25-000230,0,0001045810-25-000230,
NVDA,revenue,Q,2025-10-27,2026-01-25,2025Q4,2026,4,2026-02-25,2026-02-25T21:42:19Z,68127000000,10-K,0001045810-26-000021,fy_minus_9m,Revenues,0001045810-25-000230;0001045810-26-000021,0,0001045810-26-000021,
NVDA,revenue,Q,2026-01-26,2026-04-26,2026Q1,2027,1,2026-05-20,2026-05-20T20:35:52Z,81615000000,10-Q,0001045810-26-000052,direct,Revenues,0001045810-26-000052,0,0001045810-26-000052,
NVDA,revenue,Q,2026-04-27,2026-07-26,2026Q2,2027,2,2026-08-26,2026-08-26T20:36:00Z,96221000000,10-Q,0001045810-26-000075,direct,Revenues,0001045810-26-000075,0,0001045810-26-000075,
ORCL,capex,Q,2020-12-01,2021-02-28,2021Q1,2021,3,2021-03-11,2021-03-11T21:26:29Z,414000000,10-Q,0001564590-21-012539,ytd_diff,PaymentsToAcquirePropertyPlantAndEquipment,0001564590-20-056896;0001564590-21-012539,0,0001564590-21-012539;0001564590-22-009859,
ORCL,capex,Q,2021-03-01,2021-05-31,2021Q2,2021,4,2021-06-21,2021-06-21T20:10:31Z,717000000,10-K,0001564590-21-033616,fy_minus_9m,PaymentsToAcquirePropertyPlantAndEquipment,0001564590-21-012539;0001564590-21-033616,0,0001564590-21-033616;0001564590-22-023675;0000950170-23-028914,
ORCL,capex,Q,2021-06-01,2021-08-31,2021Q3,2022,1,2021-09-13,2021-09-13T21:23:09Z,1062000000,10-Q,0001564590-21-047772,direct,PaymentsToAcquirePropertyPlantAndEquipment,0001564590-21-047772,0,0001564590-21-047772;0001564590-22-031545,
ORCL,capex,Q,2021-09-01,2021-11-30,2021Q4,2022,2,2021-12-10,2021-12-10T21:12:50Z,925000000,10-Q,0001564590-21-060022,ytd_diff,PaymentsToAcquirePropertyPlantAndEquipment,0001564590-21-047772;0001564590-21-060022,0,0001564590-21-060022;0001564590-22-039278,
ORCL,capex,Q,2021-12-01,2022-02-28,2022Q1,2022,3,2022-03-11,2022-03-11T21:14:54Z,1101000000,10-Q,0001564590-22-009859,ytd_diff,PaymentsToAcquirePropertyPlantAndEquipment,0001564590-21-060022;0001564590-22-009859,0,0001564590-22-009859;0001564590-23-003413,
ORCL,capex,Q,2022-03-01,2022-05-31,2022Q2,2022,4,2022-06-21,2022-06-21T12:04:37Z,1423000000,10-K,0001564590-22-023675,fy_minus_9m,PaymentsToAcquirePropertyPlantAndEquipment,0001564590-22-009859;0001564590-22-023675,0,0001564590-22-023675;0000950170-23-028914;0000950170-24-075605,
ORCL,capex,Q,2022-06-01,2022-08-31,2022Q3,2023,1,2022-09-13,2022-09-13T20:12:07Z,1719000000,10-Q,0001564590-22-031545,direct,PaymentsToAcquirePropertyPlantAndEquipment,0001564590-22-031545,0,0001564590-22-031545;0000950170-23-047713,
ORCL,capex,Q,2022-09-01,2022-11-30,2022Q4,2023,2,2022-12-13,2022-12-13T21:07:10Z,2435000000,10-Q,0001564590-22-039278,ytd_diff,PaymentsToAcquirePropertyPlantAndEquipment,0001564590-22-031545;0001564590-22-039278,0,0001564590-22-039278;0000950170-23-069682,
ORCL,capex,Q,2022-12-01,2023-02-28,2023Q1,2023,3,2023-03-10,2023-03-10T21:06:25Z,2628000000,10-Q,0001564590-23-003413,ytd_diff,PaymentsToAcquirePropertyPlantAndEquipment,0001564590-22-039278;0001564590-23-003413,0,0001564590-23-003413;0000950170-24-029904,
ORCL,capex,Q,2023-03-01,2023-05-31,2023Q2,2023,4,2023-06-20,2023-06-20T20:06:29Z,1913000000,10-K,0000950170-23-028914,fy_minus_9m,PaymentsToAcquirePropertyPlantAndEquipment,0001564590-23-003413;0000950170-23-028914,0,0000950170-23-028914;0000950170-24-075605;0000950170-25-087926,
ORCL,capex,Q,2023-06-01,2023-08-31,2023Q3,2024,1,2023-09-12,2023-09-12T20:08:07Z,1314000000,10-Q,0000950170-23-047713,direct,PaymentsToAcquirePropertyPlantAndEquipment,0000950170-23-047713,0,0000950170-23-047713;0000950170-24-104905,
ORCL,capex,Q,2023-09-01,2023-11-30,2023Q4,2024,2,2023-12-12,2023-12-12T21:04:41Z,1080000000,10-Q,0000950170-23-069682,ytd_diff,PaymentsToAcquirePropertyPlantAndEquipment,0000950170-23-047713;0000950170-23-069682,0,0000950170-23-069682;0000950170-24-134973,
ORCL,capex,Q,2023-12-01,2024-02-29,2024Q1,2024,3,2024-03-12,2024-03-12T20:05:03Z,1674000000,10-Q,0000950170-24-029904,ytd_diff,PaymentsToAcquirePropertyPlantAndEquipment,0000950170-23-069682;0000950170-24-029904,0,0000950170-24-029904;0000950170-25-037143,
ORCL,capex,Q,2024-03-01,2024-05-31,2024Q2,2024,4,2024-06-20,2024-06-20T20:21:35Z,2798000000,10-K,0000950170-24-075605,fy_minus_9m,PaymentsToAcquirePropertyPlantAndEquipment,0000950170-24-029904;0000950170-24-075605,0,0000950170-24-075605;0000950170-25-087926;0001193125-26-277521,
ORCL,capex,Q,2024-06-01,2024-08-31,2024Q3,2025,1,2024-09-10,2024-09-10T10:05:11Z,2303000000,10-Q,0000950170-24-104905,direct,PaymentsToAcquirePropertyPlantAndEquipment,0000950170-24-104905,0,0000950170-24-104905;0001193125-25-200095,
ORCL,capex,Q,2024-09-01,2024-11-30,2024Q4,2025,2,2024-12-10,2024-12-10T21:11:21Z,3970000000,10-Q,0000950170-24-134973,ytd_diff,PaymentsToAcquirePropertyPlantAndEquipment,0000950170-24-104905;0000950170-24-134973,0,0000950170-24-134973;0001193125-25-315925,
ORCL,capex,Q,2024-12-01,2025-02-28,2025Q1,2025,3,2025-03-11,2025-03-11T20:11:43Z,5862000000,10-Q,0000950170-25-037143,ytd_diff,PaymentsToAcquirePropertyPlantAndEquipment,0000950170-24-134973;0000950170-25-037143,0,0000950170-25-037143;0001193125-26-101045,
ORCL,capex,Q,2025-03-01,2025-05-31,2025Q2,2025,4,2025-06-18,2025-06-18T20:31:22Z,9080000000,10-K,0000950170-25-087926,fy_minus_9m,PaymentsToAcquirePropertyPlantAndEquipment,0000950170-25-037143;0000950170-25-087926,0,0000950170-25-087926;0001193125-26-277521,
ORCL,capex,Q,2025-06-01,2025-08-31,2025Q3,2026,1,2025-09-10,2025-09-10T20:11:23Z,8502000000,10-Q,0001193125-25-200095,direct,PaymentsToAcquirePropertyPlantAndEquipment,0001193125-25-200095,0,0001193125-25-200095;0001193125-26-389274,
ORCL,capex,Q,2025-09-01,2025-11-30,2025Q4,2026,2,2025-12-11,2025-12-11T21:07:47Z,12033000000,10-Q,0001193125-25-315925,ytd_diff,PaymentsToAcquirePropertyPlantAndEquipment,0001193125-25-200095;0001193125-25-315925,0,0001193125-25-315925,
ORCL,capex,Q,2025-12-01,2026-02-28,2026Q1,2026,3,2026-03-11,2026-03-11T10:38:49Z,18635000000,10-Q,0001193125-26-101045,ytd_diff,PaymentsToAcquirePropertyPlantAndEquipment,0001193125-25-315925;0001193125-26-101045,0,0001193125-26-101045,
ORCL,capex,Q,2026-03-01,2026-05-31,2026Q2,2026,4,2026-06-22,2026-06-22T20:12:40Z,16493000000,10-K,0001193125-26-277521,fy_minus_9m,PaymentsToAcquirePropertyPlantAndEquipment,0001193125-26-101045;0001193125-26-277521,0,0001193125-26-277521,
ORCL,capex,Q,2026-06-01,2026-08-31,2026Q3,2027,1,2026-09-11,2026-09-11T20:10:12Z,28499000000,10-Q,0001193125-26-389274,direct,PaymentsToAcquirePropertyPlantAndEquipment,0001193125-26-389274,0,0001193125-26-389274,
