ticker,concept,tag,dimension,period_start,period_end,duration_days,filed,accepted_utc,value,unit,form,accession,filing_fy,filing_fp
AMD,revenue,RevenueFromContractWithCustomerExcludingAssessedTax,,2019-12-29,2020-12-26,364,2021-01-29,2021-01-29T22:24:00Z,9763000000,USD,10-K,0001628280-21-001185,2020,FY
AMD,revenue,RevenueFromContractWithCustomerExcludingAssessedTax,,2019-12-29,2020-12-26,364,2022-02-03,2022-02-03T22:22:50Z,9763000000,USD,10-K,0000002488-22-000016,2021,FY
AMD,revenue,RevenueFromContractWithCustomerExcludingAssessedTax,,2019-12-29,2020-12-26,364,2023-02-27,2023-02-27T21:20:39Z,9763000000,USD,10-K,0000002488-23-000047,2022,FY
AMD,revenue,RevenueFromContractWithCustomerExcludingAssessedTax,,2020-09-27,2020-12-26,91,2021-01-29,2021-01-29T22:24:00Z,3244000000,USD,10-K,0001628280-21-001185,2020,FY
AMD,revenue,RevenueFromContractWithCustomerExcludingAssessedTax,,2020-12-27,2021-03-27,91,2021-04-28,2021-04-28T20:39:55Z,3445000000,USD,10-Q,0000002488-21-000056,2021,Q1
AMD,revenue,RevenueFromContractWithCustomerExcludingAssessedTax,,2020-12-27,2021-03-27,91,2022-05-04,2022-05-04T20:50:40Z,3445000000,USD,10-Q,0000002488-22-000078,2022,Q1
AMD,revenue,RevenueFromContractWithCustomerExcludingAssessedTax,,2020-12-27,2021-06-26,182,2021-07-28,2021-07-28T20:46:31Z,7295000000,USD,10-Q,0000002488-21-000116,2021,Q2
AMD,revenue,RevenueFromContractWithCustomerExcludingAssessedTax,,2020-12-27,2021-06-26,182,2022-08-03,2022-08-03T21:15:57Z,7295000000,USD,10-Q,0000002488-22-000123,2022,Q2
AMD,revenue,RevenueFromContractWithCustomerExcludingAssessedTax,,2021-03-28,2021-06-26,91,2021-07-28,2021-07-28T20:46:31Z,3850000000,USD,10-Q,0000002488-21-000116,2021,Q2
AMD,revenue,RevenueFromContractWithCustomerExcludingAssessedTax,,2021-03-28,2021-06-26,91,2022-08-03,2022-08-03T21:15:57Z,3850000000,USD,10-Q,0000002488-22-000123,2022,Q2
AMD,revenue,RevenueFromContractWithCustomerExcludingAssessedTax,,2020-12-27,2021-09-25,273,2021-10-27,2021-10-27T20:37:56Z,11608000000,USD,10-Q,0000002488-21-000178,2021,Q3
AMD,revenue,RevenueFromContractWithCustomerExcludingAssessedTax,,2020-12-27,2021-09-25,273,2022-11-02,2022-11-02T20:35:10Z,11608000000,USD,10-Q,0000002488-22-000170,2022,Q3
AMD,revenue,RevenueFromContractWithCustomerExcludingAssessedTax,,2021-06-27,2021-09-25,91,2021-10-27,2021-10-27T20:37:56Z,4313000000,USD,10-Q,0000002488-21-000178,2021,Q3
AMD,revenue,RevenueFromContractWithCustomerExcludingAssessedTax,,2021-06-27,2021-09-25,91,2022-11-02,2022-11-02T20:35:10Z,4313000000,USD,10-Q,0000002488-22-000170,2022,Q3
AMD,revenue,RevenueFromContractWithCustomerExcludingAssessedTax,,2020-12-27,2021-12-25,364,2022-02-03,2022-02-03T22:22:50Z,16434000000,USD,10-K,0000002488-22-000016,2021,FY
AMD,revenue,RevenueFromContractWithCustomerExcludingAssessedTax,,2020-12-27,2021-12-25,364,2023-02-27,2023-02-27T21:20:39Z,16434000000,USD,10-K,0000002488-23-000047,2022,FY
AMD,revenue,RevenueFromContractWithCustomerExcludingAssessedTax,,2020-12-27,2021-12-25,364,2024-01-31,2024-01-31T22:16:39Z,16434000000,USD,10-K,0000002488-24-000012,2023,FY
AMD,revenue,RevenueFromContractWithCustomerExcludingAssessedTax,,2021-12-26,2022-03-26,91,2022-05-04,2022-05-04T20:50:40Z,5887000000,USD,10-Q,0000002488-22-000078,2022,Q1
AMD,revenue,RevenueFromContractWithCustomerExcludingAssessedTax,,2021-12-26,2022-03-26,91,2023-05-03,2023-05-03T20:28:42Z,5887000000,USD,10-Q,0000002488-23-000076,2023,Q1
AMD,revenue,RevenueFromContractWithCustomerExcludingAssessedTax,,2021-12-26,2022-06-25,182,2022-08-03,2022-08-03T21:15:57Z,12437000000,USD,10-Q,0000002488-22-000123,2022,Q2
AMD,revenue,RevenueFromContractWithCustomerExcludingAssessedTax,,2021-12-26,2022-06-25,182,2023-08-02,2023-08-02T21:12:01Z,12437000000,USD,10-Q,0000002488-23-000139,2023,Q2
AMD,revenue,RevenueFromContractWithCustomerExcludingAssessedTax,,2022-03-27,2022-06-25,91,2022-08-03,2022-08-03T21:15:57Z,6550000000,USD,10-Q,0000002488-22-000123,2022,Q2
AMD,revenue,RevenueFromContractWithCustomerExcludingAssessedTax,,2022-03-27,2022-06-25,91,2023-08-02,2023-08-02T21:12:01Z,6550000000,USD,10-Q,0000002488-23-000139,2023,Q2
AMD,revenue,RevenueFromContractWithCustomerExcludingAssessedTax,,2021-12-26,2022-09-24,273,2022-11-02,2022-11-02T20:35:10Z,18002000000,USD,10-Q,0000002488-22-000170,2022,Q3
AMD,revenue,RevenueFromContractWithCustomerExcludingAssessedTax,,2021-12-26,2022-09-24,273,2023-11-01,2023-11-01T20:20:28Z,18002000000,USD,10-Q,0000002488-23-000195,2023,Q3
AMD,revenue,RevenueFromContractWithCustomerExcludingAssessedTax,,2022-06-26,2022-09-24,91,2022-11-02,2022-11-02T20:35:10Z,5565000000,USD,10-Q,0000002488-22-000170,2022,Q3
AMD,revenue,RevenueFromContractWithCustomerExcludingAssessedTax,,2022-06-26,2022-09-24,91,2023-11-01,2023-11-01T20:20:28Z,5565000000,USD,10-Q,0000002488-23-000195,2023,Q3
AMD,revenue,RevenueFromContractWithCustomerExcludingAssessedTax,,2021-12-26,2022-12-31,371,2023-02-27,2023-02-27T21:20:39Z,23601000000,USD,10-K,0000002488-23-000047,2022,FY
AMD,revenue,RevenueFromContractWithCustomerExcludingAssessedTax,,2021-12-26,2022-12-31,371,2024-01-31,2024-01-31T22:16:39Z,23601000000,USD,10-K,0000002488-24-000012,2023,FY
AMD,revenue,RevenueFromContractWithCustomerExcludingAssessedTax,,2021-12-26,2022-12-31,371,2025-02-05,2025-02-05T21:42:57Z,23601000000,USD,10-K,0000002488-25-000012,2024,FY
AMD,revenue,RevenueFromContractWithCustomerExcludingAssessedTax,,2023-01-01,2023-04-01,91,2023-05-03,2023-05-03T20:28:42Z,5353000000,USD,10-Q,0000002488-23-000076,2023,Q1
AMD,revenue,RevenueFromContractWithCustomerExcludingAssessedTax,,2023-01-01,2023-04-01,91,2024-05-01,2024-05-01T20:10:44Z,5353000000,USD,10-Q,0000002488-24-000056,2024,Q1
AMD,revenue,RevenueFromContractWithCustomerExcludingAssessedTax,,2023-01-01,2023-07-01,182,2023-08-02,2023-08-02T21:12:01Z,10712000000,USD,10-Q,0000002488-23-000139,2023,Q2
AMD,revenue,RevenueFromContractWithCustomerExcludingAssessedTax,,2023-01-01,2023-07-01,182,2024-07-31,2024-07-31T20:20:22Z,10712000000,USD,10-Q,0000002488-24-000123,2024,Q2
AMD,revenue,RevenueFromContractWithCustomerExcludingAssessedTax,,2023-04-02,2023-07-01,91,2023-08-02,2023-08-02T21:12:01Z,5359000000,USD,10-Q,0000002488-23-000139,2023,Q2
AMD,revenue,RevenueFromContractWithCustomerExcludingAssessedTax,,2023-04-02,2023-07-01,91,2024-07-31,2024-07-31T20:20:22Z,5359000000,USD,10-Q,0000002488-24-000123,2024,Q2
AMD,revenue,RevenueFromContractWithCustomerExcludingAssessedTax,,2023-01-01,2023-09-30,273,2023-11-01,2023-11-01T20:20:28Z,16512000000,USD,10-Q,0000002488-23-000195,2023,Q3
AMD,revenue,RevenueFromContractWithCustomerExcludingAssessedTax,,2023-01-01,2023-09-30,273,2024-10-30,2024-10-30T20:26:03Z,16512000000,USD,10-Q,0000002488-24-000163,2024,Q3
AMD,revenue,RevenueFromContractWithCustomerExcludingAssessedTax,,2023-07-02,2023-09-30,91,2023-11-01,2023-11-01T20:20:28Z,5800000000,USD,10-Q,0000002488-23-000195,2023,Q3
AMD,revenue,RevenueFromContractWithCustomerExcludingAssessedTax,,2023-07-02,2023-09-30,91,2024-10-30,2024-10-30T20:26:03Z,5800000000,USD,10-Q,0000002488-24-000163,2024,Q3
AMD,revenue,RevenueFromContractWithCustomerExcludingAssessedTax,,2023-01-01,2023-12-30,364,2024-01-31,2024-01-31T22:16:39Z,22680000000,USD,10-K,0000002488-24-000012,2023,FY
AMD,revenue,RevenueFromContractWithCustomerExcludingAssessedTax,,2023-01-01,2023-12-30,364,2025-02-05,2025-02-05T21:42:57Z,22680000000,USD,10-K,0000002488-25-000012,2024,FY
AMD,revenue,RevenueFromContractWithCustomerExcludingAssessedTax,,2023-01-01,2023-12-30,364,2026-02-04,2026-02-03T23:14:52Z,22680000000,USD,10-K,0000002488-26-000018,2025,FY
AMD,revenue,RevenueFromContractWithCustomerExcludingAssessedTax,,2023-12-31,2024-03-30,91,2024-05-01,2024-05-01T20:10:44Z,5473000000,USD,10-Q,0000002488-24-000056,2024,Q1
AMD,revenue,RevenueFromContractWithCustomerExcludingAssessedTax,,2023-12-31,2024-03-30,91,2025-05-07,2025-05-06T22:04:48Z,5473000000,USD,10-Q,0000002488-25-000047,2025,Q1
AMD,revenue,RevenueFromContractWithCustomerExcludingAssessedTax,,2023-12-31,2024-06-29,182,2024-07-31,2024-07-31T20:20:22Z,11308000000,USD,10-Q,0000002488-24-000123,2024,Q2
AMD,revenue,RevenueFromContractWithCustomerExcludingAssessedTax,,2023-12-31,2024-06-29,182,2025-08-06,2025-08-05T22:08:21Z,11308000000,USD,10-Q,0000002488-25-000108,2025,Q2
AMD,revenue,RevenueFromContractWithCustomerExcludingAssessedTax,,2024-03-31,2024-06-29,91,2024-07-31,2024-07-31T20:20:22Z,5835000000,USD,10-Q,0000002488-24-000123,2024,Q2
AMD,revenue,RevenueFromContractWithCustomerExcludingAssessedTax,,2024-03-31,2024-06-29,91,2025-08-06,2025-08-05T22:08:21Z,5835000000,USD,10-Q,0000002488-25-000108,2025,Q2
AMD,revenue,RevenueFromContractWithCustomerExcludingAssessedTax,,2023-12-31,2024-09-28,273,2024-10-30,2024-10-30T20:26:03Z,18127000000,USD,10-Q,0000002488-24-000163,2024,Q3
AMD,revenue,RevenueFromContractWithCustomerExcludingAssessedTax,,2023-12-31,2024-09-28,273,2025-11-05,2025-11-04T23:07:50Z,18127000000,USD,10-Q,0000002488-25-000166,2025,Q3
AMD,revenue,RevenueFromContractWithCustomerExcludingAssessedTax,,2024-06-30,2024-09-28,91,2024-10-30,2024-10-30T20:26:03Z,6819000000,USD,10-Q,0000002488-24-000163,2024,Q3
AMD,revenue,RevenueFromContractWithCustomerExcludingAssessedTax,,2024-06-30,2024-09-28,91,2025-11-05,2025-11-04T23:07:50Z,6819000000,USD,10-Q,0000002488-25-000166,2025,Q3
AMD,revenue,RevenueFromContractWithCustomerExcludingAssessedTax,,2023-12-31,2024-12-28,364,2025-02-05,2025-02-05T21:42:57Z,25785000000,USD,10-K,0000002488-25-000012,2024,FY
AMD,revenue,RevenueFromContractWithCustomerExcludingAssessedTax,,2023-12-31,2024-12-28,364,2026-02-04,2026-02-03T23:14:52Z,25785000000,USD,10-K,0000002488-26-000018,2025,FY
AMD,revenue,RevenueFromContractWithCustomerExcludingAssessedTax,,2024-12-29,2025-03-29,91,2025-05-07,2025-05-06T22:04:48Z,7438000000,USD,10-Q,0000002488-25-000047,2025,Q1
AMD,revenue,RevenueFromContractWithCustomerExcludingAssessedTax,,2024-12-29,2025-03-29,91,2026-05-06,2026-05-05T22:06:27Z,7438000000,USD,10-Q,0000002488-26-000076,2026,Q1
AMD,revenue,RevenueFromContractWithCustomerExcludingAssessedTax,,2024-12-29,2025-06-28,182,2025-08-06,2025-08-05T22:08:21Z,15123000000,USD,10-Q,0000002488-25-000108,2025,Q2
AMD,revenue,RevenueFromContractWithCustomerExcludingAssessedTax,,2024-12-29,2025-06-28,182,2026-08-05,2026-08-04T21:40:01Z,15123000000,USD,10-Q,0000002488-26-000123,2026,Q2
AMD,revenue,RevenueFromContractWithCustomerExcludingAssessedTax,,2025-03-30,2025-06-28,91,2025-08-06,2025-08-05T22:08:21Z,7685000000,USD,10-Q,0000002488-25-000108,2025,Q2
AMD,revenue,RevenueFromContractWithCustomerExcludingAssessedTax,,2025-03-30,2025-06-28,91,2026-08-05,2026-08-04T21:40:01Z,7685000000,USD,10-Q,0000002488-26-000123,2026,Q2
AMD,revenue,RevenueFromContractWithCustomerExcludingAssessedTax,,2024-12-29,2025-09-27,273,2025-11-05,2025-11-04T23:07:50Z,24369000000,USD,10-Q,0000002488-25-000166,2025,Q3
AMD,revenue,RevenueFromContractWithCustomerExcludingAssessedTax,,2025-06-29,2025-09-27,91,2025-11-05,2025-11-04T23:07:50Z,9246000000,USD,10-Q,0000002488-25-000166,2025,Q3
AMD,revenue,RevenueFromContractWithCustomerExcludingAssessedTax,,2024-12-29,2025-12-27,364,2026-02-04,2026-02-03T23:14:52Z,34639000000,USD,10-K,0000002488-26-000018,2025,FY
AMD,revenue,RevenueFromContractWithCustomerExcludingAssessedTax,,2025-12-28,2026-03-28,91,2026-05-06,2026-05-05T22:06:27Z,10253000000,USD,10-Q,0000002488-26-000076,2026,Q1
AMD,revenue,RevenueFromContractWithCustomerExcludingAssessedTax,,2025-12-28,2026-06-27,182,2026-08-05,2026-08-04T21:40:01Z,21789000000,USD,10-Q,0000002488-26-000123,2026,Q2
AMD,revenue,RevenueFromContractWithCustomerExcludingAssessedTax,,2026-03-29,2026-06-27,91,2026-08-05,2026-08-04T21:40:01Z,11536000000,USD,10-Q,0000002488-26-000123,2026,Q2
AMZN,capex,PaymentsToAcquireProductiveAssets,,2020-01-01,2020-12-31,366,2021-02-03,2021-02-03T05:44:10Z,40140000000,USD,10-K,0001018724-21-000004,2020,FY
AMZN,capex,PaymentsToAcquireProductiveAssets,,2020-01-01,2020-12-31,366,2022-02-04,2022-02-04T04:46:51Z,40140000000,USD,10-K,0001018724-22-000005,2021,FY
AMZN,capex,PaymentsToAcquireProductiveAssets,,2020-01-01,2020-12-31,366,2023-02-03,2023-02-03T04:27:34Z,40140000000,USD,10-K,0001018724-23-000004,2022,FY
AMZN,capex,PaymentsToAcquireProductiveAssets,,2020-04-01,2021-03-31,365,2021-04-30,2021-04-30T02:48:35Z,45427000000,USD,10-Q,0001018724-21-000010,2021,Q1
AMZN,capex,PaymentsToAcquireProductiveAssets,,2020-04-01,2021-03-31,365,2022-04-29,2022-04-29T02:29:24Z,45427000000,USD,10-Q,0001018724-22-000013,2022,Q1
AMZN,capex,PaymentsToAcquireProductiveAssets,,2021-01-01,2021-03-31,90,2021-04-30,2021-04-30T02:48:35Z,12082000000,USD,10-Q,0001018724-21-000010,2021,Q1
AMZN,capex,PaymentsToAcquireProductiveAssets,,2021-01-01,2021-03-31,90,2022-04-29,2022-04-29T02:29:24Z,12082000000,USD,10-Q,0001018724-22-000013,2022,Q1
AMZN,capex,PaymentsToAcquireProductiveAssets,,2020-07-01,2021-06-30,365,2021-07-30,2021-07-30T03:02:39Z,52256000000,USD,10-Q,0001018724-21-000020,2021,Q2
AMZN,capex,PaymentsToAcquireProductiveAssets,,2020-07-01,2021-06-30,365,2022-07-29,2022-07-29T02:24:06Z,52256000000,USD,10-Q,0001018724-22-000019,2022,Q2
AMZN,capex,PaymentsToAcquireProductiveAssets,,2021-01-01,2021-06-30,181,2021-07-30,2021-07-30T03:02:39Z,26370000000,USD,10-Q,0001018724-21-000020,2021,Q2
AMZN,capex,PaymentsToAcquireProductiveAssets,,2021-01-01,2021-06-30,181,2022-07-29,2022-07-29T02:24:06Z,26370000000,USD,10-Q,0001018724-22-000019,2022,Q2
AMZN,capex,PaymentsToAcquireProductiveAssets,,2021-04-01,2021-06-30,91,2021-07-30,2021-07-30T03:02:39Z,14288000000,USD,10-Q,0001018724-21-000020,2021,Q2
AMZN,capex,PaymentsToAcquireProductiveAssets,,2021-04-01,2021-06-30,91,2022-07-29,2022-07-29T02:24:06Z,14288000000,USD,10-Q,0001018724-22-000019,2022,Q2
AMZN,capex,PaymentsToAcquireProductiveAssets,,2020-10-01,2021-09-30,365,2021-10-29,2021-10-29T02:29:31Z,56941000000,USD,10-Q,0001018724-21-000028,2021,Q3
AMZN,capex,PaymentsToAcquireProductiveAssets,,2020-10-01,2021-09-30,365,2022-10-28,2022-10-28T02:23:57Z,56941000000,USD,10-Q,0001018724-22-000023,2022,Q3
AMZN,capex,PaymentsToAcquireProductiveAssets,,2021-01-01,2021-09-30,273,2021-10-29,2021-10-29T02:29:31Z,42118000000,USD,10-Q,0001018724-21-000028,2021,Q3
AMZN,capex,PaymentsToAcquireProductiveAssets,,2021-01-01,2021-09-30,273,2022-10-28,2022-10-28T02:23:57Z,42118000000,USD,10-Q,0001018724-22-000023,2022,Q3
AMZN,capex,PaymentsToAcquireProductiveAssets,,2021-07-01,2021-09-30,92,2021-10-29,2021-10-29T02:29:31Z,15748000000,USD,10-Q,0001018724-21-000028,2021,Q3
AMZN,capex,PaymentsToAcquireProductiveAssets,,2021-07-01,2021-09-30,92,2022-10-28,2022-10-28T02:23:57Z,15748000000,USD,10-Q,0001018724-22-000023,2022,Q3
AMZN,capex,PaymentsToAcquireProductiveAssets,,2021-01-01,2021-12-31,365,2022-02-04,2022-02-04T04:46:51Z,61053000000,USD,10-K,0001018724-22-000005,2021,FY
AMZN,capex,PaymentsToAcquireProductiveAssets,,2021-01-01,2021-12-31,365,2023-02-03,2023-02-03T04:27:34Z,61053000000,USD,10-K,0001018724-23-000004,2022,FY
AMZN,capex,PaymentsToAcquireProductiveAssets,,2021-01-01,2021-12-31,365,2024-02-02,2024-02-02T04:48:30Z,61053000000,USD,10-K,0001018724-24-000008,2023,FY
AMZN,capex,PaymentsToAcquireProductiveAssets,,2021-04-01,2022-03-31,365,2022-04-29,2022-04-29T02:29:24Z,63922000000,USD,10-Q,0001018724-22-000013,2022,Q1
AMZN,capex,PaymentsToAcquireProductiveAssets,,2021-04-01,2022-03-31,365,2023-04-28,2023-04-28T02:24:51Z,63922000000,USD,10-Q,0001018724-23-000008,2023,Q1
AMZN,capex,PaymentsToAcquireProductiveAssets,,2022-01-01,2022-03-31,90,2022-04-29,2022-04-29T02:29:24Z,14951000000,USD,10-Q,0001018724-22-000013,2022,Q1
AMZN,capex,PaymentsToAcquireProductiveAssets,,2022-01-01,2022-03-31,90,2023-04-28,2023-04-28T02:24:51Z,14951000000,USD,10-Q,0001018724-23-000008,2023,Q1
AMZN,capex,PaymentsToAcquireProductiveAssets,,2021-07-01,2022-06-30,365,2022-07-29,2022-07-29T02:24:06Z,65358000000,USD,10-Q,0001018724-22-000019,2022,Q2
AMZN,capex,PaymentsToAcquireProductiveAssets,,2021-07-01,2022-06-30,365,2023-08-04,2023-08-04T02:24:35Z,65358000000,USD,10-Q,0001018724-23-000012,2023,Q2
AMZN,capex,PaymentsToAcquireProductiveAssets,,2022-01-01,2022-06-30,181,2022-07-29,2022-07-29T02:24:06Z,30675000000,USD,10-Q,0001018724-22-000019,2022,Q2
AMZN,capex,PaymentsToAcquireProductiveAssets,,2022-01-01,2022-06-30,181,2023-08-04,2023-08-04T02:24:35Z,30675000000,USD,10-Q,0001018724-23-000012,2023,Q2
AMZN,capex,PaymentsToAcquireProductiveAssets,,2022-04-01,2022-06-30,91,2022-07-29,2022-07-29T02:24:06Z,15724000000,USD,10-Q,0001018724-22-000019,2022,Q2
AMZN,capex,PaymentsToAcquireProductiveAssets,,2022-04-01,2022-06-30,91,2023-08-04,2023-08-04T02:24:35Z,15724000000,USD,10-Q,0001018724-23-000012,2023,Q2
AMZN,capex,PaymentsToAcquireProductiveAssets,,2021-10-01,2022-09-30,365,2022-10-28,2022-10-28T02:23:57Z,65988000000,USD,10-Q,0001018724-22-000023,2022,Q3
AMZN,capex,PaymentsToAcquireProductiveAssets,,2021-10-01,2022-09-30,365,2023-10-27,2023-10-27T02:36:51Z,65988000000,USD,10-Q,0001018724-23-000018,2023,Q3
AMZN,capex,PaymentsToAcquireProductiveAssets,,2022-01-01,2022-09-30,273,2022-10-28,2022-10-28T02:23:57Z,47053000000,USD,10-Q,0001018724-22-000023,2022,Q3
AMZN,capex,PaymentsToAcquireProductiveAssets,,2022-01-01,2022-09-30,273,2023-10-27,2023-10-27T02:36:51Z,47053000000,USD,10-Q,0001018724-23-000018,2023,Q3
AMZN,capex,PaymentsToAcquireProductiveAssets,,2022-07-01,2022-09-30,92,2022-10-28,2022-10-28T02:23:57Z,16378000000,USD,10-Q,0001018724-22-000023,2022,Q3
AMZN,capex,PaymentsToAcquireProductiveAssets,,2022-07-01,2022-09-30,92,2023-10-27,2023-10-27T02:36:51Z,16378000000,USD,10-Q,0001018724-23-000018,2023,Q3
AMZN,capex,PaymentsToAcquireProductiveAssets,,2022-01-01,2022-12-31,365,2023-02-03,2023-02-03T04:27:34Z,63645000000,USD,10-K,0001018724-23-000004,2022,FY
AMZN,capex,PaymentsToAcquireProductiveAssets,,2022-01-01,2022-12-31,365,2024-02-02,2024-02-02T04:48:30Z,63645000000,USD,10-K,0001018724-24-000008,2023,FY
AMZN,capex,PaymentsToAcquireProductiveAssets,,2022-01-01,2022-12-31,365,2025-02-07,2025-02-07T04:40:29Z,63645000000,USD,10-K,0001018724-25-000004,2024,FY
AMZN,capex,PaymentsToAcquireProductiveAssets,,2022-04-01,2023-03-31,365,2023-04-28,2023-04-28T02:24:51Z,62901000000,USD,10-Q,0001018724-23-000008,2023,Q1
AMZN,capex,PaymentsToAcquireProductiveAssets,,2022-04-01,2023-03-31,365,2024-05-01,2024-05-01T02:38:29Z,62901000000,USD,10-Q,0001018724-24-000083,2024,Q1
AMZN,capex,PaymentsToAcquireProductiveAssets,,2023-01-01,2023-03-31,90,2023-04-28,2023-04-28T02:24:51Z,14207000000,USD,10-Q,0001018724-23-000008,2023,Q1
AMZN,capex,PaymentsToAcquireProductiveAssets,,2023-01-01,2023-03-31,90,2024-05-01,2024-05-01T02:38:29Z,14207000000,USD,10-Q,0001018724-24-000083,2024,Q1
AMZN,capex,PaymentsToAcquireProductiveAssets,,2022-07-01,2023-06-30,365,2023-08-04,2023-08-04T02:24:35Z,58632000000,USD,10-Q,0001018724-23-000012,2023,Q2
AMZN,capex,PaymentsToAcquireProductiveAssets,,2022-07-01,2023-06-30,365,2024-08-02,2024-08-02T02:39:50Z,58632000000,USD,10-Q,0001018724-24-000130,2024,Q2
AMZN,capex,PaymentsToAcquireProductiveAssets,,2023-01-01,2023-06-30,181,2023-08-04,2023-08-04T02:24:35Z,25662000000,USD,10-Q,0001018724-23-000012,2023,Q2
AMZN,capex,PaymentsToAcquireProductiveAssets,,2023-01-01,2023-06-30,181,2024-08-02,2024-08-02T02:39:50Z,25662000000,USD,10-Q,0001018724-24-000130,2024,Q2
AMZN,capex,PaymentsToAcquireProductiveAssets,,2023-04-01,2023-06-30,91,2023-08-04,2023-08-04T02:24:35Z,11455000000,USD,10-Q,0001018724-23-000012,2023,Q2
AMZN,capex,PaymentsToAcquireProductiveAssets,,2023-04-01,2023-06-30,91,2024-08-02,2024-08-02T02:39:50Z,11455000000,USD,10-Q,0001018724-24-000130,2024,Q2
AMZN,capex,PaymentsToAcquireProductiveAssets,,2022-10-01,2023-09-30,365,2023-10-27,2023-10-27T02:36:51Z,54733000000,USD,10-Q,0001018724-23-000018,2023,Q3
AMZN,capex,PaymentsToAcquireProductiveAssets,,2022-10-01,2023-09-30,365,2024-11-01,2024-11-01T02:44:54Z,54733000000,USD,10-Q,0001018724-24-000161,2024,Q3
AMZN,capex,PaymentsToAcquireProductiveAssets,,2023-01-01,2023-09-30,273,2023-10-27,2023-10-27T02:36:51Z,38141000000,USD,10-Q,0001018724-23-000018,2023,Q3
AMZN,capex,PaymentsToAcquireProductiveAssets,,2023-01-01,2023-09-30,273,2024-11-01,2024-11-01T02:44:54Z,38141000000,USD,10-Q,0001018724-24-000161,2024,Q3
AMZN,capex,PaymentsToAcquireProductiveAssets,,2023-07-01,2023-09-30,92,2023-10-27,2023-10-27T02:36:51Z,12479000000,USD,10-Q,0001018724-23-000018,2023,Q3
AMZN,capex,PaymentsToAcquireProductiveAssets,,2023-07-01,2023-09-30,92,2024-11-01,2024-11-01T02:44:54Z,12479000000,USD,10-Q,0001018724-24-000161,2024,Q3
AMZN,capex,PaymentsToAcquireProductiveAssets,,2023-01-01,2023-12-31,365,2024-02-02,2024-02-02T04:48:30Z,52729000000,USD,10-K,0001018724-24-000008,2023,FY
AMZN,capex,PaymentsToAcquireProductiveAssets,,2023-01-01,2023-12-31,365,2025-02-07,2025-02-07T04:40:29Z,52729000000,USD,10-K,0001018724-25-000004,2024,FY
AMZN,capex,PaymentsToAcquireProductiveAssets,,2023-01-01,2023-12-31,365,2026-02-06,2026-02-06T04:44:31Z,52729000000,USD,10-K,0001018724-26-000004,2025,FY
AMZN,capex,PaymentsToAcquireProductiveAssets,,2023-04-01,2024-03-31,366,2024-05-01,2024-05-01T02:38:29Z,53447000000,USD,10-Q,0001018724-24-000083,2024,Q1
AMZN,capex,PaymentsToAcquireProductiveAssets,,2023-04-01,2024-03-31,366,2025-05-02,2025-05-02T02:14:53Z,53447000000,USD,10-Q,0001018724-25-000036,2025,Q1
AMZN,capex,PaymentsToAcquireProductiveAssets,,2024-01-01,2024-03-31,91,2024-05-01,2024-05-01T02:38:29Z,14925000000,USD,10-Q,0001018724-24-000083,2024,Q1
AMZN,capex,PaymentsToAcquireProductiveAssets,,2024-01-01,2024-03-31,91,2025-05-02,2025-05-02T02:14:53Z,14925000000,USD,10-Q,0001018724-25-000036,2025,Q1
AMZN,capex,PaymentsToAcquireProductiveAssets,,2023-07-01,2024-06-30,366,2024-08-02,2024-08-02T02:39:50Z,59612000000,USD,10-Q,0001018724-24-000130,2024,Q2
AMZN,capex,PaymentsToAcquireProductiveAssets,,2023-07-01,2024-06-30,366,2025-08-01,2025-08-01T02:13:08Z,59612000000,USD,10-Q,0001018724-25-000086,2025,Q2
AMZN,capex,PaymentsToAcquireProductiveAssets,,2024-01-01,2024-06-30,182,2024-08-02,2024-08-02T02:39:50Z,32545000000,USD,10-Q,0001018724-24-000130,2024,Q2
AMZN,capex,PaymentsToAcquireProductiveAssets,,2024-01-01,2024-06-30,182,2025-08-01,2025-08-01T02:13:08Z,32545000000,USD,10-Q,0001018724-25-000086,2025,Q2
AMZN,capex,PaymentsToAcquireProductiveAssets,,2024-04-01,2024-06-30,91,2024-08-02,2024-08-02T02:39:50Z,17620000000,USD,10-Q,0001018724-24-000130,2024,Q2
AMZN,capex,PaymentsToAcquireProductiveAssets,,2024-04-01,2024-06-30,91,2025-08-01,2025-08-01T02:13:08Z,17620000000,USD,10-Q,0001018724-25-000086,2025,Q2
AMZN,capex,PaymentsToAcquireProductiveAssets,,2023-10-01,2024-09-30,366,2024-11-01,2024-11-01T02:44:54Z,69753000000,USD,10-Q,0001018724-24-000161,2024,Q3
AMZN,capex,PaymentsToAcquireProductiveAssets,,2023-10-01,2024-09-30,366,2025-10-31,2025-10-31T02:18:21Z,69753000000,USD,10-Q,0001018724-25-000123,2025,Q3
AMZN,capex,PaymentsToAcquireProductiveAssets,,2024-01-01,2024-09-30,274,2024-11-01,2024-11-01T02:44:54Z,55165000000,USD,10-Q,0001018724-24-000161,2024,Q3
AMZN,capex,PaymentsToAcquireProductiveAssets,,2024-01-01,2024-09-30,274,2025-10-31,2025-10-31T02:18:21Z,55165000000,USD,10-Q,0001018724-25-000123,2025,Q3
AMZN,capex,PaymentsToAcquireProductiveAssets,,2024-07-01,2024-09-30,92,2024-11-01,2024-11-01T02:44:54Z,22620000000,USD,10-Q,0001018724-24-000161,2024,Q3
AMZN,capex,PaymentsToAcquireProductiveAssets,,2024-07-01,2024-09-30,92,2025-10-31,2025-10-31T02:18:21Z,22620000000,USD,10-Q,0001018724-25-000123,2025,Q3
AMZN,capex,PaymentsToAcquireProductiveAssets,,2024-01-01,2024-12-31,366,2025-02-07,2025-02-07T04:40:29Z,82999000000,USD,10-K,0001018724-25-000004,2024,FY
AMZN,capex,PaymentsToAcquireProductiveAssets,,2024-01-01,2024-12-31,366,2026-02-06,2026-02-06T04:44:31Z,82999000000,USD,10-K,0001018724-26-000004,2025,FY
AMZN,capex,PaymentsToAcquireProductiveAssets,,2024-04-01,2025-03-31,365,2025-05-02,2025-05-02T02:14:53Z,93093000000,USD,10-Q,0001018724-25-000036,2025,Q1
AMZN,capex,PaymentsToAcquireProductiveAssets,,2024-04-01,2025-03-31,365,2026-04-30,2026-04-30T02:48:09Z,93093000000,USD,10-Q,0001018724-26-000014,2026,Q1
AMZN,capex,PaymentsToAcquireProductiveAssets,,2025-01-01,2025-03-31,90,2025-05-02,2025-05-02T02:14:53Z,25019000000,USD,10-Q,0001018724-25-000036,2025,Q1
AMZN,capex,PaymentsToAcquireProductiveAssets,,2025-01-01,2025-03-31,90,2026-04-30,2026-04-30T02:48:09Z,25019000000,USD,10-Q,0001018724-26-000014,2026,Q1
AMZN,capex,PaymentsToAcquireProductiveAssets,,2024-07-01,2025-06-30,365,2025-08-01,2025-08-01T02:13:08Z,107656000000,USD,10-Q,0001018724-25-000086,2025,Q2
AMZN,capex,PaymentsToAcquireProductiveAssets,,2024-07-01,2025-06-30,365,2026-07-31,2026-07-31T02:11:13Z,107656000000,USD,10-Q,0001018724-26-000026,2026,Q2
AMZN,capex,PaymentsToAcquireProductiveAssets,,2025-01-01,2025-06-30,181,2025-08-01,2025-08-01T02:13:08Z,57202000000,USD,10-Q,0001018724-25-000086,2025,Q2
AMZN,capex,PaymentsToAcquireProductiveAssets,,2025-01-01,2025-06-30,181,2026-07-31,2026-07-31T02:11:13Z,57202000000,USD,10-Q,0001018724-26-000026,2026,Q2
AMZN,capex,PaymentsToAcquireProductiveAssets,,2025-04-01,2025-06-30,91,2025-08-01,2025-08-01T02:13:08Z,32183000000,USD,10-Q,0001018724-25-000086,2025,Q2
AMZN,capex,PaymentsToAcquireProductiveAssets,,2025-04-01,2025-06-30,91,2026-07-31,2026-07-31T02:11:13Z,32183000000,USD,10-Q,0001018724-26-000026,2026,Q2
AMZN,capex,PaymentsToAcquireProductiveAssets,,2024-10-01,2025-09-30,365,2025-10-31,2025-10-31T02:18:21Z,120131000000,USD,10-Q,0001018724-25-000123,2025,Q3
AMZN,capex,PaymentsToAcquireProductiveAssets,,2025-01-01,2025-09-30,273,2025-10-31,2025-10-31T02:18:21Z,92297000000,USD,10-Q,0001018724-25-000123,2025,Q3
AMZN,capex,PaymentsToAcquireProductiveAssets,,2025-07-01,2025-09-30,92,2025-10-31,2025-10-31T02:18:21Z,35095000000,USD,10-Q,0001018724-25-000123,2025,Q3
AMZN,capex,PaymentsToAcquireProductiveAssets,,2025-01-01,2025-12-31,365,2026-02-06,2026-02-06T04:44:31Z,131819000000,USD,10-K,0001018724-26-000004,2025,FY
AMZN,capex,PaymentsToAcquireProductiveAssets,,2025-04-01,2026-03-31,365,2026-04-30,2026-04-30T02:48:09Z,151003000000,USD,10-Q,0001018724-26-000014,2026,Q1
AMZN,capex,PaymentsToAcquireProductiveAssets,,2026-01-01,2026-03-31,90,2026-04-30,2026-04-30T02:48:09Z,44203000000,USD,10-Q,0001018724-26-000014,2026,Q1
AMZN,capex,PaymentsToAcquireProductiveAssets,,2025-07-01,2026-06-30,365,2026-07-31,2026-07-31T02:11:13Z,173028000000,USD,10-Q,0001018724-26-000026,2026,Q2
AMZN,capex,PaymentsToAcquireProductiveAssets,,2026-01-01,2026-06-30,181,2026-07-31,2026-07-31T02:11:13Z,98411000000,USD,10-Q,0001018724-26-000026,2026,Q2
AMZN,capex,PaymentsToAcquireProductiveAssets,,2026-04-01,2026-06-30,91,2026-07-31,2026-07-31T02:11:13Z,54208000000,USD,10-Q,0001018724-26-000026,2026,Q2
AVGO,revenue,RevenueFromContractWithCustomerExcludingAssessedTax,,2019-11-04,2020-11-01,364,2020-12-18,2020-12-18T22:07:10Z,23888000000,USD,10-K,0001730168-20-000226,2020,FY
AVGO,revenue,RevenueFromContractWithCustomerExcludingAssessedTax,,2019-11-04,2020-11-01,364,2021-12-17,2021-12-17T21:42:51Z,23888000000,USD,10-K,0001730168-21-000153,2021,FY
AVGO,revenue,RevenueFromContractWithCustomerExcludingAssessedTax,,2019-11-04,2020-11-01,364,2022-12-16,2022-12-16T21:21:52Z,23888000000,USD,10-K,0001730168-22-000118,2022,FY
AVGO,revenue,RevenueFromContractWithCustomerExcludingAssessedTax,,2020-08-03,2020-11-01,91,2020-12-18,2020-12-18T22:07:10Z,6467000000,USD,10-K,0001730168-20-000226,2020,FY
AVGO,revenue,RevenueFromContractWithCustomerExcludingAssessedTax,,2020-11-02,2021-01-31,91,2021-03-12,2021-03-12T21:37:52Z,6655000000,USD,10-Q,0001730168-21-000045,2021,Q1
AVGO,revenue,RevenueFromContractWithCustomerExcludingAssessedTax,,2020-11-02,2021-01-31,91,2022-03-10,2022-03-10T21:31:23Z,6655000000,USD,10-Q,0001730168-22-000029,2022,Q1
AVGO,revenue,RevenueFromContractWithCustomerExcludingAssessedTax,,2020-11-02,2021-05-02,182,2021-06-11,2021-06-11T19:22:26Z,13265000000,USD,10-Q,0001730168-21-000116,2021,Q2
AVGO,revenue,RevenueFromContractWithCustomerExcludingAssessedTax,,2020-11-02,2021-05-02,182,2022-06-09,2022-06-09T20:12:03Z,13265000000,USD,10-Q,0001730168-22-000081,2022,Q2
AVGO,revenue,RevenueFromContractWithCustomerExcludingAssessedTax,,2021-02-01,2021-05-02,91,2021-06-11,2021-06-11T19:22:26Z,6610000000,USD,10-Q,0001730168-21-000116,2021,Q2
AVGO,revenue,RevenueFromContractWithCustomerExcludingAssessedTax,,2021-02-01,2021-05-02,91,2022-06-09,2022-06-09T20:12:03Z,6610000000,USD,10-Q,0001730168-22-000081,2022,Q2
AVGO,revenue,RevenueFromContractWithCustomerExcludingAssessedTax,,2020-11-02,2021-08-01,273,2021-09-09,2021-09-09T20:19:53Z,20043000000,USD,10-Q,0001730168-21-000123,2021,Q3
AVGO,revenue,RevenueFromContractWithCustomerExcludingAssessedTax,,2020-11-02,2021-08-01,273,2022-09-08,2022-09-08T20:16:55Z,20043000000,USD,10-Q,0001730168-22-000094,2022,Q3
AVGO,revenue,RevenueFromContractWithCustomerExcludingAssessedTax,,2021-05-03,2021-08-01,91,2021-09-09,2021-09-09T20:19:53Z,6778000000,USD,10-Q,0001730168-21-000123,2021,Q3
AVGO,revenue,RevenueFromContractWithCustomerExcludingAssessedTax,,2021-05-03,2021-08-01,91,2022-09-08,2022-09-08T20:16:55Z,6778000000,USD,10-Q,0001730168-22-000094,2022,Q3
AVGO,revenue,RevenueFromContractWithCustomerExcludingAssessedTax,,2020-11-02,2021-10-31,364,2021-12-17,2021-12-17T21:42:51Z,27450000000,USD,10-K,0001730168-21-000153,2021,FY
AVGO,revenue,RevenueFromContractWithCustomerExcludingAssessedTax,,2020-11-02,2021-10-31,364,2022-12-16,2022-12-16T21:21:52Z,27450000000,USD,10-K,0001730168-22-000118,2022,FY
AVGO,revenue,RevenueFromContractWithCustomerExcludingAssessedTax,,2020-11-02,2021-10-31,364,2023-12-14,2023-12-14T21:54:05Z,27450000000,USD,10-K,0001730168-23-000096,2023,FY
AVGO,revenue,RevenueFromContractWithCustomerExcludingAssessedTax,,2021-11-01,2022-01-30,91,2022-03-10,2022-03-10T21:31:23Z,7706000000,USD,10-Q,0001730168-22-000029,2022,Q1
AVGO,revenue,RevenueFromContractWithCustomerExcludingAssessedTax,,2021-11-01,2022-01-30,91,2023-03-08,2023-03-08T21:10:18Z,7706000000,USD,10-Q,0001730168-23-000008,2023,Q1
AVGO,revenue,RevenueFromContractWithCustomerExcludingAssessedTax,,2021-11-01,2022-05-01,182,2022-06-09,2022-06-09T20:12:03Z,15809000000,USD,10-Q,0001730168-22-000081,2022,Q2
AVGO,revenue,RevenueFromContractWithCustomerExcludingAssessedTax,,2021-11-01,2022-05-01,182,2023-06-07,2023-06-07T20:22:00Z,15809000000,USD,10-Q,0001730168-23-000064,2023,Q2
AVGO,revenue,RevenueFromContractWithCustomerExcludingAssessedTax,,2022-01-31,2022-05-01,91,2022-06-09,2022-06-09T20:12:03Z,8103000000,USD,10-Q,0001730168-22-000081,2022,Q2
AVGO,revenue,RevenueFromContractWithCustomerExcludingAssessedTax,,2022-01-31,2022-05-01,91,2023-06-07,2023-06-07T20:22:00Z,8103000000,USD,10-Q,0001730168-23-000064,2023,Q2
AVGO,revenue,RevenueFromContractWithCustomerExcludingAssessedTax,,2021-11-01,2022-07-31,273,2022-09-08,2022-09-08T20:16:55Z,24273000000,USD,10-Q,0001730168-22-000094,2022,Q3
AVGO,revenue,RevenueFromContractWithCustomerExcludingAssessedTax,,2021-11-01,2022-07-31,273,2023-09-06,2023-09-06T20:16:18Z,24273000000,USD,10-Q,0001730168-23-000077,2023,Q3
AVGO,revenue,RevenueFromContractWithCustomerExcludingAssessedTax,,2022-05-02,2022-07-31,91,2022-09-08,2022-09-08T20:16:55Z,8464000000,USD,10-Q,0001730168-22-000094,2022,Q3
AVGO,revenue,RevenueFromContractWithCustomerExcludingAssessedTax,,2022-05-02,2022-07-31,91,2023-09-06,2023-09-06T20:16:18Z,8464000000,USD,10-Q,0001730168-23-000077,2023,Q3
AVGO,revenue,RevenueFromContractWithCustomerExcludingAssessedTax,,2021-11-01,2022-10-30,364,2022-12-16,2022-12-16T21:21:52Z,33203000000,USD,10-K,0001730168-22-000118,2022,FY
AVGO,revenue,RevenueFromContractWithCustomerExcludingAssessedTax,,2021-11-01,2022-10-30,364,2023-12-14,2023-12-14T21:54:05Z,33203000000,USD,10-K,0001730168-23-000096,2023,FY
AVGO,revenue,RevenueFromContractWithCustomerExcludingAssessedTax,,2021-11-01,2022-10-30,364,2024-12-20,2024-12-20T22:26:46Z,33203000000,USD,10-K,0001730168-24-000139,2024,FY
AVGO,revenue,RevenueFromContractWithCustomerExcludingAssessedTax,,2022-10-31,2023-01-29,91,2023-03-08,2023-03-08T21:10:18Z,8915000000,USD,10-Q,0001730168-23-000008,2023,Q1
AVGO,revenue,RevenueFromContractWithCustomerExcludingAssessedTax,,2022-10-31,2023-01-29,91,2024-03-14,2024-03-14T20:59:58Z,8915000000,USD,10-Q,0001730168-24-000023,2024,Q1
AVGO,revenue,RevenueFromContractWithCustomerExcludingAssessedTax,,2022-10-31,2023-04-30,182,2023-06-07,2023-06-07T20:22:00Z,17648000000,USD,10-Q,0001730168-23-000064,2023,Q2
AVGO,revenue,RevenueFromContractWithCustomerExcludingAssessedTax,,2022-10-31,2023-04-30,182,2024-06-13,2024-06-13T00:14:25Z,17648000000,USD,10-Q,0001730168-24-000080,2024,Q2
AVGO,revenue,RevenueFromContractWithCustomerExcludingAssessedTax,,2023-01-30,2023-04-30,91,2023-06-07,2023-06-07T20:22:00Z,8733000000,USD,10-Q,0001730168-23-000064,2023,Q2
AVGO,revenue,RevenueFromContractWithCustomerExcludingAssessedTax,,2023-01-30,2023-04-30,91,2024-06-13,2024-06-13T00:14:25Z,8733000000,USD,10-Q,0001730168-24-000080,2024,Q2
AVGO,revenue,RevenueFromContractWithCustomerExcludingAssessedTax,,2022-10-31,2023-07-30,273,2023-09-06,2023-09-06T20:16:18Z,26524000000,USD,10-Q,0001730168-23-000077,2023,Q3
AVGO,revenue,RevenueFromContractWithCustomerExcludingAssessedTax,,2022-10-31,2023-07-30,273,2024-09-11,2024-09-11T20:37:29Z,26524000000,USD,10-Q,0001730168-24-000099,2024,Q3
AVGO,revenue,RevenueFromContractWithCustomerExcludingAssessedTax,,2023-05-01,2023-07-30,91,2023-09-06,2023-09-06T20:16:18Z,8876000000,USD,10-Q,0001730168-23-000077,2023,Q3
AVGO,revenue,RevenueFromContractWithCustomerExcludingAssessedTax,,2023-05-01,2023-07-30,91,2024-09-11,2024-09-11T20:37:29Z,8876000000,USD,10-Q,0001730168-24-000099,2024,Q3
AVGO,revenue,RevenueFromContractWithCustomerExcludingAssessedTax,,2022-10-31,2023-10-29,364,2023-12-14,2023-12-14T21:54:05Z,35819000000,USD,10-K,0001730168-23-000096,2023,FY
AVGO,revenue,RevenueFromContractWithCustomerExcludingAssessedTax,,2022-10-31,2023-10-29,364,2024-12-20,2024-12-20T22:26:46Z,35819000000,USD,10-K,0001730168-24-000139,2024,FY
AVGO,revenue,RevenueFromContractWithCustomerExcludingAssessedTax,,2022-10-31,2023-10-29,364,2025-12-18,2025-12-18T21:04:47Z,35819000000,USD,10-K,0001730168-25-000121,2025,FY
AVGO,revenue,RevenueFromContractWithCustomerExcludingAssessedTax,,2023-10-30,2024-02-04,98,2024-03-14,2024-03-14T20:59:58Z,11961000000,USD,10-Q,0001730168-24-000023,2024,Q1
AVGO,revenue,RevenueFromContractWithCustomerExcludingAssessedTax,,2023-10-30,2024-02-04,98,2025-03-12,2025-03-12T20:38:04Z,11961000000,USD,10-Q,0001730168-25-000021,2025,Q1
AVGO,revenue,RevenueFromContractWithCustomerExcludingAssessedTax,,2023-10-30,2024-05-05,189,2024-06-13,2024-06-13T00:14:25Z,24448000000,USD,10-Q,0001730168-24-000080,2024,Q2
AVGO,revenue,RevenueFromContractWithCustomerExcludingAssessedTax,,2023-10-30,2024-05-05,189,2025-06-11,2025-06-11T20:08:32Z,24448000000,USD,10-Q,0001730168-25-000064,2025,Q2
AVGO,revenue,RevenueFromContractWithCustomerExcludingAssessedTax,,2024-02-05,2024-05-05,91,2024-06-13,2024-06-13T00:14:25Z,12487000000,USD,10-Q,0001730168-24-000080,2024,Q2
AVGO,revenue,RevenueFromContractWithCustomerExcludingAssessedTax,,2024-02-05,2024-05-05,91,2025-06-11,2025-06-11T20:08:32Z,12487000000,USD,10-Q,0001730168-25-000064,2025,Q2
AVGO,revenue,RevenueFromContractWithCustomerExcludingAssessedTax,,2023-10-30,2024-08-04,280,2024-09-11,2024-09-11T20:37:29Z,37520000000,USD,10-Q,0001730168-24-000099,2024,Q3
AVGO,revenue,RevenueFromContractWithCustomerExcludingAssessedTax,,2023-10-30,2024-08-04,280,2025-09-10,2025-09-10T20:00:41Z,37520000000,USD,10-Q,0001730168-25-000098,2025,Q3
AVGO,revenue,RevenueFromContractWithCustomerExcludingAssessedTax,,2024-05-06,2024-08-04,91,2024-09-11,2024-09-11T20:37:29Z,13072000000,USD,10-Q,0001730168-24-000099,2024,Q3
AVGO,revenue,RevenueFromContractWithCustomerExcludingAssessedTax,,2024-05-06,2024-08-04,91,2025-09-10,2025-09-10T20:00:41Z,13072000000,USD,10-Q,0001730168-25-000098,2025,Q3
AVGO,revenue,RevenueFromContractWithCustomerExcludingAssessedTax,,2023-10-30,2024-11-03,371,2024-12-20,2024-12-20T22:26:46Z,51574000000,USD,10-K,0001730168-24-000139,2024,FY
AVGO,revenue,RevenueFromContractWithCustomerExcludingAssessedTax,,2023-10-30,2024-11-03,371,2025-12-18,2025-12-18T21:04:47Z,51574000000,USD,10-K,0001730168-25-000121,2025,FY
AVGO,revenue,RevenueFromContractWithCustomerExcludingAssessedTax,,2024-11-04,2025-02-02,91,2025-03-12,2025-03-12T20:38:04Z,14916000000,USD,10-Q,0001730168-25-000021,2025,Q1
AVGO,revenue,RevenueFromContractWithCustomerExcludingAssessedTax,,2024-11-04,2025-02-02,91,2026-03-11,2026-03-11T20:43:59Z,14916000000,USD,10-Q,0001730168-26-000016,2026,Q1
AVGO,revenue,RevenueFromContractWithCustomerExcludingAssessedTax,,2024-11-04,2025-05-04,182,2025-06-11,2025-06-11T20:08:32Z,29920000000,USD,10-Q,0001730168-25-000064,2025,Q2
AVGO,revenue,RevenueFromContractWithCustomerExcludingAssessedTax,,2024-11-04,2025-05-04,182,2026-06-09,2026-06-09T13:06:09Z,29920000000,USD,10-Q,0001730168-26-000054,2026,Q2
AVGO,revenue,RevenueFromContractWithCustomerExcludingAssessedTax,,2025-02-03,2025-05-04,91,2025-06-11,2025-06-11T20:08:32Z,15004000000,USD,10-Q,0001730168-25-000064,2025,Q2
AVGO,revenue,RevenueFromContractWithCustomerExcludingAssessedTax,,2025-02-03,2025-05-04,91,2026-06-09,2026-06-09T13:06:09Z,15004000000,USD,10-Q,0001730168-26-000054,2026,Q2
AVGO,revenue,RevenueFromContractWithCustomerExcludingAssessedTax,,2024-11-04,2025-08-03,273,2025-09-10,2025-09-10T20:00:41Z,45872000000,USD,10-Q,0001730168-25-000098,2025,Q3
AVGO,revenue,RevenueFromContractWithCustomerExcludingAssessedTax,,2024-11-04,2025-08-03,273,2026-09-10,2026-09-09T21:56:42Z,45872000000,USD,10-Q,0001730168-26-000080,2026,Q3
AVGO,revenue,RevenueFromContractWithCustomerExcludingAssessedTax,,2025-05-05,2025-08-03,91,2025-09-10,2025-09-10T20:00:41Z,15952000000,USD,10-Q,0001730168-25-000098,2025,Q3
AVGO,revenue,RevenueFromContractWithCustomerExcludingAssessedTax,,2025-05-05,2025-08-03,91,2026-09-10,2026-09-09T21:56:42Z,15952000000,USD,10-Q,0001730168-26-000080,2026,Q3
AVGO,revenue,RevenueFromContractWithCustomerExcludingAssessedTax,,2024-11-04,2025-11-02,364,2025-12-18,2025-12-18T21:04:47Z,63887000000,USD,10-K,0001730168-25-000121,2025,FY
AVGO,revenue,RevenueFromContractWithCustomerExcludingAssessedTax,,2025-11-03,2026-02-01,91,2026-03-11,2026-03-11T20:43:59Z,19311000000,USD,10-Q,0001730168-26-000016,2026,Q1
AVGO,revenue,RevenueFromContractWithCustomerExcludingAssessedTax,,2025-11-03,2026-05-03,182,2026-06-09,2026-06-09T13:06:09Z,41498000000,USD,10-Q,0001730168-26-000054,2026,Q2
AVGO,revenue,RevenueFromContractWithCustomerExcludingAssessedTax,,2026-02-02,2026-05-03,91,2026-06-09,2026-06-09T13:06:09Z,22187000000,USD,10-Q,0001730168-26-000054,2026,Q2
AVGO,revenue,RevenueFromContractWithCustomerExcludingAssessedTax,,2025-11-03,2026-08-02,273,2026-09-10,2026-09-09T21:56:42Z,71089000000,USD,10-Q,0001730168-26-000080,2026,Q3
AVGO,revenue,RevenueFromContractWithCustomerExcludingAssessedTax,,2026-05-04,2026-08-02,91,2026-09-10,2026-09-09T21:56:42Z,29591000000,USD,10-Q,0001730168-26-000080,2026,Q3
CRWV,revenue,RevenueFromContractWithCustomerExcludingAssessedTax,,2023-01-01,2023-12-31,365,2026-03-02,2026-03-03T02:14:01Z,229000000,USD,10-K,0001769628-26-000104,2025,FY
CRWV,revenue,RevenueFromContractWithCustomerExcludingAssessedTax,,2024-01-01,2024-03-31,91,2025-05-15,2025-05-15T04:01:57Z,188684000,USD,10-Q,0001769628-25-000014,2025,Q1
CRWV,revenue,RevenueFromContractWithCustomerExcludingAssessedTax,,2024-01-01,2024-06-30,182,2025-08-13,2025-08-13T02:18:48Z,584055000,USD,10-Q,0001769628-25-000041,2025,Q2
CRWV,revenue,RevenueFromContractWithCustomerExcludingAssessedTax,,2024-04-01,2024-06-30,91,2025-08-13,2025-08-13T02:18:48Z,395371000,USD,10-Q,0001769628-25-000041,2025,Q2
CRWV,revenue,RevenueFromContractWithCustomerExcludingAssessedTax,,2024-01-01,2024-09-30,274,2025-11-13,2025-11-14T02:19:11Z,1167996000,USD,10-Q,0001769628-25-000062,2025,Q3
CRWV,revenue,RevenueFromContractWithCustomerExcludingAssessedTax,,2024-07-01,2024-09-30,92,2025-11-13,2025-11-14T02:19:11Z,583941000,USD,10-Q,0001769628-25-000062,2025,Q3
CRWV,revenue,RevenueFromContractWithCustomerExcludingAssessedTax,,2024-01-01,2024-12-31,366,2026-03-02,2026-03-03T02:14:01Z,1915000000,USD,10-K,0001769628-26-000104,2025,FY
CRWV,revenue,RevenueFromContractWithCustomerExcludingAssessedTax,,2025-01-01,2025-03-31,90,2025-05-15,2025-05-15T04:01:57Z,981632000,USD,10-Q,0001769628-25-000014,2025,Q1
CRWV,revenue,RevenueFromContractWithCustomerExcludingAssessedTax,,2025-01-01,2025-03-31,90,2026-05-08,2026-05-08T03:21:42Z,982000000,USD,10-Q,0001769628-26-000222,2026,Q1
CRWV,revenue,RevenueFromContractWithCustomerExcludingAssessedTax,,2025-01-01,2025-06-30,181,2025-08-13,2025-08-13T02:18:48Z,2194420000,USD,10-Q,0001769628-25-000041,2025,Q2
CRWV,revenue,RevenueFromContractWithCustomerExcludingAssessedTax,,2025-01-01,2025-06-30,181,2026-08-12,2026-08-12T03:24:42Z,2194000000,USD,10-Q,0001769628-26-000366,2026,Q2
CRWV,revenue,RevenueFromContractWithCustomerExcludingAssessedTax,,2025-04-01,2025-06-30,91,2025-08-13,2025-08-13T02:18:48Z,1212788000,USD,10-Q,0001769628-25-000041,2025,Q2
CRWV,revenue,RevenueFromContractWithCustomerExcludingAssessedTax,,2025-04-01,2025-06-30,91,2026-08-12,2026-08-12T03:24:42Z,1212000000,USD,10-Q,0001769628-26-000366,2026,Q2
CRWV,revenue,RevenueFromContractWithCustomerExcludingAssessedTax,,2025-01-01,2025-09-30,273,2025-11-13,2025-11-14T02:19:11Z,3559096000,USD,10-Q,0001769628-25-000062,2025,Q3
CRWV,revenue,RevenueFromContractWithCustomerExcludingAssessedTax,,2025-07-01,2025-09-30,92,2025-11-13,2025-11-14T02:19:11Z,1364676000,USD,10-Q,0001769628-25-000062,2025,Q3
CRWV,revenue,RevenueFromContractWithCustomerExcludingAssessedTax,,2025-01-01,2025-12-31,365,2026-03-02,2026-03-03T02:14:01Z,5131000000,USD,10-K,0001769628-26-000104,2025,FY
CRWV,revenue,RevenueFromContractWithCustomerExcludingAssessedTax,,2026-01-01,2026-03-31,90,2026-05-08,2026-05-08T03:21:42Z,2078000000,USD,10-Q,0001769628-26-000222,2026,Q1
CRWV,revenue,RevenueFromContractWithCustomerExcludingAssessedTax,,2026-01-01,2026-06-30,181,2026-08-12,2026-08-12T03:24:42Z,4653000000,USD,10-Q,0001769628-26-000366,2026,Q2
CRWV,revenue,RevenueFromContractWithCustomerExcludingAssessedTax,,2026-04-01,2026-06-30,91,2026-08-12,2026-08-12T03:24:42Z,2575000000,USD,10-Q,0001769628-26-000366,2026,Q2
GOOGL,capex,PaymentsToAcquirePropertyPlantAndEquipment,,2020-01-01,2020-12-31,366,2021-02-03,2021-02-03T01:12:25Z,22281000000,USD,10-K,0001652044-21-000010,2020,FY
GOOGL,capex,PaymentsToAcquirePropertyPlantAndEquipment,,2020-01-01,2020-12-31,366,2022-02-02,2022-02-02T02:08:02Z,22281000000,USD,10-K,0001652044-22-000019,2021,FY
GOOGL,capex,PaymentsToAcquirePropertyPlantAndEquipment,,2020-01-01,2020-12-31,366,2023-02-03,2023-02-03T02:23:45Z,22281000000,USD,10-K,0001652044-23-000016,2022,FY
GOOGL,capex,PaymentsToAcquirePropertyPlantAndEquipment,,2021-01-01,2021-03-31,90,2021-04-28,2021-04-27T23:17:57Z,5942000000,USD,10-Q,0001652044-21-000020,2021,Q1
GOOGL,capex,PaymentsToAcquirePropertyPlantAndEquipment,,2021-01-01,2021-03-31,90,2022-04-27,2022-04-27T00:51:20Z,5942000000,USD,10-Q,0001652044-22-000029,2022,Q1
GOOGL,capex,PaymentsToAcquirePropertyPlantAndEquipment,,2021-01-01,2021-06-30,181,2021-07-28,2021-07-28T00:16:30Z,11438000000,USD,10-Q,0001652044-21-000047,2021,Q2
GOOGL,capex,PaymentsToAcquirePropertyPlantAndEquipment,,2021-01-01,2021-06-30,181,2022-07-27,2022-07-26T23:29:36Z,11438000000,USD,10-Q,0001652044-22-000071,2022,Q2
GOOGL,capex,PaymentsToAcquirePropertyPlantAndEquipment,,2021-01-01,2021-09-30,273,2021-10-27,2021-10-26T23:47:06Z,18257000000,USD,10-Q,0001652044-21-000057,2021,Q3
GOOGL,capex,PaymentsToAcquirePropertyPlantAndEquipment,,2021-01-01,2021-09-30,273,2022-10-26,2022-10-26T01:32:59Z,18257000000,USD,10-Q,0001652044-22-000090,2022,Q3
GOOGL,capex,PaymentsToAcquirePropertyPlantAndEquipment,,2021-01-01,2021-12-31,365,2022-02-02,2022-02-02T02:08:02Z,24640000000,USD,10-K,0001652044-22-000019,2021,FY
GOOGL,capex,PaymentsToAcquirePropertyPlantAndEquipment,,2021-01-01,2021-12-31,365,2023-02-03,2023-02-03T02:23:45Z,24640000000,USD,10-K,0001652044-23-000016,2022,FY
GOOGL,capex,PaymentsToAcquirePropertyPlantAndEquipment,,2021-01-01,2021-12-31,365,2024-01-31,2024-01-31T02:43:43Z,24640000000,USD,10-K,0001652044-24-000022,2023,FY
GOOGL,capex,PaymentsToAcquirePropertyPlantAndEquipment,,2022-01-01,2022-03-31,90,2022-04-27,2022-04-27T00:51:20Z,9786000000,USD,10-Q,0001652044-22-000029,2022,Q1
GOOGL,capex,PaymentsToAcquirePropertyPlantAndEquipment,,2022-01-01,2022-03-31,90,2023-04-26,2023-04-26T00:15:00Z,9786000000,USD,10-Q,0001652044-23-000045,2023,Q1
GOOGL,capex,PaymentsToAcquirePropertyPlantAndEquipment,,2022-01-01,2022-06-30,181,2022-07-27,2022-07-26T23:29:36Z,16614000000,USD,10-Q,0001652044-22-000071,2022,Q2
GOOGL,capex,PaymentsToAcquirePropertyPlantAndEquipment,,2022-01-01,2022-06-30,181,2023-07-26,2023-07-25T23:13:26Z,16614000000,USD,10-Q,0001652044-23-000070,2023,Q2
GOOGL,capex,PaymentsToAcquirePropertyPlantAndEquipment,,2022-01-01,2022-09-30,273,2022-10-26,2022-10-26T01:32:59Z,23890000000,USD,10-Q,0001652044-22-000090,2022,Q3
GOOGL,capex,PaymentsToAcquirePropertyPlantAndEquipment,,2022-01-01,2022-09-30,273,2023-10-25,2023-10-24T22:39:13Z,23890000000,USD,10-Q,0001652044-23-000094,2023,Q3
GOOGL,capex,PaymentsToAcquirePropertyPlantAndEquipment,,2022-01-01,2022-12-31,365,2023-02-03,2023-02-03T02:23:45Z,31485000000,USD,10-K,0001652044-23-000016,2022,FY
GOOGL,capex,PaymentsToAcquirePropertyPlantAndEquipment,,2022-01-01,2022-12-31,365,2024-01-31,2024-01-31T02:43:43Z,31485000000,USD,10-K,0001652044-24-000022,2023,FY
GOOGL,capex,PaymentsToAcquirePropertyPlantAndEquipment,,2022-01-01,2022-12-31,365,2025-02-05,2025-02-05T01:41:40Z,31485000000,USD,10-K,0001652044-25-000014,2024,FY
GOOGL,capex,PaymentsToAcquirePropertyPlantAndEquipment,,2023-01-01,2023-03-31,90,2023-04-26,2023-04-26T00:15:00Z,6289000000,USD,10-Q,0001652044-23-000045,2023,Q1
GOOGL,capex,PaymentsToAcquirePropertyPlantAndEquipment,,2023-01-01,2023-03-31,90,2024-04-26,2024-04-26T00:22:11Z,6289000000,USD,10-Q,0001652044-24-000053,2024,Q1
GOOGL,capex,PaymentsToAcquirePropertyPlantAndEquipment,,2023-01-01,2023-06-30,181,2023-07-26,2023-07-25T23:13:26Z,13177000000,USD,10-Q,0001652044-23-000070,2023,Q2
GOOGL,capex,PaymentsToAcquirePropertyPlantAndEquipment,,2023-01-01,2023-06-30,181,2024-07-24,2024-07-23T23:12:07Z,13177000000,USD,10-Q,0001652044-24-000079,2024,Q2
GOOGL,capex,PaymentsToAcquirePropertyPlantAndEquipment,,2023-01-01,2023-09-30,273,2023-10-25,2023-10-24T22:39:13Z,21232000000,USD,10-Q,0001652044-23-000094,2023,Q3
GOOGL,capex,PaymentsToAcquirePropertyPlantAndEquipment,,2023-01-01,2023-09-30,273,2024-10-30,2024-10-29T23:33:10Z,21232000000,USD,10-Q,0001652044-24-000118,2024,Q3
GOOGL,capex,PaymentsToAcquirePropertyPlantAndEquipment,,2023-01-01,2023-12-31,365,2024-01-31,2024-01-31T02:43:43Z,32251000000,USD,10-K,0001652044-24-000022,2023,FY
GOOGL,capex,PaymentsToAcquirePropertyPlantAndEquipment,,2023-01-01,2023-12-31,365,2025-02-05,2025-02-05T01:41:40Z,32251000000,USD,10-K,0001652044-25-000014,2024,FY
GOOGL,capex,PaymentsToAcquirePropertyPlantAndEquipment,,2023-01-01,2023-12-31,365,2026-02-05,2026-02-05T02:56:03Z,32251000000,USD,10-K,0001652044-26-000018,2025,FY
GOOGL,capex,PaymentsToAcquirePropertyPlantAndEquipment,,2024-01-01,2024-03-31,91,2024-04-26,2024-04-26T00:22:11Z,12012000000,USD,10-Q,0001652044-24-000053,2024,Q1
GOOGL,capex,PaymentsToAcquirePropertyPlantAndEquipment,,2024-01-01,2024-03-31,91,2025-04-25,2025-04-25T01:05:29Z,12012000000,USD,10-Q,0001652044-25-000043,2025,Q1
GOOGL,capex,PaymentsToAcquirePropertyPlantAndEquipment,,2024-01-01,2024-06-30,182,2024-07-24,2024-07-23T23:12:07Z,25198000000,USD,10-Q,0001652044-24-000079,2024,Q2
GOOGL,capex,PaymentsToAcquirePropertyPlantAndEquipment,,2024-01-01,2024-06-30,182,2025-07-24,2025-07-23T23:44:01Z,25198000000,USD,10-Q,0001652044-25-000062,2025,Q2
GOOGL,capex,PaymentsToAcquirePropertyPlantAndEquipment,,2024-01-01,2024-09-30,274,2024-10-30,2024-10-29T23:33:10Z,38259000000,USD,10-Q,0001652044-24-000118,2024,Q3
GOOGL,capex,PaymentsToAcquirePropertyPlantAndEquipment,,2024-01-01,2024-09-30,274,2025-10-30,2025-10-30T01:55:01Z,38259000000,USD,10-Q,0001652044-25-000091,2025,Q3
GOOGL,capex,PaymentsToAcquirePropertyPlantAndEquipment,,2024-01-01,2024-12-31,366,2025-02-05,2025-02-05T01:41:40Z,52535000000,USD,10-K,0001652044-25-000014,2024,FY
GOOGL,capex,PaymentsToAcquirePropertyPlantAndEquipment,,2024-01-01,2024-12-31,366,2026-02-05,2026-02-05T02:56:03Z,52535000000,USD,10-K,0001652044-26-000018,2025,FY
GOOGL,capex,PaymentsToAcquirePropertyPlantAndEquipment,,2025-01-01,2025-03-31,90,2025-04-25,2025-04-25T01:05:29Z,17197000000,USD,10-Q,0001652044-25-000043,2025,Q1
GOOGL,capex,PaymentsToAcquirePropertyPlantAndEquipment,,2025-01-01,2025-03-31,90,2026-04-30,2026-04-30T01:02:11Z,17197000000,USD,10-Q,0001652044-26-000048,2026,Q1
GOOGL,capex,PaymentsToAcquirePropertyPlantAndEquipment,,2025-01-01,2025-06-30,181,2025-07-24,2025-07-23T23:44:01Z,39643000000,USD,10-Q,0001652044-25-000062,2025,Q2
GOOGL,capex,PaymentsToAcquirePropertyPlantAndEquipment,,2025-01-01,2025-06-30,181,2026-07-23,2026-07-23T01:15:54Z,39643000000,USD,10-Q,0001652044-26-000071,2026,Q2
GOOGL,capex,PaymentsToAcquirePropertyPlantAndEquipment,,2025-01-01,2025-09-30,273,2025-10-30,2025-10-30T01:55:01Z,63596000000,USD,10-Q,0001652044-25-000091,2025,Q3
GOOGL,capex,PaymentsToAcquirePropertyPlantAndEquipment,,2025-01-01,2025-12-31,365,2026-02-05,2026-02-05T02:56:03Z,91447000000,USD,10-K,0001652044-26-000018,2025,FY
GOOGL,capex,PaymentsToAcquirePropertyPlantAndEquipment,,2026-01-01,2026-03-31,90,2026-04-30,2026-04-30T01:02:11Z,35674000000,USD,10-Q,0001652044-26-000048,2026,Q1
GOOGL,capex,PaymentsToAcquirePropertyPlantAndEquipment,,2026-01-01,2026-06-30,181,2026-07-23,2026-07-23T01:15:54Z,80598000000,USD,10-Q,0001652044-26-000071,2026,Q2
META,capex,PaymentsToAcquirePropertyPlantAndEquipment,,2020-01-01,2020-12-31,366,2021-01-28,2021-01-28T07:13:48Z,15115000000,USD,10-K,0001326801-21-000014,2020,FY
META,capex,PaymentsToAcquirePropertyPlantAndEquipment,,2020-01-01,2020-12-31,366,2022-02-03,2022-02-03T07:11:04Z,15115000000,USD,10-K,0001326801-22-000018,2021,FY
META,capex,PaymentsToAcquirePropertyPlantAndEquipment,,2020-01-01,2020-12-31,366,2023-02-02,2023-02-02T06:26:31Z,15163000000,USD,10-K,0001326801-23-000013,2022,FY
META,capex,PaymentsToAcquirePropertyPlantAndEquipment,,2021-01-01,2021-03-31,90,2021-04-29,2021-04-29T04:12:05Z,4272000000,USD,10-Q,0001326801-21-000033,2021,Q1
META,capex,PaymentsToAcquirePropertyPlantAndEquipment,,2021-01-01,2021-03-31,90,2022-04-28,2022-04-28T04:42:59Z,4303000000,USD,10-Q,0001326801-22-000057,2022,Q1
META,capex,PaymentsToAcquirePropertyPlantAndEquipment,,2021-01-01,2021-06-30,181,2021-07-29,2021-07-29T04:13:08Z,8884000000,USD,10-Q,0001326801-21-000049,2021,Q2
META,capex,PaymentsToAcquirePropertyPlantAndEquipment,,2021-01-01,2021-06-30,181,2022-07-28,2022-07-28T04:44:34Z,8944000000,USD,10-Q,0001326801-22-000082,2022,Q2
META,capex,PaymentsToAcquirePropertyPlantAndEquipment,,2021-01-01,2021-09-30,273,2021-10-26,2021-10-26T04:44:20Z,13198000000,USD,10-Q,0001326801-21-000065,2021,Q3
META,capex,PaymentsToAcquirePropertyPlantAndEquipment,,2021-01-01,2021-09-30,273,2022-10-27,2022-10-27T04:26:36Z,13290000000,USD,10-Q,0001326801-22-000108,2022,Q3
META,capex,PaymentsToAcquirePropertyPlantAndEquipment,,2021-01-01,2021-12-31,365,2022-02-03,2022-02-03T07:11:04Z,18567000000,USD,10-K,0001326801-22-000018,2021,FY
META,capex,PaymentsToAcquirePropertyPlantAndEquipment,,2021-01-01,2021-12-31,365,2023-02-02,2023-02-02T06:26:31Z,18690000000,USD,10-K,0001326801-23-000013,2022,FY
META,capex,PaymentsToAcquirePropertyPlantAndEquipment,,2021-01-01,2021-12-31,365,2024-02-02,2024-02-02T05:39:02Z,18690000000,USD,10-K,0001326801-24-000012,2023,FY
META,capex,PaymentsToAcquirePropertyPlantAndEquipment,,2022-01-01,2022-03-31,90,2022-04-28,2022-04-28T04:42:59Z,5441000000,USD,10-Q,0001326801-22-000057,2022,Q1
META,capex,PaymentsToAcquirePropertyPlantAndEquipment,,2022-01-01,2022-03-31,90,2023-04-27,2023-04-27T04:56:18Z,5441000000,USD,10-Q,0001326801-23-000067,2023,Q1
META,capex,PaymentsToAcquirePropertyPlantAndEquipment,,2022-01-01,2022-06-30,181,2022-07-28,2022-07-28T04:44:34Z,13013000000,USD,10-Q,0001326801-22-000082,2022,Q2
META,capex,PaymentsToAcquirePropertyPlantAndEquipment,,2022-01-01,2022-06-30,181,2023-07-27,2023-07-27T04:11:08Z,13013000000,USD,10-Q,0001326801-23-000093,2023,Q2
META,capex,PaymentsToAcquirePropertyPlantAndEquipment,,2022-01-01,2022-09-30,273,2022-10-27,2022-10-27T04:26:36Z,22388000000,USD,10-Q,0001326801-22-000108,2022,Q3
META,capex,PaymentsToAcquirePropertyPlantAndEquipment,,2022-01-01,2022-09-30,273,2023-10-26,2023-10-26T04:07:27Z,22388000000,USD,10-Q,0001326801-23-000103,2023,Q3
META,capex,PaymentsToAcquirePropertyPlantAndEquipment,,2022-01-01,2022-12-31,365,2023-02-02,2023-02-02T06:26:31Z,31431000000,USD,10-K,0001326801-23-000013,2022,FY
META,capex,PaymentsToAcquirePropertyPlantAndEquipment,,2022-01-01,2022-12-31,365,2024-02-02,2024-02-02T05:39:02Z,31431000000,USD,10-K,0001326801-24-000012,2023,FY
META,capex,PaymentsToAcquirePropertyPlantAndEquipment,,2022-01-01,2022-12-31,365,2025-01-30,2025-01-30T06:00:50Z,31186000000,USD,10-K,0001326801-25-000017,2024,FY
META,capex,PaymentsToAcquirePropertyPlantAndEquipment,,2023-01-01,2023-03-31,90,2023-04-27,2023-04-27T04:56:18Z,6842000000,USD,10-Q,0001326801-23-000067,2023,Q1
META,capex,PaymentsToAcquirePropertyPlantAndEquipment,,2023-01-01,2023-03-31,90,2024-04-25,2024-04-25T04:14:19Z,6823000000,USD,10-Q,0001326801-24-000049,2024,Q1
META,capex,PaymentsToAcquirePropertyPlantAndEquipment,,2023-01-01,2023-06-30,181,2023-07-27,2023-07-27T04:11:08Z,13058000000,USD,10-Q,0001326801-23-000093,2023,Q2
META,capex,PaymentsToAcquirePropertyPlantAndEquipment,,2023-01-01,2023-06-30,181,2024-08-01,2024-08-01T04:14:40Z,12957000000,USD,10-Q,0001326801-24-000069,2024,Q2
META,capex,PaymentsToAcquirePropertyPlantAndEquipment,,2023-01-01,2023-09-30,273,2023-10-26,2023-10-26T04:07:27Z,19601000000,USD,10-Q,0001326801-23-000103,2023,Q3
META,capex,PaymentsToAcquirePropertyPlantAndEquipment,,2023-01-01,2023-09-30,273,2024-10-31,2024-10-31T03:54:51Z,19453000000,USD,10-Q,0001326801-24-000081,2024,Q3
META,capex,PaymentsToAcquirePropertyPlantAndEquipment,,2023-01-01,2023-12-31,365,2024-02-02,2024-02-02T05:39:02Z,27266000000,USD,10-K,0001326801-24-000012,2023,FY
META,capex,PaymentsToAcquirePropertyPlantAndEquipment,,2023-01-01,2023-12-31,365,2025-01-30,2025-01-30T06:00:50Z,27045000000,USD,10-K,0001326801-25-000017,2024,FY
META,capex,PaymentsToAcquirePropertyPlantAndEquipment,,2023-01-01,2023-12-31,365,2026-01-29,2026-01-29T05:13:46Z,27045000000,USD,10-K,0001628280-26-003942,2025,FY
META,capex,PaymentsToAcquirePropertyPlantAndEquipment,,2024-01-01,2024-03-31,91,2024-04-25,2024-04-25T04:14:19Z,6400000000,USD,10-Q,0001326801-24-000049,2024,Q1
META,capex,PaymentsToAcquirePropertyPlantAndEquipment,,2024-01-01,2024-03-31,91,2025-05-01,2025-05-01T04:03:18Z,6400000000,USD,10-Q,0001326801-25-000054,2025,Q1
META,capex,PaymentsToAcquirePropertyPlantAndEquipment,,2024-01-01,2024-06-30,182,2024-08-01,2024-08-01T04:14:40Z,14573000000,USD,10-Q,0001326801-24-000069,2024,Q2
META,capex,PaymentsToAcquirePropertyPlantAndEquipment,,2024-01-01,2024-06-30,182,2025-07-31,2025-07-31T04:02:12Z,14573000000,USD,10-Q,0001628280-25-036791,2025,Q2
META,capex,PaymentsToAcquirePropertyPlantAndEquipment,,2024-01-01,2024-09-30,274,2024-10-31,2024-10-31T03:54:51Z,22831000000,USD,10-Q,0001326801-24-000081,2024,Q3
META,capex,PaymentsToAcquirePropertyPlantAndEquipment,,2024-01-01,2024-09-30,274,2025-10-30,2025-10-30T02:50:26Z,22831000000,USD,10-Q,0001628280-25-047240,2025,Q3
META,capex,PaymentsToAcquirePropertyPlantAndEquipment,,2024-01-01,2024-12-31,366,2025-01-30,2025-01-30T06:00:50Z,37256000000,USD,10-K,0001326801-25-000017,2024,FY
META,capex,PaymentsToAcquirePropertyPlantAndEquipment,,2024-01-01,2024-12-31,366,2026-01-29,2026-01-29T05:13:46Z,37256000000,USD,10-K,0001628280-26-003942,2025,FY
META,capex,PaymentsToAcquirePropertyPlantAndEquipment,,2025-01-01,2025-03-31,90,2025-05-01,2025-05-01T04:03:18Z,12941000000,USD,10-Q,0001326801-25-000054,2025,Q1
META,capex,PaymentsToAcquirePropertyPlantAndEquipment,,2025-01-01,2025-03-31,90,2026-04-30,2026-04-30T03:54:11Z,12941000000,USD,10-Q,0001628280-26-028526,2026,Q1
META,capex,PaymentsToAcquirePropertyPlantAndEquipment,,2025-01-01,2025-06-30,181,2025-07-31,2025-07-31T04:02:12Z,29479000000,USD,10-Q,0001628280-25-036791,2025,Q2
META,capex,PaymentsToAcquirePropertyPlantAndEquipment,,2025-01-01,2025-06-30,181,2026-07-30,2026-07-30T02:58:51Z,29479000000,USD,10-Q,0001628280-26-050705,2026,Q2
META,capex,PaymentsToAcquirePropertyPlantAndEquipment,,2025-01-01,2025-09-30,273,2025-10-30,2025-10-30T02:50:26Z,48308000000,USD,10-Q,0001628280-25-047240,2025,Q3
META,capex,PaymentsToAcquirePropertyPlantAndEquipment,,2025-01-01,2025-12-31,365,2026-01-29,2026-01-29T05:13:46Z,69691000000,USD,10-K,0001628280-26-003942,2025,FY
META,capex,PaymentsToAcquirePropertyPlantAndEquipment,,2026-01-01,2026-03-31,90,2026-04-30,2026-04-30T03:54:11Z,18997000000,USD,10-Q,0001628280-26-028526,2026,Q1
META,capex,PaymentsToAcquirePropertyPlantAndEquipment,,2026-01-01,2026-06-30,181,2026-07-30,2026-07-30T02:58:51Z,49113000000,USD,10-Q,0001628280-26-050705,2026,Q2
MSFT,capex,PaymentsToAcquirePropertyPlantAndEquipment,,2020-07-01,2020-12-31,184,2021-01-26,2021-01-26T21:09:34Z,9081000000,USD,10-Q,0001564590-21-002316,2021,Q2
MSFT,capex,PaymentsToAcquirePropertyPlantAndEquipment,,2020-07-01,2020-12-31,184,2022-01-25,2022-01-25T21:09:04Z,9081000000,USD,10-Q,0001564590-22-002324,2022,Q2
MSFT,capex,PaymentsToAcquirePropertyPlantAndEquipment,,2020-10-01,2020-12-31,92,2021-01-26,2021-01-26T21:09:34Z,4174000000,USD,10-Q,0001564590-21-002316,2021,Q2
MSFT,capex,PaymentsToAcquirePropertyPlantAndEquipment,,2020-10-01,2020-12-31,92,2022-01-25,2022-01-25T21:09:04Z,4174000000,USD,10-Q,0001564590-22-002324,2022,Q2
MSFT,capex,PaymentsToAcquirePropertyPlantAndEquipment,,2020-07-01,2021-03-31,274,2021-04-27,2021-04-27T20:09:38Z,14170000000,USD,10-Q,0001564590-21-020891,2021,Q3
MSFT,capex,PaymentsToAcquirePropertyPlantAndEquipment,,2020-07-01,2021-03-31,274,2022-04-26,2022-04-26T20:08:55Z,14170000000,USD,10-Q,0001564590-22-015675,2022,Q3
MSFT,capex,PaymentsToAcquirePropertyPlantAndEquipment,,2021-01-01,2021-03-31,90,2021-04-27,2021-04-27T20:09:38Z,5089000000,USD,10-Q,0001564590-21-020891,2021,Q3
MSFT,capex,PaymentsToAcquirePropertyPlantAndEquipment,,2021-01-01,2021-03-31,90,2022-04-26,2022-04-26T20:08:55Z,5089000000,USD,10-Q,0001564590-22-015675,2022,Q3
MSFT,capex,PaymentsToAcquirePropertyPlantAndEquipment,,2020-07-01,2021-06-30,365,2021-07-29,2021-07-29T20:21:55Z,20622000000,USD,10-K,0001564590-21-039151,2021,FY
MSFT,capex,PaymentsToAcquirePropertyPlantAndEquipment,,2020-07-01,2021-06-30,365,2022-07-28,2022-07-28T20:06:19Z,20622000000,USD,10-K,0001564590-22-026876,2022,FY
MSFT,capex,PaymentsToAcquirePropertyPlantAndEquipment,,2020-07-01,2021-06-30,365,2023-07-27,2023-07-27T20:01:56Z,20622000000,USD,10-K,0000950170-23-035122,2023,FY
MSFT,capex,PaymentsToAcquirePropertyPlantAndEquipment,,2021-07-01,2021-09-30,92,2021-10-26,2021-10-26T20:11:30Z,5810000000,USD,10-Q,0001564590-21-051992,2022,Q1
MSFT,capex,PaymentsToAcquirePropertyPlantAndEquipment,,2021-07-01,2021-09-30,92,2022-10-25,2022-10-25T20:08:55Z,5810000000,USD,10-Q,0001564590-22-035087,2023,Q1
MSFT,capex,PaymentsToAcquirePropertyPlantAndEquipment,,2021-07-01,2021-12-31,184,2022-01-25,2022-01-25T21:09:04Z,11675000000,USD,10-Q,0001564590-22-002324,2022,Q2
MSFT,capex,PaymentsToAcquirePropertyPlantAndEquipment,,2021-07-01,2021-12-31,184,2023-01-24,2023-01-24T21:34:20Z,11675000000,USD,10-Q,0001564590-23-000733,2023,Q2
MSFT,capex,PaymentsToAcquirePropertyPlantAndEquipment,,2021-10-01,2021-12-31,92,2022-01-25,2022-01-25T21:09:04Z,5865000000,USD,10-Q,0001564590-22-002324,2022,Q2
MSFT,capex,PaymentsToAcquirePropertyPlantAndEquipment,,2021-10-01,2021-12-31,92,2023-01-24,2023-01-24T21:34:20Z,5865000000,USD,10-Q,0001564590-23-000733,2023,Q2
MSFT,capex,PaymentsToAcquirePropertyPlantAndEquipment,,2021-07-01,2022-03-31,274,2022-04-26,2022-04-26T20:08:55Z,17015000000,USD,10-Q,0001564590-22-015675,2022,Q3
MSFT,capex,PaymentsToAcquirePropertyPlantAndEquipment,,2021-07-01,2022-03-31,274,2023-04-25,2023-04-25T20:07:43Z,17015000000,USD,10-Q,0000950170-23-014423,2023,Q3
MSFT,capex,PaymentsToAcquirePropertyPlantAndEquipment,,2022-01-01,2022-03-31,90,2022-04-26,2022-04-26T20:08:55Z,5340000000,USD,10-Q,0001564590-22-015675,2022,Q3
MSFT,capex,PaymentsToAcquirePropertyPlantAndEquipment,,2022-01-01,2022-03-31,90,2023-04-25,2023-04-25T20:07:43Z,5340000000,USD,10-Q,0000950170-23-014423,2023,Q3
MSFT,capex,PaymentsToAcquirePropertyPlantAndEquipment,,2021-07-01,2022-06-30,365,2022-07-28,2022-07-28T20:06:19Z,23886000000,USD,10-K,0001564590-22-026876,2022,FY
MSFT,capex,PaymentsToAcquirePropertyPlantAndEquipment,,2021-07-01,2022-06-30,365,2023-07-27,2023-07-27T20:01:56Z,23886000000,USD,10-K,0000950170-23-035122,2023,FY
MSFT,capex,PaymentsToAcquirePropertyPlantAndEquipment,,2021-07-01,2022-06-30,365,2024-07-30,2024-07-30T20:06:22Z,23886000000,USD,10-K,0000950170-24-087843,2024,FY
MSFT,capex,PaymentsToAcquirePropertyPlantAndEquipment,,2021-07-01,2022-06-30,365,2024-12-03,2024-12-03T21:00:37Z,23886000000,USD,8-K,0000950170-24-132722,,
MSFT,capex,PaymentsToAcquirePropertyPlantAndEquipment,,2022-07-01,2022-09-30,92,2022-10-25,2022-10-25T20:08:55Z,6283000000,USD,10-Q,0001564590-22-035087,2023,Q1
MSFT,capex,PaymentsToAcquirePropertyPlantAndEquipment,,2022-07-01,2022-09-30,92,2023-10-24,2023-10-24T20:07:40Z,6283000000,USD,10-Q,0000950170-23-054855,2024,Q1
MSFT,capex,PaymentsToAcquirePropertyPlantAndEquipment,,2022-07-01,2022-12-31,184,2023-01-24,2023-01-24T21:34:20Z,12557000000,USD,10-Q,0001564590-23-000733,2023,Q2
MSFT,capex,PaymentsToAcquirePropertyPlantAndEquipment,,2022-07-01,2022-12-31,184,2024-01-30,2024-01-30T21:05:46Z,12557000000,USD,10-Q,0000950170-24-008814,2024,Q2
MSFT,capex,PaymentsToAcquirePropertyPlantAndEquipment,,2022-10-01,2022-12-31,92,2023-01-24,2023-01-24T21:34:20Z,6274000000,USD,10-Q,0001564590-23-000733,2023,Q2
MSFT,capex,PaymentsToAcquirePropertyPlantAndEquipment,,2022-10-01,2022-12-31,92,2024-01-30,2024-01-30T21:05:46Z,6274000000,USD,10-Q,0000950170-24-008814,2024,Q2
MSFT,capex,PaymentsToAcquirePropertyPlantAndEquipment,,2022-07-01,2023-03-31,274,2023-04-25,2023-04-25T20:07:43Z,19164000000,USD,10-Q,0000950170-23-014423,2023,Q3
MSFT,capex,PaymentsToAcquirePropertyPlantAndEquipment,,2022-07-01,2023-03-31,274,2024-04-25,2024-04-25T20:06:24Z,19164000000,USD,10-Q,0000950170-24-048288,2024,Q3
MSFT,capex,PaymentsToAcquirePropertyPlantAndEquipment,,2023-01-01,2023-03-31,90,2023-04-25,2023-04-25T20:07:43Z,6607000000,USD,10-Q,0000950170-23-014423,2023,Q3
MSFT,capex,PaymentsToAcquirePropertyPlantAndEquipment,,2023-01-01,2023-03-31,90,2024-04-25,2024-04-25T20:06:24Z,6607000000,USD,10-Q,0000950170-24-048288,2024,Q3
MSFT,capex,PaymentsToAcquirePropertyPlantAndEquipment,,2022-07-01,2023-06-30,365,2023-07-27,2023-07-27T20:01:56Z,28107000000,USD,10-K,0000950170-23-035122,2023,FY
MSFT,capex,PaymentsToAcquirePropertyPlantAndEquipment,,2022-07-01,2023-06-30,365,2024-07-30,2024-07-30T20:06:22Z,28107000000,USD,10-K,0000950170-24-087843,2024,FY
MSFT,capex,PaymentsToAcquirePropertyPlantAndEquipment,,2022-07-01,2023-06-30,365,2024-12-03,2024-12-03T21:00:37Z,28107000000,USD,8-K,0000950170-24-132722,,
MSFT,capex,PaymentsToAcquirePropertyPlantAndEquipment,,2022-07-01,2023-06-30,365,2025-07-30,2025-07-30T20:11:40Z,28107000000,USD,10-K,0000950170-25-100235,2025,FY
MSFT,capex,PaymentsToAcquirePropertyPlantAndEquipment,,2023-07-01,2023-09-30,92,2023-10-24,2023-10-24T20:07:40Z,9917000000,USD,10-Q,0000950170-23-054855,2024,Q1
MSFT,capex,PaymentsToAcquirePropertyPlantAndEquipment,,2023-07-01,2023-09-30,92,2024-10-30,2024-10-30T20:07:17Z,9917000000,USD,10-Q,0000950170-24-118967,2025,Q1
MSFT,capex,PaymentsToAcquirePropertyPlantAndEquipment,,2023-07-01,2023-12-31,184,2024-01-30,2024-01-30T21:05:46Z,19652000000,USD,10-Q,0000950170-24-008814,2024,Q2
MSFT,capex,PaymentsToAcquirePropertyPlantAndEquipment,,2023-07-01,2023-12-31,184,2025-01-29,2025-01-29T21:11:54Z,19652000000,USD,10-Q,0000950170-25-010491,2025,Q2
MSFT,capex,PaymentsToAcquirePropertyPlantAndEquipment,,2023-10-01,2023-12-31,92,2024-01-30,2024-01-30T21:05:46Z,9735000000,USD,10-Q,0000950170-24-008814,2024,Q2
MSFT,capex,PaymentsToAcquirePropertyPlantAndEquipment,,2023-10-01,2023-12-31,92,2025-01-29,2025-01-29T21:11:54Z,9735000000,USD,10-Q,0000950170-25-010491,2025,Q2
MSFT,capex,PaymentsToAcquirePropertyPlantAndEquipment,,2023-07-01,2024-03-31,275,2024-04-25,2024-04-25T20:06:24Z,30604000000,USD,10-Q,0000950170-24-048288,2024,Q3
MSFT,capex,PaymentsToAcquirePropertyPlantAndEquipment,,2023-07-01,2024-03-31,275,2025-04-30,2025-04-30T20:08:52Z,30604000000,USD,10-Q,0000950170-25-061046,2025,Q3
MSFT,capex,PaymentsToAcquirePropertyPlantAndEquipment,,2024-01-01,2024-03-31,91,2024-04-25,2024-04-25T20:06:24Z,10952000000,USD,10-Q,0000950170-24-048288,2024,Q3
MSFT,capex,PaymentsToAcquirePropertyPlantAndEquipment,,2024-01-01,2024-03-31,91,2025-04-30,2025-04-30T20:08:52Z,10952000000,USD,10-Q,0000950170-25-061046,2025,Q3
MSFT,capex,PaymentsToAcquirePropertyPlantAndEquipment,,2023-07-01,2024-06-30,366,2024-07-30,2024-07-30T20:06:22Z,44477000000,USD,10-K,0000950170-24-087843,2024,FY
MSFT,capex,PaymentsToAcquirePropertyPlantAndEquipment,,2023-07-01,2024-06-30,366,2024-12-03,2024-12-03T21:00:37Z,44477000000,USD,8-K,0000950170-24-132722,,
MSFT,capex,PaymentsToAcquirePropertyPlantAndEquipment,,2023-07-01,2024-06-30,366,2025-07-30,2025-07-30T20:11:40Z,44477000000,USD,10-K,0000950170-25-100235,2025,FY
MSFT,capex,PaymentsToAcquirePropertyPlantAndEquipment,,2023-07-01,2024-06-30,366,2026-07-29,2026-07-29T20:08:01Z,44477000000,USD,10-K,0001193125-26-323660,2026,FY
MSFT,capex,PaymentsToAcquirePropertyPlantAndEquipment,,2024-07-01,2024-09-30,92,2024-10-30,2024-10-30T20:07:17Z,14923000000,USD,10-Q,0000950170-24-118967,2025,Q1
MSFT,capex,PaymentsToAcquirePropertyPlantAndEquipment,,2024-07-01,2024-09-30,92,2025-10-29,2025-10-29T20:10:48Z,14923000000,USD,10-Q,0001193125-25-256321,2026,Q1
MSFT,capex,PaymentsToAcquirePropertyPlantAndEquipment,,2024-07-01,2024-12-31,184,2025-01-29,2025-01-29T21:11:54Z,30727000000,USD,10-Q,0000950170-25-010491,2025,Q2
MSFT,capex,PaymentsToAcquirePropertyPlantAndEquipment,,2024-07-01,2024-12-31,184,2026-01-28,2026-01-28T21:07:34Z,30727000000,USD,10-Q,0001193125-26-027207,2026,Q2
MSFT,capex,PaymentsToAcquirePropertyPlantAndEquipment,,2024-10-01,2024-12-31,92,2025-01-29,2025-01-29T21:11:54Z,15804000000,USD,10-Q,0000950170-25-010491,2025,Q2
MSFT,capex,PaymentsToAcquirePropertyPlantAndEquipment,,2024-10-01,2024-12-31,92,2026-01-28,2026-01-28T21:07:34Z,15804000000,USD,10-Q,0001193125-26-027207,2026,Q2
MSFT,capex,PaymentsToAcquirePropertyPlantAndEquipment,,2024-07-01,2025-03-31,274,2025-04-30,2025-04-30T20:08:52Z,47472000000,USD,10-Q,0000950170-25-061046,2025,Q3
MSFT,capex,PaymentsToAcquirePropertyPlantAndEquipment,,2024-07-01,2025-03-31,274,2026-04-29,2026-04-29T20:06:24Z,47472000000,USD,10-Q,0001193125-26-191507,2026,Q3
MSFT,capex,PaymentsToAcquirePropertyPlantAndEquipment,,2025-01-01,2025-03-31,90,2025-04-30,2025-04-30T20:08:52Z,16745000000,USD,10-Q,0000950170-25-061046,2025,Q3
MSFT,capex,PaymentsToAcquirePropertyPlantAndEquipment,,2025-01-01,2025-03-31,90,2026-04-29,2026-04-29T20:06:24Z,16745000000,USD,10-Q,0001193125-26-191507,2026,Q3
MSFT,capex,PaymentsToAcquirePropertyPlantAndEquipment,,2024-07-01,2025-06-30,365,2025-07-30,2025-07-30T20:11:40Z,64551000000,USD,10-K,0000950170-25-100235,2025,FY
MSFT,capex,PaymentsToAcquirePropertyPlantAndEquipment,,2024-07-01,2025-06-30,365,2026-07-29,2026-07-29T20:08:01Z,64551000000,USD,10-K,0001193125-26-323660,2026,FY
MSFT,capex,PaymentsToAcquirePropertyPlantAndEquipment,,2025-07-01,2025-09-30,92,2025-10-29,2025-10-29T20:10:48Z,19394000000,USD,10-Q,0001193125-25-256321,2026,Q1
MSFT,capex,PaymentsToAcquirePropertyPlantAndEquipment,,2025-07-01,2025-12-31,184,2026-01-28,2026-01-28T21:07:34Z,49270000000,USD,10-Q,0001193125-26-027207,2026,Q2
MSFT,capex,PaymentsToAcquirePropertyPlantAndEquipment,,2025-10-01,2025-12-31,92,2026-01-28,2026-01-28T21:07:34Z,29876000000,USD,10-Q,0001193125-26-027207,2026,Q2
MSFT,capex,PaymentsToAcquirePropertyPlantAndEquipment,,2025-07-01,2026-03-31,274,2026-04-29,2026-04-29T20:06:24Z,80146000000,USD,10-Q,0001193125-26-191507,2026,Q3
MSFT,capex,PaymentsToAcquirePropertyPlantAndEquipment,,2026-01-01,2026-03-31,90,2026-04-29,2026-04-29T20:06:24Z,30876000000,USD,10-Q,0001193125-26-191507,2026,Q3
MSFT,capex,PaymentsToAcquirePropertyPlantAndEquipment,,2025-07-01,2026-06-30,365,2026-07-29,2026-07-29T20:08:01Z,115948000000,USD,10-K,0001193125-26-323660,2026,FY
NBIS,revenue,Revenues,,2020-01-01,2020-12-31,366,2021-04-01,2021-04-01T02:11:46Z,2955600000,USD,20-F,0001513845-21-000014,2020,FY
NBIS,revenue,Revenues,,2021-01-01,2021-12-31,365,2022-04-20,2022-04-21T00:57:31Z,4794200000,USD,20-F,0001558370-22-005654,2021,FY
NBIS,revenue,Revenues,,2022-01-01,2022-12-31,365,2023-04-20,2023-04-21T00:06:23Z,7417100000,USD,20-F,0001558370-23-006319,2022,FY
NBIS,revenue,Revenues,,2022-01-01,2022-12-31,365,2025-04-30,2025-05-01T00:08:09Z,13500000,USD,20-F,0001558370-25-005991,2024,FY
NBIS,revenue,Revenues,,2023-01-01,2023-12-31,365,2024-04-26,2024-04-27T00:01:28Z,8921200000,USD,20-F,0001558370-24-005891,2023,FY
NBIS,revenue,Revenues,,2023-01-01,2023-12-31,365,2025-04-30,2025-05-01T00:08:09Z,20900000,USD,20-F,0001558370-25-005991,2024,FY
NBIS,revenue,Revenues,,2023-01-01,2023-12-31,365,2026-04-30,2026-05-01T00:16:27Z,9800000,USD,20-F,0001104659-26-052948,2025,FY
NBIS,revenue,Revenues,,2024-01-01,2024-12-31,366,2025-04-30,2025-05-01T00:08:09Z,117500000,USD,20-F,0001558370-25-005991,2024,FY
NBIS,revenue,Revenues,,2024-01-01,2024-12-31,366,2026-04-30,2026-05-01T00:16:27Z,91500000,USD,20-F,0001104659-26-052948,2025,FY
NBIS,revenue,Revenues,,2025-01-01,2025-12-31,365,2026-04-30,2026-05-01T00:16:27Z,529800000,USD,20-F,0001104659-26-052948,2025,FY
NVDA,datacenter_revenue,Revenues,srt:ProductOrServiceAxis=nvda:DataCenterMember,2020-01-27,2020-10-25,273,2021-11-22,2021-11-20T02:16:20Z,4793000000,USD,10-Q,0001045810-21-000163,,
NVDA,datacenter_revenue,Revenues,srt:ProductOrServiceAxis=nvda:DataCenterMember,2020-07-27,2020-10-25,91,2021-11-22,2021-11-20T02:16:20Z,1900000000,USD,10-Q,0001045810-21-000163,,
NVDA,datacenter_revenue,RevenueFromContractWithCustomerExcludingAssessedTax,srt:ProductOrServiceAxis=nvda:DataCenterMember,2020-01-27,2021-01-31,371,2021-02-26,2021-02-26T22:03:14Z,6696000000,USD,10-K,0001045810-21-000010,,
NVDA,datacenter_revenue,RevenueFromContractWithCustomerExcludingAssessedTax,srt:ProductOrServiceAxis=nvda:DataCenterMember,2020-01-27,2021-01-31,371,2022-03-18,2022-03-18T00:33:34Z,6696000000,USD,10-K,0001045810-22-000036,,
NVDA,datacenter_revenue,Revenues,srt:ProductOrServiceAxis=nvda:DataCenterMember,2020-01-27,2021-01-31,371,2023-02-24,2023-02-24T22:23:43Z,6696000000,USD,10-K,0001045810-23-000017,,
NVDA,datacenter_revenue,Revenues,srt:ProductOrServiceAxis=nvda:DataCenterMember,2021-02-01,2021-05-02,91,2021-05-26,2021-05-26T20:35:56Z,2048000000,USD,10-Q,0001045810-21-000064,,
NVDA,datacenter_revenue,Revenues,srt:ProductOrServiceAxis=nvda:DataCenterMember,2021-02-01,2021-05-02,91,2022-05-27,2022-05-27T20:21:55Z,2048000000,USD,10-Q,0001045810-22-000079,,
NVDA,datacenter_revenue,Revenues,srt:ProductOrServiceAxis=nvda:DataCenterMember,2021-02-01,2021-08-01,182,2021-08-20,2021-08-20T20:32:40Z,4414000000,USD,10-Q,0001045810-21-000131,,
NVDA,datacenter_revenue,Revenues,srt:ProductOrServiceAxis=nvda:DataCenterMember,2021-02-01,2021-08-01,182,2022-08-31,2022-08-31T21:01:35Z,4414000000,USD,10-Q,0001045810-22-000147,,
NVDA,datacenter_revenue,Revenues,srt:ProductOrServiceAxis=nvda:DataCenterMember,2021-05-03,2021-08-01,91,2021-08-20,2021-08-20T20:32:40Z,2366000000,USD,10-Q,0001045810-21-000131,,
NVDA,datacenter_revenue,Revenues,srt:ProductOrServiceAxis=nvda:DataCenterMember,2021-05-03,2021-08-01,91,2022-08-31,2022-08-31T21:01:35Z,2366000000,USD,10-Q,0001045810-22-000147,,
NVDA,datacenter_revenue,Revenues,srt:ProductOrServiceAxis=nvda:DataCenterMember,2021-02-01,2021-10-31,273,2021-11-22,2021-11-20T02:16:20Z,7350000000,USD,10-Q,0001045810-21-000163,,
NVDA,datacenter_revenue,Revenues,srt:ProductOrServiceAxis=nvda:DataCenterMember,2021-02-01,2021-10-31,273,2022-11-18,2022-11-18T21:35:31Z,7350000000,USD,10-Q,0001045810-22-000166,,
NVDA,datacenter_revenue,Revenues,srt:ProductOrServiceAxis=nvda:DataCenterMember,2021-08-02,2021-10-31,91,2021-11-22,2021-11-20T02:16:20Z,2936000000,USD,10-Q,0001045810-21-000163,,
NVDA,datacenter_revenue,Revenues,srt:ProductOrServiceAxis=nvda:DataCenterMember,2021-08-02,2021-10-31,91,2022-11-18,2022-11-18T21:35:31Z,2936000000,USD,10-Q,0001045810-22-000166,,
NVDA,datacenter_revenue,RevenueFromContractWithCustomerExcludingAssessedTax,srt:ProductOrServiceAxis=nvda:DataCenterMember,2021-02-01,2022-01-30,364,2022-03-18,2022-03-18T00:33:34Z,10613000000,USD,10-K,0001045810-22-000036,,
NVDA,datacenter_revenue,Revenues,srt:ProductOrServiceAxis=nvda:DataCenterMember,2021-02-01,2022-01-30,364,2023-02-24,2023-02-24T22:23:43Z,10613000000,USD,10-K,0001045810-23-000017,,
NVDA,datacenter_revenue,Revenues,srt:ProductOrServiceAxis=nvda:DataCenterMember,2021-02-01,2022-01-30,364,2024-02-21,2024-02-21T21:36:57Z,10613000000,USD,10-K,0001045810-24-000029,,
NVDA,datacenter_revenue,Revenues,srt:ProductOrServiceAxis=nvda:DataCenterMember,2022-01-31,2022-05-01,91,2022-05-27,2022-05-27T20:21:55Z,3750000000,USD,10-Q,0001045810-22-000079,,
NVDA,datacenter_revenue,Revenues,srt:ProductOrServiceAxis=nvda:DataCenterMember,2022-01-31,2022-05-01,91,2023-05-26,2023-05-26T20:17:32Z,3750000000,USD,10-Q,0001045810-23-000093,,
NVDA,datacenter_revenue,Revenues,srt:ProductOrServiceAxis=nvda:DataCenterMember,2022-01-31,2022-07-31,182,2022-08-31,2022-08-31T21:01:35Z,7556000000,USD,10-Q,0001045810-22-000147,,
NVDA,datacenter_revenue,Revenues,srt:ProductOrServiceAxis=nvda:DataCenterMember,2022-01-31,2022-07-31,182,2023-08-28,2023-08-25T23:36:34Z,7556000000,USD,10-Q,0001045810-23-000175,,
NVDA,datacenter_revenue,Revenues,srt:ProductOrServiceAxis=nvda:DataCenterMember,2022-05-02,2022-07-31,91,2022-08-31,2022-08-31T21:01:35Z,3806000000,USD,10-Q,0001045810-22-000147,,
NVDA,datacenter_revenue,Revenues,srt:ProductOrServiceAxis=nvda:DataCenterMember,2022-05-02,2022-07-31,91,2023-08-28,2023-08-25T23:36:34Z,3806000000,USD,10-Q,0001045810-23-000175,,
NVDA,datacenter_revenue,Revenues,srt:ProductOrServiceAxis=nvda:DataCenterMember,2022-01-31,2022-10-30,273,2022-11-18,2022-11-18T21:35:31Z,11389000000,USD,10-Q,0001045810-22-000166,,
NVDA,datacenter_revenue,Revenues,srt:ProductOrServiceAxis=nvda:DataCenterMember,2022-01-31,2022-10-30,273,2023-11-21,2023-11-21T21:36:29Z,11389000000,USD,10-Q,0001045810-23-000227,,
NVDA,datacenter_revenue,Revenues,srt:ProductOrServiceAxis=nvda:DataCenterMember,2022-08-01,2022-10-30,91,2022-11-18,2022-11-18T21:35:31Z,3833000000,USD,10-Q,0001045810-22-000166,,
NVDA,datacenter_revenue,Revenues,srt:ProductOrServiceAxis=nvda:DataCenterMember,2022-08-01,2022-10-30,91,2023-11-21,2023-11-21T21:36:29Z,3833000000,USD,10-Q,0001045810-23-000227,,
NVDA,datacenter_revenue,Revenues,srt:ProductOrServiceAxis=nvda:DataCenterMember,2022-01-31,2023-01-29,364,2023-02-24,2023-02-24T22:23:43Z,15005000000,USD,10-K,0001045810-23-000017,,
NVDA,datacenter_revenue,Revenues,srt:ProductOrServiceAxis=nvda:DataCenterMember,2022-01-31,2023-01-29,364,2024-02-21,2024-02-21T21:36:57Z,15005000000,USD,10-K,0001045810-24-000029,,
NVDA,datacenter_revenue,Revenues,srt:ProductOrServiceAxis=nvda:DataCenterMember,2022-01-31,2023-01-29,364,2025-02-26,2025-02-26T21:48:33Z,15005000000,USD,10-K,0001045810-25-000023,,
NVDA,datacenter_revenue,Revenues,srt:ProductOrServiceAxis=nvda:DataCenterMember,2023-01-30,2023-04-30,91,2023-05-26,2023-05-26T20:17:32Z,4284000000,USD,10-Q,0001045810-23-000093,,
NVDA,datacenter_revenue,Revenues,srt:ProductOrServiceAxis=nvda:DataCenterMember,2023-01-30,2023-04-30,91,2024-05-29,2024-05-29T20:36:32Z,4284000000,USD,10-Q,0001045810-24-000124,,
NVDA,datacenter_revenue,Revenues,srt:ProductOrServiceAxis=nvda:DataCenterMember,2023-01-30,2023-07-30,182,2023-08-28,2023-08-25T23:36:34Z,14607000000,USD,10-Q,0001045810-23-000175,,
NVDA,datacenter_revenue,Revenues,srt:ProductOrServiceAxis=nvda:DataCenterMember,2023-01-30,2023-07-30,182,2024-08-28,2024-08-28T21:05:08Z,14607000000,USD,10-Q,0001045810-24-000264,,
NVDA,datacenter_revenue,Revenues,srt:ProductOrServiceAxis=nvda:DataCenterMember,2023-05-01,2023-07-30,91,2023-08-28,2023-08-25T23:36:34Z,10323000000,USD,10-Q,0001045810-23-000175,,
NVDA,datacenter_revenue,Revenues,srt:ProductOrServiceAxis=nvda:DataCenterMember,2023-05-01,2023-07-30,91,2024-08-28,2024-08-28T21:05:08Z,10323000000,USD,10-Q,0001045810-24-000264,,
NVDA,datacenter_revenue,Revenues,srt:ProductOrServiceAxis=nvda:DataCenterMember,2023-01-30,2023-10-29,273,2023-11-21,2023-11-21T21:36:29Z,29121000000,USD,10-Q,0001045810-23-000227,,
NVDA,datacenter_revenue,Revenues,srt:ProductOrServiceAxis=nvda:DataCenterMember,2023-01-30,2023-10-29,273,2024-11-20,2024-11-20T21:31:22Z,29121000000,USD,10-Q,0001045810-24-000316,,
NVDA,datacenter_revenue,Revenues,srt:ProductOrServiceAxis=nvda:DataCenterMember,2023-07-31,2023-10-29,91,2023-11-21,2023-11-21T21:36:29Z,14514000000,USD,10-Q,0001045810-23-000227,,
NVDA,datacenter_revenue,Revenues,srt:ProductOrServiceAxis=nvda:DataCenterMember,2023-07-31,2023-10-29,91,2024-11-20,2024-11-20T21:31:22Z,14514000000,USD,10-Q,0001045810-24-000316,,
NVDA,datacenter_revenue,Revenues,srt:ProductOrServiceAxis=nvda:DataCenterMember,2023-01-30,2024-01-28,364,2024-02-21,2024-02-21T21:36:57Z,47525000000,USD,10-K,0001045810-24-000029,,
NVDA,datacenter_revenue,Revenues,srt:ProductOrServiceAxis=nvda:DataCenterMember,2023-01-30,2024-01-28,364,2025-02-26,2025-02-26T21:48:33Z,47525000000,USD,10-K,0001045810-25-000023,,
NVDA,datacenter_revenue,Revenues,srt:ProductOrServiceAxis=nvda:DataCenterMember,2023-01-30,2024-01-28,364,2026-02-25,2026-02-25T21:42:19Z,47525000000,USD,10-K,0001045810-26-000021,,
NVDA,datacenter_revenue,Revenues,srt:ProductOrServiceAxis=nvda:DataCenterMember,2024-01-29,2024-04-28,91,2024-05-29,2024-05-29T20:36:32Z,22563000000,USD,10-Q,0001045810-24-000124,,
NVDA,datacenter_revenue,Revenues,srt:ProductOrServiceAxis=nvda:DataCenterMember,2024-01-29,2024-04-28,91,2025-05-28,2025-05-28T20:32:57Z,22563000000,USD,10-Q,0001045810-25-000116,,
NVDA,datacenter_revenue,Revenues,srt:ProductOrServiceAxis=nvda:DataCenterMember,2024-01-29,2024-07-28,182,2024-08-28,2024-08-28T21:05:08Z,48835000000,USD,10-Q,0001045810-24-000264,,
NVDA,datacenter_revenue,Revenues,srt:ProductOrServiceAxis=nvda:DataCenterMember,2024-01-29,2024-07-28,182,2025-08-27,2025-08-27T20:52:07Z,48835000000,USD,10-Q,0001045810-25-000209,,
NVDA,datacenter_revenue,Revenues,srt:ProductOrServiceAxis=nvda:DataCenterMember,2024-04-29,2024-07-28,91,2024-08-28,2024-08-28T21:05:08Z,26272000000,USD,10-Q,0001045810-24-000264,,
NVDA,datacenter_revenue,Revenues,srt:ProductOrServiceAxis=nvda:DataCenterMember,2024-04-29,2024-07-28,91,2025-08-27,2025-08-27T20:52:07Z,26272000000,USD,10-Q,0001045810-25-000209,,
NVDA,datacenter_revenue,Revenues,srt:ProductOrServiceAxis=nvda:DataCenterMember,2024-01-29,2024-10-27,273,2024-11-20,2024-11-20T21:31:22Z,79606000000,USD,10-Q,0001045810-24-000316,,
NVDA,datacenter_revenue,Revenues,srt:ProductOrServiceAxis=nvda:DataCenterMember,2024-01-29,2024-10-27,273,2025-11-19,2025-11-19T21:36:17Z,79606000000,USD,10-Q,0001045810-25-000230,,
NVDA,datacenter_revenue,Revenues,srt:ProductOrServiceAxis=nvda:DataCenterMember,2024-07-29,2024-10-27,91,2024-11-20,2024-11-20T21:31:22Z,30771000000,USD,10-Q,0001045810-24-000316,,
NVDA,datacenter_revenue,Revenues,srt:ProductOrServiceAxis=nvda:DataCenterMember,2024-07-29,2024-10-27,91,2025-11-19,2025-11-19T21:36:17Z,30771000000,USD,10-Q,0001045810-25-000230,,
NVDA,datacenter_revenue,Revenues,srt:ProductOrServiceAxis=nvda:DataCenterMember,2024-01-29,2025-01-26,364,2025-02-26,2025-02-26T21:48:33Z,115186000000,USD,10-K,0001045810-25-000023,,
NVDA,datacenter_revenue,Revenues,srt:ProductOrServiceAxis=nvda:DataCenterMember,2024-01-29,2025-01-26,364,2026-02-25,2026-02-25T21:42:19Z,115186000000,USD,10-K,0001045810-26-000021,,
NVDA,datacenter_revenue,Revenues,srt:ProductOrServiceAxis=nvda:DataCenterMember,2025-01-27,2025-04-27,91,2025-05-28,2025-05-28T20:32:57Z,39112000000,USD,10-Q,0001045810-25-000116,,
NVDA,datacenter_revenue,Revenues,srt:ProductOrServiceAxis=nvda:DataCenterMember,2025-01-27,2025-04-27,91,2026-05-20,2026-05-20T20:35:52Z,39112000000,USD,10-Q,0001045810-26-000052,,
NVDA,datacenter_revenue,Revenues,srt:ProductOrServiceAxis=nvda:DataCenterMember,2025-01-27,2025-07-27,182,2025-08-27,2025-08-27T20:52:07Z,80208000000,USD,10-Q,0001045810-25-000209,,
NVDA,datacenter_revenue,Revenues,srt:ProductOrServiceAxis=nvda:DataCenterMember,2025-01-27,2025-07-27,182,2026-08-26,2026-08-26T20:36:00Z,80208000000,USD,10-Q,0001045810-26-000075,,
NVDA,datacenter_revenue,Revenues,srt:ProductOrServiceAxis=nvda:DataCenterMember,2025-04-28,2025-07-27,91,2025-08-27,2025-08-27T20:52:07Z,41096000000,USD,10-Q,0001045810-25-000209,,
NVDA,datacenter_revenue,Revenues,srt:ProductOrServiceAxis=nvda:DataCenterMember,2025-04-28,2025-07-27,91,2026-08-26,2026-08-26T20:36:00Z,41096000000,USD,10-Q,0001045810-26-000075,,
NVDA,datacenter_revenue,Revenues,srt:ProductOrServiceAxis=nvda:DataCenterMember,2025-01-27,2025-10-26,273,2025-11-19,2025-11-19T21:36:17Z,131423000000,USD,10-Q,0001045810-25-000230,,
NVDA,datacenter_revenue,Revenues,srt:ProductOrServiceAxis=nvda:DataCenterMember,2025-07-28,2025-10-26,91,2025-11-19,2025-11-19T21:36:17Z,51215000000,USD,10-Q,0001045810-25-000230,,
NVDA,datacenter_revenue,Revenues,srt:ProductOrServiceAxis=nvda:DataCenterMember,2025-01-27,2026-01-25,364,2026-02-25,2026-02-25T21:42:19Z,193737000000,USD,10-K,0001045810-26-000021,,
NVDA,datacenter_revenue,Revenues,srt:ProductOrServiceAxis=nvda:DataCenterMember,2026-01-26,2026-04-26,91,2026-05-20,2026-05-20T20:35:52Z,75246000000,USD,10-Q,0001045810-26-000052,,
NVDA,datacenter_revenue,Revenues,srt:ProductOrServiceAxis=nvda:DataCenterMember,2026-01-26,2026-07-26,182,2026-08-26,2026-08-26T20:36:00Z,164269000000,USD,10-Q,0001045810-26-000075,,
NVDA,datacenter_revenue,Revenues,srt:ProductOrServiceAxis=nvda:DataCenterMember,2026-04-27,2026-07-26,91,2026-08-26,2026-08-26T20:36:00Z,89023000000,USD,10-Q,0001045810-26-000075,,
NVDA,revenue,Revenues,,2020-01-27,2020-10-25,273,2020-11-18,2020-11-18T21:35:57Z,11672000000,USD,10-Q,0001045810-20-000189,2021,Q3
NVDA,revenue,Revenues,,2020-01-27,2020-10-25,273,2021-11-22,2021-11-20T02:16:20Z,11672000000,USD,10-Q,0001045810-21-000163,2022,Q3
NVDA,revenue,Revenues,,2020-07-27,2020-10-25,91,2020-11-18,2020-11-18T21:35:57Z,4726000000,USD,10-Q,0001045810-20-000189,2021,Q3
NVDA,revenue,Revenues,,2020-07-27,2020-10-25,91,2021-11-22,2021-11-20T02:16:20Z,4726000000,USD,10-Q,0001045810-21-000163,2022,Q3
NVDA,revenue,Revenues,,2020-01-27,2021-01-31,371,2022-03-18,2022-03-18T00:33:34Z,16675000000,USD,10-K,0001045810-22-000036,2022,FY
NVDA,revenue,Revenues,,2020-01-27,2021-01-31,371,2023-02-24,2023-02-24T22:23:43Z,16675000000,USD,10-K,0001045810-23-000017,2023,FY
NVDA,revenue,Revenues,,2021-02-01,2021-05-02,91,2021-05-26,2021-05-26T20:35:56Z,5661000000,USD,10-Q,0001045810-21-000064,2022,Q1
NVDA,revenue,Revenues,,2021-02-01,2021-05-02,91,2022-05-27,2022-05-27T20:21:55Z,5661000000,USD,10-Q,0001045810-22-000079,2023,Q1
NVDA,revenue,Revenues,,2021-02-01,2021-08-01,182,2021-08-20,2021-08-20T20:32:40Z,12168000000,USD,10-Q,0001045810-21-000131,2022,Q2
NVDA,revenue,Revenues,,2021-02-01,2021-08-01,182,2022-08-31,2022-08-31T21:01:35Z,12168000000,USD,10-Q,0001045810-22-000147,2023,Q2
NVDA,revenue,Revenues,,2021-05-03,2021-08-01,91,2021-08-20,2021-08-20T20:32:40Z,6507000000,USD,10-Q,0001045810-21-000131,2022,Q2
NVDA,revenue,Revenues,,2021-05-03,2021-08-01,91,2022-08-31,2022-08-31T21:01:35Z,6507000000,USD,10-Q,0001045810-22-000147,2023,Q2
NVDA,revenue,Revenues,,2021-02-01,2021-10-31,273,2021-11-22,2021-11-20T02:16:20Z,19271000000,USD,10-Q,0001045810-21-000163,2022,Q3
NVDA,revenue,Revenues,,2021-02-01,2021-10-31,273,2022-11-18,2022-11-18T21:35:31Z,19271000000,USD,10-Q,0001045810-22-000166,2023,Q3
NVDA,revenue,Revenues,,2021-08-02,2021-10-31,91,2021-11-22,2021-11-20T02:16:20Z,7103000000,USD,10-Q,0001045810-21-000163,2022,Q3
NVDA,revenue,Revenues,,2021-08-02,2021-10-31,91,2022-11-18,2022-11-18T21:35:31Z,7103000000,USD,10-Q,0001045810-22-000166,2023,Q3
NVDA,revenue,Revenues,,2021-02-01,2022-01-30,364,2022-03-18,2022-03-18T00:33:34Z,26914000000,USD,10-K,0001045810-22-000036,2022,FY
NVDA,revenue,Revenues,,2021-02-01,2022-01-30,364,2023-02-24,2023-02-24T22:23:43Z,26914000000,USD,10-K,0001045810-23-000017,2023,FY
NVDA,revenue,Revenues,,2021-02-01,2022-01-30,364,2024-02-21,2024-02-21T21:36:57Z,26914000000,USD,10-K,0001045810-24-000029,2024,FY
NVDA,revenue,Revenues,,2022-01-31,2022-05-01,91,2022-05-27,2022-05-27T20:21:55Z,8288000000,USD,10-Q,0001045810-22-000079,2023,Q1
NVDA,revenue,Revenues,,2022-01-31,2022-05-01,91,2023-05-26,2023-05-26T20:17:32Z,8288000000,USD,10-Q,0001045810-23-000093,2024,Q1
NVDA,revenue,Revenues,,2022-01-31,2022-07-31,182,2022-08-31,2022-08-31T21:01:35Z,14992000000,USD,10-Q,0001045810-22-000147,2023,Q2
NVDA,revenue,Revenues,,2022-01-31,2022-07-31,182,2023-08-28,2023-08-25T23:36:34Z,14992000000,USD,10-Q,0001045810-23-000175,2024,Q2
NVDA,revenue,Revenues,,2022-05-02,2022-07-31,91,2022-08-31,2022-08-31T21:01:35Z,6704000000,USD,10-Q,0001045810-22-000147,2023,Q2
NVDA,revenue,Revenues,,2022-05-02,2022-07-31,91,2023-08-28,2023-08-25T23:36:34Z,6704000000,USD,10-Q,0001045810-23-000175,2024,Q2
NVDA,revenue,Revenues,,2022-01-31,2022-10-30,273,2022-11-18,2022-11-18T21:35:31Z,20923000000,USD,10-Q,0001045810-22-000166,2023,Q3
NVDA,revenue,Revenues,,2022-01-31,2022-10-30,273,2023-11-21,2023-11-21T21:36:29Z,20923000000,USD,10-Q,0001045810-23-000227,2024,Q3
NVDA,revenue,Revenues,,2022-08-01,2022-10-30,91,2022-11-18,2022-11-18T21:35:31Z,5931000000,USD,10-Q,0001045810-22-000166,2023,Q3
NVDA,revenue,Revenues,,2022-08-01,2022-10-30,91,2023-11-21,2023-11-21T21:36:29Z,5931000000,USD,10-Q,0001045810-23-000227,2024,Q3
NVDA,revenue,Revenues,,2022-01-31,2023-01-29,364,2023-02-24,2023-02-24T22:23:43Z,26974000000,USD,10-K,0001045810-23-000017,2023,FY
NVDA,revenue,Revenues,,2022-01-31,2023-01-29,364,2024-02-21,2024-02-21T21:36:57Z,26974000000,USD,10-K,0001045810-24-000029,2024,FY
NVDA,revenue,Revenues,,2022-01-31,2023-01-29,364,2025-02-26,2025-02-26T21:48:33Z,26974000000,USD,10-K,0001045810-25-000023,2025,FY
NVDA,revenue,Revenues,,2023-01-30,2023-04-30,91,2023-05-26,2023-05-26T20:17:32Z,7192000000,USD,10-Q,0001045810-23-000093,2024,Q1
NVDA,revenue,Revenues,,2023-01-30,2023-04-30,91,2024-05-29,2024-05-29T20:36:32Z,7192000000,USD,10-Q,0001045810-24-000124,2025,Q1
NVDA,revenue,Revenues,,2023-01-30,2023-07-30,182,2023-08-28,2023-08-25T23:36:34Z,20699000000,USD,10-Q,0001045810-23-000175,2024,Q2
NVDA,revenue,Revenues,,2023-01-30,2023-07-30,182,2024-08-28,2024-08-28T21:05:08Z,20699000000,USD,10-Q,0001045810-24-000264,2025,Q2
NVDA,revenue,Revenues,,2023-05-01,2023-07-30,91,2023-08-28,2023-08-25T23:36:34Z,13507000000,USD,10-Q,0001045810-23-000175,2024,Q2
NVDA,revenue,Revenues,,2023-05-01,2023-07-30,91,2024-08-28,2024-08-28T21:05:08Z,13507000000,USD,10-Q,0001045810-24-000264,2025,Q2
NVDA,revenue,Revenues,,2023-01-30,2023-10-29,273,2023-11-21,2023-11-21T21:36:29Z,38819000000,USD,10-Q,0001045810-23-000227,2024,Q3
NVDA,revenue,Revenues,,2023-01-30,2023-10-29,273,2024-11-20,2024-11-20T21:31:22Z,38819000000,USD,10-Q,0001045810-24-000316,2025,Q3
NVDA,revenue,Revenues,,2023-07-31,2023-10-29,91,2023-11-21,2023-11-21T21:36:29Z,18120000000,USD,10-Q,0001045810-23-000227,2024,Q3
NVDA,revenue,Revenues,,2023-07-31,2023-10-29,91,2024-11-20,2024-11-20T21:31:22Z,18120000000,USD,10-Q,0001045810-24-000316,2025,Q3
NVDA,revenue,Revenues,,2023-01-30,2024-01-28,364,2024-02-21,2024-02-21T21:36:57Z,60922000000,USD,10-K,0001045810-24-000029,2024,FY
NVDA,revenue,Revenues,,2023-01-30,2024-01-28,364,2025-02-26,2025-02-26T21:48:33Z,60922000000,USD,10-K,0001045810-25-000023,2025,FY
NVDA,revenue,Revenues,,2023-01-30,2024-01-28,364,2026-02-25,2026-02-25T21:42:19Z,60922000000,USD,10-K,0001045810-26-000021,2026,FY
NVDA,revenue,Revenues,,2024-01-29,2024-04-28,91,2024-05-29,2024-05-29T20:36:32Z,26044000000,USD,10-Q,0001045810-24-000124,2025,Q1
NVDA,revenue,Revenues,,2024-01-29,2024-04-28,91,2025-05-28,2025-05-28T20:32:57Z,26044000000,USD,10-Q,0001045810-25-000116,2026,Q1
NVDA,revenue,Revenues,,2024-01-29,2024-07-28,182,2024-08-28,2024-08-28T21:05:08Z,56084000000,USD,10-Q,0001045810-24-000264,2025,Q2
NVDA,revenue,Revenues,,2024-01-29,2024-07-28,182,2025-08-27,2025-08-27T20:52:07Z,56084000000,USD,10-Q,0001045810-25-000209,2026,Q2
NVDA,revenue,Revenues,,2024-04-29,2024-07-28,91,2024-08-28,2024-08-28T21:05:08Z,30040000000,USD,10-Q,0001045810-24-000264,2025,Q2
NVDA,revenue,Revenues,,2024-04-29,2024-07-28,91,2025-08-27,2025-08-27T20:52:07Z,30040000000,USD,10-Q,0001045810-25-000209,2026,Q2
NVDA,revenue,Revenues,,2024-01-29,2024-10-27,273,2024-11-20,2024-11-20T21:31:22Z,91166000000,USD,10-Q,0001045810-24-000316,2025,Q3
NVDA,revenue,Revenues,,2024-01-29,2024-10-27,273,2025-11-19,2025-11-19T21:36:17Z,91166000000,USD,10-Q,0001045810-25-000230,2026,Q3
NVDA,revenue,Revenues,,2024-07-29,2024-10-27,91,2024-11-20,2024-11-20T21:31:22Z,35082000000,USD,10-Q,0001045810-24-000316,2025,Q3
NVDA,revenue,Revenues,,2024-07-29,2024-10-27,91,2025-11-19,2025-11-19T21:36:17Z,35082000000,USD,10-Q,0001045810-25-000230,2026,Q3
NVDA,revenue,Revenues,,2024-01-29,2025-01-26,364,2025-02-26,2025-02-26T21:48:33Z,130497000000,USD,10-K,0001045810-25-000023,2025,FY
NVDA,revenue,Revenues,,2024-01-29,2025-01-26,364,2026-02-25,2026-02-25T21:42:19Z,130497000000,USD,10-K,0001045810-26-000021,2026,FY
NVDA,revenue,Revenues,,2025-01-27,2025-04-27,91,2025-05-28,2025-05-28T20:32:57Z,44062000000,USD,10-Q,0001045810-25-000116,2026,Q1
NVDA,revenue,Revenues,,2025-01-27,2025-04-27,91,2026-05-20,2026-05-20T20:35:52Z,44062000000,USD,10-Q,0001045810-26-000052,2027,Q1
NVDA,revenue,Revenues,,2025-01-27,2025-07-27,182,2025-08-27,2025-08-27T20:52:07Z,90805000000,USD,10-Q,0001045810-25-000209,2026,Q2
NVDA,revenue,Revenues,,2025-01-27,2025-07-27,182,2026-08-26,2026-08-26T20:36:00Z,90805000000,USD,10-Q,0001045810-26-000075,2027,Q2
NVDA,revenue,Revenues,,2025-04-28,2025-07-27,91,2025-08-27,2025-08-27T20:52:07Z,46743000000,USD,10-Q,0001045810-25-000209,2026,Q2
NVDA,revenue,Revenues,,2025-04-28,2025-07-27,91,2026-08-26,2026-08-26T20:36:00Z,46743000000,USD,10-Q,0001045810-26-000075,2027,Q2
NVDA,revenue,Revenues,,2025-01-27,2025-10-26,273,2025-11-19,2025-11-19T21:36:17Z,147811000000,USD,10-Q,0001045810-25-000230,2026,Q3
NVDA,revenue,Revenues,,2025-07-28,2025-10-26,91,2025-11-19,2025-11-19T21:36:17Z,57006000000,USD,10-Q,0001045810-25-000230,2026,Q3
NVDA,revenue,Revenues,,2025-01-27,2026-01-25,364,2026-02-25,2026-02-25T21:42:19Z,215938000000,USD,10-K,0001045810-26-000021,2026,FY
NVDA,revenue,Revenues,,2026-01-26,2026-04-26,91,2026-05-20,2026-05-20T20:35:52Z,81615000000,USD,10-Q,0001045810-26-000052,2027,Q1
NVDA,revenue,Revenues,,2026-01-26,2026-07-26,182,2026-08-26,2026-08-26T20:36:00Z,177837000000,USD,10-Q,0001045810-26-000075,2027,Q2
NVDA,revenue,Revenues,,2026-04-27,2026-07-26,91,2026-08-26,2026-08-26T20:36:00Z,96221000000,USD,10-Q,0001045810-26-000075,2027,Q2
ORCL,capex,PaymentsToAcquirePropertyPlantAndEquipment,,2020-06-01,2020-11-30,183,2020-12-11,2020-12-11T21:11:40Z,1004000000,USD,10-Q,0001564590-20-056896,2021,Q2
ORCL,capex,PaymentsToAcquirePropertyPlantAndEquipment,,2020-06-01,2020-11-30,183,2021-12-10,2021-12-10T21:12:50Z,1004000000,USD,10-Q,0001564590-21-060022,2022,Q2
ORCL,capex,PaymentsToAcquirePropertyPlantAndEquipment,,2020-06-01,2021-02-28,273,2021-03-11,2021-03-11T21:26:29Z,1418000000,USD,10-Q,0001564590-21-012539,2021,Q3
ORCL,capex,PaymentsToAcquirePropertyPlantAndEquipment,,2020-06-01,2021-02-28,273,2022-03-11,2022-03-11T21:14:54Z,1418000000,USD,10-Q,0001564590-22-009859,2022,Q3
ORCL,capex,PaymentsToAcquirePropertyPlantAndEquipment,,2020-06-01,2021-05-31,365,2021-06-21,2021-06-21T20:10:31Z,2135000000,USD,10-K,0001564590-21-033616,2021,FY
ORCL,capex,PaymentsToAcquirePropertyPlantAndEquipment,,2020-06-01,2021-05-31,365,2022-06-21,2022-06-21T12:04:37Z,2135000000,USD,10-K,0001564590-22-023675,2022,FY
ORCL,capex,PaymentsToAcquirePropertyPlantAndEquipment,,2020-06-01,2021-05-31,365,2023-06-20,2023-06-20T20:06:29Z,2135000000,USD,10-K,0000950170-23-028914,2023,FY
ORCL,capex,PaymentsToAcquirePropertyPlantAndEquipment,,2021-06-01,2021-08-31,92,2021-09-13,2021-09-13T21:23:09Z,1062000000,USD,10-Q,0001564590-21-047772,2022,Q1
ORCL,capex,PaymentsToAcquirePropertyPlantAndEquipment,,2021-06-01,2021-08-31,92,2022-09-13,2022-09-13T20:12:07Z,1062000000,USD,10-Q,0001564590-22-031545,2023,Q1
ORCL,capex,PaymentsToAcquirePropertyPlantAndEquipment,,2021-06-01,2021-11-30,183,2021-12-10,2021-12-10T21:12:50Z,1987000000,USD,10-Q,0001564590-21-060022,2022,Q2
ORCL,capex,PaymentsToAcquirePropertyPlantAndEquipment,,2021-06-01,2021-11-30,183,2022-12-13,2022-12-13T21:07:10Z,1987000000,USD,10-Q,0001564590-22-039278,2023,Q2
ORCL,capex,PaymentsToAcquirePropertyPlantAndEquipment,,2021-06-01,2022-02-28,273,2022-03-11,2022-03-11T21:14:54Z,3088000000,USD,10-Q,0001564590-22-009859,2022,Q3
ORCL,capex,PaymentsToAcquirePropertyPlantAndEquipment,,2021-06-01,2022-02-28,273,2023-03-10,2023-03-10T21:06:25Z,3088000000,USD,10-Q,0001564590-23-003413,2023,Q3
ORCL,capex,PaymentsToAcquirePropertyPlantAndEquipment,,2021-06-01,2022-05-31,365,2022-06-21,2022-06-21T12:04:37Z,4511000000,USD,10-K,0001564590-22-023675,2022,FY
ORCL,capex,PaymentsToAcquirePropertyPlantAndEquipment,,2021-06-01,2022-05-31,365,2023-06-20,2023-06-20T20:06:29Z,4511000000,USD,10-K,0000950170-23-028914,2023,FY
ORCL,capex,PaymentsToAcquirePropertyPlantAndEquipment,,2021-06-01,2022-05-31,365,2024-06-20,2024-06-20T20:21:35Z,4511000000,USD,10-K,0000950170-24-075605,2024,FY
ORCL,capex,PaymentsToAcquirePropertyPlantAndEquipment,,2022-06-01,2022-08-31,92,2022-09-13,2022-09-13T20:12:07Z,1719000000,USD,10-Q,0001564590-22-031545,2023,Q1
ORCL,capex,PaymentsToAcquirePropertyPlantAndEquipment,,2022-06-01,2022-08-31,92,2023-09-12,2023-09-12T20:08:07Z,1719000000,USD,10-Q,0000950170-23-047713,2024,Q1
ORCL,capex,PaymentsToAcquirePropertyPlantAndEquipment,,2022-06-01,2022-11-30,183,2022-12-13,2022-12-13T21:07:10Z,4154000000,USD,10-Q,0001564590-22-039278,2023,Q2
ORCL,capex,PaymentsToAcquirePropertyPlantAndEquipment,,2022-06-01,2022-11-30,183,2023-12-12,2023-12-12T21:04:41Z,4154000000,USD,10-Q,0000950170-23-069682,2024,Q2
ORCL,capex,PaymentsToAcquirePropertyPlantAndEquipment,,2022-06-01,2023-02-28,273,2023-03-10,2023-03-10T21:06:25Z,6782000000,USD,10-Q,0001564590-23-003413,2023,Q3
ORCL,capex,PaymentsToAcquirePropertyPlantAndEquipment,,2022-06-01,2023-02-28,273,2024-03-12,2024-03-12T20:05:03Z,6782000000,USD,10-Q,0000950170-24-029904,2024,Q3
ORCL,capex,PaymentsToAcquirePropertyPlantAndEquipment,,2022-06-01,2023-05-31,365,2023-06-20,2023-06-20T20:06:29Z,8695000000,USD,10-K,0000950170-23-028914,2023,FY
ORCL,capex,PaymentsToAcquirePropertyPlantAndEquipment,,2022-06-01,2023-05-31,365,2024-06-20,2024-06-20T20:21:35Z,8695000000,USD,10-K,0000950170-24-075605,2024,FY
ORCL,capex,PaymentsToAcquirePropertyPlantAndEquipment,,2022-06-01,2023-05-31,365,2025-06-18,2025-06-18T20:31:22Z,8695000000,USD,10-K,0000950170-25-087926,2025,FY
ORCL,capex,PaymentsToAcquirePropertyPlantAndEquipment,,2023-06-01,2023-08-31,92,2023-09-12,2023-09-12T20:08:07Z,1314000000,USD,10-Q,0000950170-23-047713,2024,Q1
ORCL,capex,PaymentsToAcquirePropertyPlantAndEquipment,,2023-06-01,2023-08-31,92,2024-09-10,2024-09-10T10:05:11Z,1314000000,USD,10-Q,0000950170-24-104905,2025,Q1
ORCL,capex,PaymentsToAcquirePropertyPlantAndEquipment,,2023-06-01,2023-11-30,183,2023-12-12,2023-12-12T21:04:41Z,2394000000,USD,10-Q,0000950170-23-069682,2024,Q2
ORCL,capex,PaymentsToAcquirePropertyPlantAndEquipment,,2023-06-01,2023-11-30,183,2024-12-10,2024-12-10T21:11:21Z,2394000000,USD,10-Q,0000950170-24-134973,2025,Q2
ORCL,capex,PaymentsToAcquirePropertyPlantAndEquipment,,2023-06-01,2024-02-29,274,2024-03-12,2024-03-12T20:05:03Z,4068000000,USD,10-Q,0000950170-24-029904,2024,Q3
ORCL,capex,PaymentsToAcquirePropertyPlantAndEquipment,,2023-06-01,2024-02-29,274,2025-03-11,2025-03-11T20:11:43Z,4068000000,USD,10-Q,0000950170-25-037143,2025,Q3
ORCL,capex,PaymentsToAcquirePropertyPlantAndEquipment,,2023-06-01,2024-05-31,366,2024-06-20,2024-06-20T20:21:35Z,6866000000,USD,10-K,0000950170-24-075605,2024,FY
ORCL,capex,PaymentsToAcquirePropertyPlantAndEquipment,,2023-06-01,2024-05-31,366,2025-06-18,2025-06-18T20:31:22Z,6866000000,USD,10-K,0000950170-25-087926,2025,FY
ORCL,capex,PaymentsToAcquirePropertyPlantAndEquipment,,2023-06-01,2024-05-31,366,2026-06-22,2026-06-22T20:12:40Z,6866000000,USD,10-K,0001193125-26-277521,2026,FY
ORCL,capex,PaymentsToAcquirePropertyPlantAndEquipment,,2024-06-01,2024-08-31,92,2024-09-10,2024-09-10T10:05:11Z,2303000000,USD,10-Q,0000950170-24-104905,2025,Q1
ORCL,capex,PaymentsToAcquirePropertyPlantAndEquipment,,2024-06-01,2024-08-31,92,2025-09-10,2025-09-10T20:11:23Z,2303000000,USD,10-Q,0001193125-25-200095,2026,Q1
ORCL,capex,PaymentsToAcquirePropertyPlantAndEquipment,,2024-06-01,2024-11-30,183,2024-12-10,2024-12-10T21:11:21Z,6273000000,USD,10-Q,0000950170-24-134973,2025,Q2
ORCL,capex,PaymentsToAcquirePropertyPlantAndEquipment,,2024-06-01,2024-11-30,183,2025-12-11,2025-12-11T21:07:47Z,6273000000,USD,10-Q,0001193125-25-315925,2026,Q2
ORCL,capex,PaymentsToAcquirePropertyPlantAndEquipment,,2024-06-01,2025-02-28,273,2025-03-11,2025-03-11T20:11:43Z,12135000000,USD,10-Q,0000950170-25-037143,2025,Q3
ORCL,capex,PaymentsToAcquirePropertyPlantAndEquipment,,2024-06-01,2025-02-28,273,2026-03-11,2026-03-11T10:38:49Z,12135000000,USD,10-Q,0001193125-26-101045,2026,Q3
ORCL,capex,PaymentsToAcquirePropertyPlantAndEquipment,,2024-06-01,2025-05-31,365,2025-06-18,2025-06-18T20:31:22Z,21215000000,USD,10-K,0000950170-25-087926,2025,FY
ORCL,capex,PaymentsToAcquirePropertyPlantAndEquipment,,2024-06-01,2025-05-31,365,2026-06-22,2026-06-22T20:12:40Z,21215000000,USD,10-K,0001193125-26-277521,2026,FY
ORCL,capex,PaymentsToAcquirePropertyPlantAndEquipment,,2025-06-01,2025-08-31,92,2025-09-10,2025-09-10T20:11:23Z,8502000000,USD,10-Q,0001193125-25-200095,2026,Q1
ORCL,capex,PaymentsToAcquirePropertyPlantAndEquipment,,2025-06-01,2025-08-31,92,2026-09-11,2026-09-11T20:10:12Z,8502000000,USD,10-Q,0001193125-26-389274,2026,Q1
ORCL,capex,PaymentsToAcquirePropertyPlantAndEquipment,,2025-06-01,2025-11-30,183,2025-12-11,2025-12-11T21:07:47Z,20535000000,USD,10-Q,0001193125-25-315925,2026,Q2
ORCL,capex,PaymentsToAcquirePropertyPlantAndEquipment,,2025-06-01,2026-02-28,273,2026-03-11,2026-03-11T10:38:49Z,39170000000,USD,10-Q,0001193125-26-101045,2026,Q3
ORCL,capex,PaymentsToAcquirePropertyPlantAndEquipment,,2025-06-01,2026-05-31,365,2026-06-22,2026-06-22T20:12:40Z,55663000000,USD,10-K,0001193125-26-277521,2026,FY
ORCL,capex,PaymentsToAcquirePropertyPlantAndEquipment,,2026-06-01,2026-08-31,92,2026-09-11,2026-09-11T20:10:12Z,28499000000,USD,10-Q,0001193125-26-389274,2026,Q1
