symbol,close,otc_share,short_vol_share,decile,dollar_vol_m
GOOGM,49.08,0.9373249866211995,0.030856922942895736,1,71.8
BNS,90.84,0.05150731974136617,0.03265385608229661,1,178.8
WK,66.57,0.40174139328220554,0.034891306559670966,1,115.0
CTSH,57.44,0.1711635097141486,0.04989741246631654,1,628.5
GEO,30.47,0.17242794885035423,0.05158405668780424,1,74.1
WFC,80.05,0.33908854006825856,0.05160511954097606,1,1427.0
HD,284.49,0.3878310571006443,0.0527316205062556,1,1644.7
ATKR,94.75,0.34452718842208796,0.05344452801494351,1,44.2
CSCO,107.21,0.26613511260405304,0.05397679674059181,1,1823.6
COO,56.53,0.40064754512563905,0.05627606782681776,1,276.7
BNY,144.63,0.36964223856784467,0.059177365177659653,1,639.4
TRMB,57.11,0.2502644985989641,0.05948628683026238,1,128.5
ITGR,126.35,0.5599007061702655,0.06024552957666148,1,86.1
CPT,96.73,0.3425999114182471,0.06259801851935379,1,123.3
STM,53.36,0.24900337211754994,0.06333886449462571,1,431.9
ALL,221.86,0.3564459658995626,0.0646514004202933,1,860.8
MKTX,163.92,0.23241658716447927,0.06603731016166878,1,137.3
COLB,28.6,0.3204237701988122,0.06732042377019881,1,70.0
HTFL,49.75,0.17331241878687473,0.06834651912286153,1,64.5
LXP,60.92,0.5205600305221779,0.06889781500645167,1,87.9
PCG,12.25,0.4721827348723372,0.07014113178429003,1,591.4
CINF,159.37,0.11557674711605063,0.07026446535412646,1,145.0
D,60.52,0.27815813743251766,0.07054762312680667,1,263.9
PEG,67.34,0.33895086029455845,0.0708858735836614,1,276.5
BCS,24.27,0.32068914194099263,0.07104465374482008,1,106.0
GD,331.83,0.34577482875206256,0.07145210980038959,1,350.0
NNN,41.09,0.3018937999136842,0.07334069789080658,1,75.4
CNQ,47.07,0.19560273033512535,0.07502583059720341,1,206.1
C,129.48,0.35284118341334775,0.07723092749382951,1,1269.1
DVN,46.04,0.19510197277063362,0.0781765753287841,1,445.5
GOOGN,48.49,0.5827506004797753,0.07916293347490307,1,195.6
CNO,52.91,0.16973137839193903,0.08005866262874037,1,41.8
SLAB,221.58,0.1960070673716392,0.08042774803628976,1,61.9
CXW,32.25,0.17853584368272366,0.08096856434914129,1,58.2
CNK,37.3,0.2500807098207,0.08101758232401711,1,64.0
TDS,33.92,0.27570794353937766,0.0811534015290609,1,68.3
STT,173.67,0.3043890966855441,0.08141018999405944,1,405.5
QURE,24.16,0.30335332717424424,0.08192895425341895,1,179.8
SYY,77.41,0.3634052789887129,0.08249944719675747,1,356.5
MA,551.47,0.2506341140992275,0.08598236047424299,1,2779.3
SHAK,58.68,0.2142645515708907,0.08630728261923867,1,131.5
AMH,30.39,0.22376393593912125,0.08738147438863415,1,101.5
MRK,145.31,0.3465669948172133,0.08741011279494677,1,1487.0
LHX,236.78,0.3366659819753653,0.08845539635726066,1,347.7
BPOP,155.45,0.28094068375514836,0.08888107607165381,1,105.6
O,54.3,0.40957750659866154,0.08910472767537804,1,484.0
Z,27.13,0.37636348902632943,0.08914010391735144,1,112.9
ACGL,92.36,0.17270975384510256,0.08930209622534614,1,523.1
IRM,110.95,0.3423436604202774,0.08946353786694171,1,204.9
CNC,62.12,0.30244701370872284,0.09045685509960319,1,226.2
TW,100.84,0.38668164216799544,0.09159386581785856,1,94.9
VIK,78.33,0.37928149653370663,0.09166440461847025,1,368.1
FUTU,110.55,0.18315214256121415,0.0919772606892067,1,144.3
CRM,229.57,0.21114509856270522,0.09256506038342956,1,2579.0
WTRG,39.19,0.2318778802087641,0.09313245832246463,1,98.8
JPM,330.83,0.2497842746025354,0.09338921045467895,1,3020.5
SCHW,97.74,0.32401764416641354,0.09341148582401937,1,1010.2
TMUS,163.08,0.30814739712487893,0.09471307434156817,1,641.3
TOL,134.75,0.36316261038121905,0.0948576351496877,1,174.0
TECK,65.79,0.38318177282736315,0.09513525630423818,1,284.2
HSBC,99.31,0.3093787423961834,0.09622040111772899,1,189.6
RY,196.59,0.19011068918154642,0.09659923209599854,1,195.7
TECH,72.47,0.27714389787926996,0.09680863790816062,1,227.5
EWTX,40.6,0.18648823195470904,0.09702400483325781,1,68.1
CCI,66.65,0.3929486387050111,0.09734800292833912,1,257.8
PURR,12.27,0.4147205629519508,0.09786837670182015,1,195.1
GILD,149.05,0.2955880576682597,0.09851219586875735,1,798.7
CFG,63.76,0.28276344723423863,0.09886657238083545,1,284.5
NU,12.66,0.4981882249030349,0.09923095673302969,1,1320.9
IQV,268.85,0.4318144466669562,0.09924238747150545,1,410.7
FOX,56.3,0.33288059085222177,0.10093104550915678,1,96.1
BIRK,32.41,0.3173895108620155,0.10094380538684145,1,56.1
MRX,69.76,0.2975393304608352,0.10158001556969029,1,55.5
INVH,26.33,0.2942598038076199,0.10206158906529673,1,128.3
KKR,91.3,0.3363895191285215,0.10214292364762553,1,457.4
DHI,136.65,0.46614858789930186,0.10235217897186376,1,425.5
IAG,18.41,0.41720678048250587,0.10426962747595078,1,81.2
GTLB,47.25,0.31671631046290616,0.10444123114075349,1,167.8
TCOM,39.1,0.3769622476539036,0.10457973399742494,1,142.2
UDR,33.55,0.32996044311206685,0.10473258490973673,1,137.0
SE,97.36,0.22804486232913548,0.10474223823572386,1,411.1
STNG,83.7,0.36554649001713707,0.10502892122169095,1,115.1
VOD,16.15,0.4815270029801283,0.1050424174873154,1,54.2
CHYM,26.64,0.2831596855412353,0.1053982674836256,1,138.3
GOOG,340.74,0.36814923361607,0.10554855547592816,1,8266.7
EQH,51.27,0.2619244522798183,0.10560225136564846,1,138.3
IONS,44.65,0.537370666130062,0.10679608652544939,1,117.5
NKTR,60.545,0.16059975326815107,0.1074323978405183,1,73.3
NOC,483.48,0.2985617246089738,0.10791015554862887,1,717.4
SU,67.87,0.25124710671242717,0.1079262777023971,1,201.9
SBLK,29.36,0.3349264501004647,0.10827329142766262,1,62.4
TEX,52.6,0.4030837157638678,0.10856729424696161,1,137.0
DD,129.89,0.3191285342994408,0.10873730014964164,1,101.1
CW,543.82,0.346955401503779,0.10909675499177722,1,259.2
SF,70.04,0.37646519511223014,0.109856476512669,1,118.8
MDT,86.29,0.3198697292485426,0.11016940873885314,1,2296.9
BX,112.09,0.4315090891141781,0.11027166565661274,1,641.3
PNC,222.26,0.3626961032882163,0.1104242566082875,1,498.5
FANG,183.81,0.2732473557876239,0.11110531193674464,1,262.1
NTSK,17.44,0.36243610621558114,0.11138799879688743,1,74.3
RTX,185.65,0.33132994649401876,0.11149372967876055,1,881.2
BTI,53.56,0.3399226389035464,0.11197399272273434,1,252.2
GE,312.29,0.25661359863688543,0.11203171388947429,1,1308.7
NDAQ,92.01,0.3214431076146863,0.11222389790194849,1,314.3
DINO,107.32,0.25184094478372165,0.11242481887154408,1,194.6
PAAS,45.51,0.2477724609451006,0.11259110569286317,1,147.2
AVGO,351.19,0.3911989493463621,0.11333568636621423,1,6952.2
KLAC,194.93,0.32137531993798396,0.11368778883714034,1,1337.4
CBSH,54.74,0.3161903194422138,0.1138561229189535,1,53.0
APTV,43.02,0.35486272844190514,0.114087619637022,1,160.0
APH,84.3,0.39046959130261194,0.11425472721271278,1,1335.3
LOW,184.29,0.4233321107110324,0.11478804723110489,1,681.6
PG,145.28,0.360968729686226,0.11502381706745583,1,1250.2
BCE,20.34,0.37297558720898094,0.11547360504529247,1,60.1
IBN,27.55,0.2727166272099517,0.1159654356067966,1,136.3
MS,188.08,0.3164736298690293,0.11598322457403708,1,1300.3
AEE,99.38,0.23672764563460444,0.11600957593579048,1,227.8
VICI,22.97,0.34900602818781673,0.11607673331561934,1,226.2
ALC,64.75,0.23625205637470698,0.11615933654196971,1,103.9
BSX,43.65,0.34785548196174093,0.11671070862004762,1,784.4
FAST,49.53,0.18503179962094632,0.11687028370087543,1,518.4
SHW,323.27,0.28034942508889404,0.1171485919938705,1,453.9
VG,12.64,0.34486984706463436,0.11731359023941132,1,117.7
CLS,361.43,0.34715974463497207,0.11742927132596276,1,765.4
MSI,445.97,0.29056709149195215,0.11845141689099378,1,355.1
KEYS,364.04,0.32253592848251667,0.11929727283014598,1,351.3
BP,43.99,0.2947838957756607,0.11985950287242968,1,322.3
HALO,110.4,0.2383835177617167,0.12028426821365153,1,388.7
GPCR,31.27,0.2387598791367439,0.12035715277263641,1,68.7
CRBG,33.12,0.16856515596684707,0.12045169147580485,1,272.9
VOYA,94.43,0.38044287281455597,0.12081107660300769,1,93.9
CP,85.1,0.3099143738224351,0.12140386884289439,1,309.0
XEL,70.48,0.32544509124376203,0.12160557845764013,1,380.2
GS,900.36,0.3381299442911886,0.12173609694835932,2,1648.1
SNY,41.23,0.40246021417104677,0.12176320282377674,2,177.5
DASH,183.55,0.4582997128971121,0.12179684986068803,2,780.6
CVE,31.08,0.26268505927343283,0.1219775102926037,2,130.3
CZR,29.65,0.2323801556180291,0.12226339236618575,2,75.9
RYN,18.36,0.39179699660885925,0.12228330821139591,2,94.9
AG,17.69,0.2771067555321699,0.12237780993305855,2,160.7
ENVA,167.11,0.3905204215105598,0.1224614570626534,2,67.4
NFLX,69.58,0.3721192693377625,0.12249390598952932,2,2535.4
PLD,129.84,0.3567098899085223,0.12263216522883885,2,794.9
ACA,146.15,0.5826708279071063,0.12285342770076874,2,98.3
VMRK,60.76,0.2621924747236236,0.12290286712839406,2,290.4
CVS,85.69,0.33748381571880576,0.12292784585434972,2,718.2
FCX,70.0,0.3635863744940471,0.1229399233691961,2,1166.3
BIDU,86.87,0.29497225326650717,0.12324814371036256,2,143.5
WMB,67.97,0.36014551394222444,0.12363444437145024,2,651.6
L,104.43,0.23503540039988172,0.12378386166418531,2,111.1
CELC,79.52,0.3008419744780323,0.12384726761398003,2,203.2
LVS,37.81,0.2419717124627741,0.12391505301088092,2,239.7
WSC,17.18,0.2837161930666743,0.12433037813390732,2,41.1
CSGP,27.4,0.4036355129660275,0.12436565766837737,2,183.4
EME,754.49,0.25827554381812984,0.1246626200444958,2,306.3
DIS,104.9,0.272187299874716,0.12480738527514391,2,1217.6
HMY,17.72,0.24589332507665962,0.12505548561632432,2,62.7
WCN,153.93,0.26183333943037385,0.12518308057713232,2,231.5
NSC,309.0,0.30055431060170046,0.12526072599177923,2,262.8
FHN,23.02,0.37378214140044597,0.12541069821930556,2,104.1
TD,117.53,0.32688983036969627,0.1254365915795433,2,108.5
SPGI,394.47,0.19996145441391436,0.12579559572203294,2,1216.4
COF,193.07,0.37787753733426926,0.1257975038293231,2,623.1
MAIR,24.6,0.2502048971915237,0.12585929297560167,2,94.4
AMZN,249.15,0.3664709859902149,0.12606923715029567,2,10454.7
OTIS,64.32,0.40509728540770645,0.12647269029560163,2,377.7
EBAY,106.05,0.40203858812865034,0.1270609358965781,2,369.5
WAL,75.1,0.46362045501466953,0.1273740521698096,2,80.3
FLEX,109.99,0.4045741642659104,0.1274906929691686,2,359.2
APO,116.06,0.2783668315839965,0.12756205150879804,2,486.2
FCN,134.51,0.48601394237502965,0.12762806280863834,2,119.6
VSNT,31.32,0.3318214049352368,0.12809476537140335,2,58.8
AFL,111.78,0.30055643763382905,0.1283017793556606,2,198.4
AR,33.39,0.2670934276864247,0.12836146298865037,2,122.1
PEGA,33.25,0.32134431495459975,0.12841831325984676,2,102.8
KLIC,94.25,0.3292915509377401,0.12865116928746798,2,102.1
BWIN,31.79,0.4387777210615803,0.12882668374367204,2,135.1
CRH,82.8,0.3878040142465436,0.12893749885314668,2,717.4
FIVN,34.01,0.26475939169429147,0.128978934965053,2,89.4
NEM,115.34,0.34024702138942153,0.12908193831027415,2,673.9
BKR,54.9,0.3341478101345044,0.12909284160731685,2,460.0
CMS,63.08,0.3510110331184422,0.12918636793090316,2,300.6
ENTG,154.06,0.5814894966681828,0.12924309517350538,2,188.7
ABVX,99.02,0.34620935479869164,0.12944129391548723,2,87.8
AEO,17.78,0.39236598810613643,0.12950845002853176,2,102.0
AZN,161.47,0.2922324973241579,0.12957539351927347,2,359.4
VRSK,167.85,0.5706213382533213,0.13011754951864654,2,253.7
CORZ,15.98,0.27472092331534276,0.1302101716388082,2,155.2
MO,67.34,0.2647263837249067,0.13022795899212003,2,510.3
ING,35.5,0.3271541936293979,0.13027983899863071,2,90.4
TTMI,122.84,0.36701217081349813,0.13040511654000386,2,311.5
KTOS,42.69,0.4035546228499504,0.13055047325372304,2,227.4
DUK,114.01,0.3838796045600732,0.1308629560521761,2,507.1
ODFL,173.84,0.21827070774371862,0.13096895008298468,2,399.2
GGG,76.84,0.36558154430568396,0.13138156111126084,2,133.9
EVR,257.5,0.33060857128766585,0.13141032415333348,2,95.1
MCK,853.81,0.26395892315681907,0.1314852662791282,2,595.6
TDG,1082.6,0.28879162244082857,0.13230765863853722,2,420.9
CAT,810.79,0.28885768275005175,0.1323945606405743,2,1595.7
JHX,25.31,0.3040367378064414,0.13243339711348423,2,221.7
XP,20.995,0.32009670558405773,0.13265265733720297,2,218.9
VRNS,47.45,0.2693735868709724,0.1328168100696163,2,57.5
ARWR,65.45,0.35275651298520055,0.13291671414438871,2,114.1
EGO,38.49,0.27622176329728004,0.1329791141957806,2,151.6
MLI,60.61,0.3357110281900139,0.13331885183723557,2,86.9
TWST,193.24,0.28668256023583116,0.13392032448496044,2,629.2
IP,33.17,0.37558657335691714,0.13393482965843798,2,203.6
IR,75.11,0.5122655331755462,0.13403673380669467,2,500.7
EQT,48.56,0.350247821142301,0.13410623093157786,2,342.4
GFL,41.83,0.41184668546394115,0.13454913934963517,2,140.1
KGC,24.08,0.30923152606875326,0.13470775018052356,2,136.3
BRX,27.29,0.3222791704753683,0.1348353647675099,2,110.5
WMG,27.61,0.336536145028719,0.135425683747406,2,60.9
HR,17.74,0.2753989896485806,0.13566171407165012,2,50.3
JXN,129.32,0.22936221984999744,0.13600213224033,2,67.4
TPR,115.04,0.25918482831640205,0.13642794898231803,2,447.7
RJF,157.48,0.25275975290778563,0.13652957871890478,2,147.9
WRB,67.54,0.2960162674167962,0.13655060426231783,2,156.9
TRV,356.51,0.28742860748002586,0.13658907175265897,2,419.0
EPRT,25.81,0.31900864041075516,0.13666127704965592,2,62.2
ABNB,160.65,0.38466897005324535,0.13672946397137686,2,740.0
AVTR,15.05,0.34160394391898374,0.1369243815489573,2,111.1
SUNB,73.21,0.3666666458542888,0.1369847817811774,2,343.0
BR,161.1,0.3879031299131974,0.13699590869655212,2,169.5
APA,41.54,0.2686952118844617,0.1371610907124663,2,247.9
CB,325.25,0.3256757782088331,0.13716301809112863,2,465.5
APG,38.6,0.31434893257670105,0.137284732741653,2,100.2
XOM,162.75,0.3651205633289564,0.13737242260800403,2,2132.9
APD,276.42,0.30996678053508747,0.13754928808710465,2,273.3
CARR,54.86,0.2656285665350868,0.13756598432376224,2,357.2
SPXC,169.56,0.29846299569903134,0.13762824431264353,2,85.1
WWD,328.59,0.3029851750208518,0.13764898969515968,2,266.5
CCJ,86.67,0.37186006261826415,0.1376860879543434,2,266.7
NKE,35.4,0.3824405666057235,0.13776519942776025,2,1350.8
BAH,69.42,0.3648594627792549,0.13779512558033802,2,102.2
FER,54.1,0.1794249759694901,0.1378390991614213,2,116.8
NOK,10.14,0.3382080925532203,0.13808913023959873,2,654.0
HDB,22.34,0.21869351976555979,0.1381082309207816,2,174.4
CMCSA,21.76,0.37093517802849113,0.13883942752878622,2,760.4
VTRS,17.72,0.39077832452313477,0.13895702460267517,2,209.2
ADM,79.38,0.2550110769010195,0.1391016743433849,2,248.9
FND,45.81,0.42114007620628513,0.13910639956740986,2,110.6
PL,16.39,0.3419254442296374,0.13919630984649603,2,168.5
CL,85.32,0.23929703972703847,0.1392568681468812,2,399.7
WPC,64.63,0.2825027977091699,0.1395907733197288,2,126.0
EXC,40.4,0.34116367129262964,0.13993914235822708,2,738.6
BA,186.05,0.3863658824357983,0.14004123100038093,2,2152.0
PDI,14.03,0.5438987786633236,0.1401692240916502,2,54.6
KO,86.08,0.29933588536293493,0.14031724433104673,2,1372.8
HWM,226.18,0.38297944556025826,0.1404363023558517,2,624.5
ALV,111.89,0.26982420382165606,0.1405235668789809,2,55.4
GLPI,37.97,0.3393861162900642,0.14060854500390468,2,116.2
FN,424.27,0.3293732217838747,0.14061524955842067,2,325.8
CSX,46.51,0.2843400933018367,0.1406277182992371,2,512.0
CUBE,37.05,0.2951434551177469,0.14062919200408694,2,84.8
NVS,142.57,0.3359587848303263,0.14115720380661287,2,436.6
FRT,107.13,0.35420859337681965,0.14120948607315412,2,140.4
ITT,201.82,0.3419406114278929,0.14141469295565662,2,188.4
AER,143.52,0.2926414131527194,0.1415126716701901,2,235.6
RPM,98.67,0.36829269326581104,0.14155940863367703,2,67.9
KMI,30.15,0.3582763145961072,0.14161965192823217,2,357.1
PKG,229.26,0.2752520980237558,0.1416377513398942,2,133.5
AS,27.29,0.41715461013934185,0.14180923351404007,2,174.8
DAL,83.46,0.2894066138168569,0.1418266630611141,2,549.3
B,40.67,0.2715933141450319,0.14207501211248658,2,269.5
YUMC,41.1,0.2692716339382163,0.1421227318736585,3,52.2
VTR,85.02,0.26504519170211566,0.14239317159224968,3,246.8
PCAR,109.81,0.45819487508464307,0.14247300331444457,3,355.7
WMT,103.92,0.32040551573270337,0.1427101781025227,3,2927.4
CCEP,101.71,0.3031716158533921,0.14288120283549113,3,169.7
JD,26.6,0.275405390937553,0.14354065069465552,3,135.4
CM,110.18,0.28218412701983386,0.1436607480538032,3,67.0
GXO,44.45,0.2683069442643452,0.1443808108523074,3,58.4
WTW,288.23,0.3622670186869482,0.14442570636179772,3,193.2
BAC,54.43,0.3155063023555742,0.1448518138291937,3,1852.2
BRO,60.9,0.29348983284351593,0.1450330097244046,3,121.2
INTU,275.71,0.36076704808647336,0.14514492300864174,3,1009.7
HON,210.94,0.31243576922090655,0.1454017172918627,3,401.2
JNJ,264.74,0.35679082331248047,0.14573718564176413,3,1689.7
INGM,26.81,0.328535105840836,0.1461518650234806,3,32.8
GWW,1245.76,0.35844957517833215,0.14615491855971127,3,341.1
PBR,20.87,0.4969086032911401,0.14628457062292768,3,527.8
ASB,28.65,0.21621023567309292,0.1462929056556973,3,67.4
ABBV,261.59,0.3205646635372995,0.14631234664358278,3,1148.9
AMGN,421.51,0.20387950755036496,0.14635298106586184,3,1320.3
SAN,13.83,0.30658519313177374,0.14651175287994847,3,89.5
UNP,272.13,0.31454998948287827,0.1470771913251954,3,883.6
GLNG,47.52,0.3284515266774796,0.1471994176901096,3,85.7
GEN,22.02,0.3635650330261122,0.14731046832837372,3,429.3
POR,44.63,0.2893920930959088,0.14732644682373522,3,85.2
ESLT,682.01,0.23623222829221946,0.14733127481252756,3,70.1
ILMN,273.68,0.460623898784572,0.14739362202924022,3,804.7
TSCO,31.29,0.36487790162200884,0.14773514650952568,3,253.5
RELX,33.18,0.2868162810042551,0.14776972064430952,3,52.8
BMO,167.25,0.2582163696911483,0.1478692658900591,3,78.8
FIS,32.9,0.41893568505117457,0.14793052114793254,3,192.9
FOXA,62.65,0.3303686210094521,0.14806409858191227,3,257.5
VNOM,39.89,0.3051476648217515,0.14831633589694515,3,101.7
TSN,50.53,0.3089191348342703,0.14835861291544966,3,142.1
BRZE,25.1,0.38353507968061695,0.1484158204665572,3,72.4
EL,92.77,0.46925356090259235,0.14845042014177615,3,322.7
AMAT,511.38,0.3613740485703444,0.14852137787102968,3,3207.0
ROL,30.12,0.3227347827873906,0.14862142945213924,3,341.9
ALLY,37.62,0.4373849705864806,0.14868421125993345,3,182.9
PTC,140.3,0.3429245411779693,0.14875281692917566,3,146.8
CHEF,112.17,0.4711129062412914,0.1488872348606442,3,123.0
CPNG,13.87,0.3467741957947485,0.1493262600503895,3,279.4
V,359.33,0.26995409888253613,0.1498500081594685,3,2668.3
ELAN,22.39,0.32455356250938827,0.14985818630907763,3,120.1
FLR,47.88,0.4621931076475467,0.15009484699120823,3,170.0
COP,125.15,0.299224667014669,0.1501084299363859,3,812.5
EQIX,1011.58,0.367695711509036,0.15013853852198006,3,638.1
ELS,58.33,0.31050223438652924,0.1506315693715528,3,89.7
AXTA,32.16,0.3275723112742903,0.15104026745470284,3,53.8
HIG,122.36,0.3340308427129147,0.15113108504943037,3,338.3
HUBS,204.98,0.3793917199032396,0.15129721878413308,3,313.7
TTD,12.17,0.3316263156613233,0.15130519849208196,3,225.9
CBRE,128.47,0.42828143654916107,0.15138250685705382,3,335.2
CRGY,12.89,0.29567390757441825,0.1514350153735915,3,67.1
PH,955.42,0.3717534206057392,0.1514985389436537,3,650.1
KLAR,12.39,0.41941806886671745,0.15151958292147744,3,49.9
WY,19.05,0.3508172549822278,0.151650761252003,3,209.7
FNF,38.65,0.3103802750854457,0.15171615058044863,3,169.8
EVRG,78.44,0.35320862927276653,0.15177246163160132,3,307.0
WBD,30.95,0.5338781551175946,0.15186814344180483,3,2962.7
SM,33.78,0.2792015851218681,0.1519437343664785,3,137.2
DOCU,67.15,0.32531353993937495,0.151999860956694,3,128.2
TRMD,38.05,0.31937485494286455,0.1520480360970415,3,73.0
SOLS,56.32,0.5531962798981761,0.15244520242966,3,153.0
KR,58.62,0.37692947705318003,0.15245098873478546,3,441.6
ORI,37.31,0.31186358775018563,0.1526877747023355,3,77.7
TEL,211.08,0.36892787416543105,0.15277613938521992,3,354.1
HPE,63.89,0.41690454260826737,0.15287269728554914,3,2092.8
NOW,134.01,0.43524409819265053,0.1529841606266647,3,1210.9
CG,39.66,0.27523723302058634,0.15302971111850788,3,147.4
VIAV,41.92,0.4022506668727483,0.15312645924462784,3,232.0
IBM,219.93,0.3475951763814802,0.15316873730621472,3,1006.3
HAL,31.8,0.4042539855253552,0.1532197604383197,3,441.2
MSFT,512.9,0.3520428926750439,0.15325950029189583,3,14007.7
COHU,68.14,0.41519706599542583,0.1533692465341844,3,79.2
TDY,606.81,0.324349307911194,0.1535054579361124,3,127.2
PLTR,187.05,0.3239344033017606,0.15368179164311163,3,3358.4
PCOR,51.72,0.6279290753390192,0.15368450028082903,3,147.4
TFX,125.04,0.43819737597342595,0.15371479281751088,3,80.6
PYPL,52.53,0.30813503773652395,0.1544493676797304,3,458.1
ABT,98.83,0.3559953373780155,0.15444997432427632,3,748.4
AMX,21.19,0.37811754353878013,0.15464558341501816,3,56.9
CHRW,147.96,0.3676729265685419,0.15469266401841583,3,154.3
DOCS,28.34,0.32424485726039676,0.15480414691925007,3,140.4
HTHT,42.8,0.3172597499460755,0.15483644623009016,3,57.2
WHR,30.68,0.45823170932677665,0.15491494894629637,3,91.4
COR,300.25,0.4471706649599435,0.15498995828827436,3,543.9
T,24.4,0.329380618183399,0.15502792066673718,3,968.2
ADP,258.06,0.25180656980738403,0.15519825013540187,3,651.8
BHP,84.84,0.361617275382623,0.15527391677530802,3,483.0
ORCL,137.3,0.46756495551531374,0.15536173879572038,3,3066.3
HCA,426.74,0.3472406595369853,0.1553690842603502,3,528.6
BEPC,28.22,0.3653489087363797,0.15569610047568283,3,49.4
BLK,1058.29,0.38589118050798965,0.15595975995783196,3,586.2
HBM,26.68,0.2591387452773911,0.15601088685623385,3,149.7
THC,255.56,0.37287799044663433,0.15602640673420806,3,148.3
MGY,23.49,0.3247631513668406,0.15604333403733525,3,103.3
BDX,179.0,0.3514641053319375,0.1561829615389376,3,322.0
VLTO,94.32,0.26800552359331087,0.15636361284397143,3,237.5
BEN,32.12,0.3358829289064295,0.15660420934369892,3,145.4
OZK,45.96,0.36597075342643187,0.15674886537701405,3,53.8
HUM,381.57,0.28788481501145036,0.15685898502605714,3,501.0
AON,276.77,0.4533166098039847,0.15734132093083136,3,636.7
NXPI,237.53,0.3252983455939614,0.15758459341549347,3,638.3
WPM,133.72,0.3579161689761534,0.15805244660938408,3,307.3
ACI,11.61,0.3098636427052476,0.15817804093137994,3,88.4
KNX,63.59,0.4514537071512885,0.1583661440714891,3,190.8
STZ,113.06,0.36019475634560194,0.15871983606931087,3,186.6
VMC,244.63,0.43881189794678505,0.1587452810513621,3,370.7
AVY,170.67,0.37170095491929317,0.1588253152179913,3,140.3
STAG,35.81,0.3486190681055976,0.1588748565249385,3,78.5
TTEK,32.95,0.31035029482918586,0.15888259839340432,3,86.2
UL,60.73,0.3867899133006731,0.15902490623024357,3,203.8
ETR,99.26,0.37208569438203604,0.15912814852567023,3,378.4
PEP,126.72,0.43315556085361184,0.1591620939269394,3,1244.4
TTE,85.5,0.35671839139313405,0.1592779220153367,3,161.9
CLMT,52.38,0.2930593923053909,0.1595777499164743,3,114.5
GM,77.0,0.3055808580071556,0.16005786179737846,3,752.3
EXR,131.51,0.27640538744376947,0.16006705918106312,3,165.0
FITB,50.58,0.313993292711485,0.1602843025081435,3,486.5
NOV,18.73,0.34141611753598994,0.16070040987896042,3,68.7
AJG,228.11,0.29116750640069927,0.16076159230272985,3,362.4
VRSN,282.01,0.4430317383487761,0.16081512469460194,3,214.3
TRP,57.78,0.2608583880059416,0.1608339073077452,3,136.1
ROST,233.4,0.37822246234979784,0.1611279955485192,3,407.7
CI,271.83,0.33719909222449457,0.1612448366731604,3,837.5
MPWR,1347.22,0.2891689667786239,0.16134481726580427,3,628.0
HUBB,453.6,0.3682663091687773,0.1618273333360092,3,218.5
RMBS,106.76,0.3815122407659003,0.16194498924208223,3,259.6
LYB,57.47,0.31388515523962873,0.16203391324069238,3,178.3
KBH,46.47,0.296550214091086,0.16229645127805892,3,50.7
DG,119.58,0.3992077849834983,0.16236790418118402,3,308.8
SBSW,10.21,0.3788408012399415,0.16240099244168948,4,36.0
ZM,90.77,0.379518738849623,0.162420354449894,4,262.5
NRG,95.65,0.3770456616768945,0.16265420325941504,4,351.7
ICE,152.03,0.36770358991240104,0.16269584368558418,4,423.7
CMG,31.95,0.43883783724225184,0.16274665780590408,4,458.5
JCI,148.65,0.3955565650965737,0.16294291473313896,4,471.5
ALLE,153.77,0.34513788895515835,0.16304860488968634,4,103.2
BKNG,162.91,0.3918742916269483,0.16312312158317277,4,1367.3
PPL,32.89,0.3283389204176472,0.16317200665570733,4,488.4
CORT,115.23,0.36276274159372035,0.1632190795284439,4,104.9
TSEM,227.43,0.34859287527528876,0.16326429399996636,4,183.7
MNST,41.62,0.3318804577915302,0.16331066870566024,4,485.1
RHP,119.53,0.3328080871475322,0.1637938763616802,4,84.4
FFIV,445.18,0.477875253060831,0.16384182493010702,4,191.8
MDLZ,57.82,0.3125582346225492,0.16410174515255893,4,634.1
CAI,30.63,0.4357720661389787,0.1641557193888857,4,89.7
TXN,280.09,0.299978116354272,0.1642024066450028,4,1109.8
M,22.77,0.37344141367709716,0.164444001952479,4,163.5
MCO,454.13,0.3180987869956899,0.16453945618425048,4,473.5
SSNC,77.07,0.33234125359130684,0.16463091030004814,4,94.6
CSL,322.17,0.3557670683313625,0.16474902606588654,4,115.7
ON,76.87,0.2752494356135075,0.16477673649188598,4,527.9
RGLD,235.52,0.3778387348543976,0.16488341959096456,4,165.4
G,32.53,0.35121841755423927,0.16491610477023128,4,61.1
HBAN,15.26,0.47741621929478084,0.16506569171833024,4,530.9
AXTI,77.41,0.4032431319156326,0.16532873393845296,4,554.2
SHEL,95.05,0.3219525221345677,0.16587513712921623,4,942.9
AEP,118.64,0.3304154213976402,0.16619233118207247,4,487.8
NGG,75.82,0.4188661591375197,0.16620282811839154,4,88.2
DEO,85.6,0.36647440538155457,0.1662751864044938,4,67.3
SCI,76.15,0.4197246541727073,0.16668085188557322,4,70.3
PODD,130.47,0.38726760942721516,0.1667510769631615,4,184.8
DLR,175.53,0.2801458393423709,0.16683360524228438,4,357.8
CPRT,27.28,0.45177662094175836,0.16727281393741508,4,214.2
UNH,367.08,0.39593585536649634,0.16729440781735783,4,1763.3
IDA,130.73,0.21538169734935564,0.1673749147511147,4,110.6
GFS,47.92,0.42834953452781166,0.16742015439431493,4,108.8
QGEN,43.76,0.322224115201969,0.16777461117185186,4,101.6
SRE,77.96,0.32383277541925676,0.1677793519274953,4,361.3
PFE,28.52,0.4176369073885769,0.16780797802996136,4,959.6
USB,57.76,0.3291080048086107,0.1678578288295785,4,571.1
FDX,285.09,0.33470768615990015,0.1681852277672326,4,491.4
TMO,675.05,0.3737168542043983,0.1682288511113487,4,1569.3
A,172.31,0.33471048833263967,0.16826896630619184,4,446.4
PNR,52.99,0.33936547977482684,0.16834512592847728,4,124.5
CE,44.37,0.32014784025423,0.16835315347125873,4,69.5
UNF,250.52,0.3489836179718778,0.16845976055548034,4,124.6
ETN,429.71,0.25818225403763617,0.16849304937481352,4,801.4
ARMK,53.55,0.39711029335290343,0.16867645873041284,4,111.6
UMC,24.49,0.2564643462521472,0.16886620787760023,4,173.9
WCC,359.59,0.3260642522220651,0.16892046258118562,4,154.9
MTH,62.85,0.31867560293154606,0.16894929954347343,4,39.9
PPG,104.33,0.3950185769987299,0.1689630561089766,4,200.1
EQNR,41.6,0.28482654137888463,0.16898039678237917,4,170.0
RARE,15.03,0.40624065913954394,0.1692080037887677,4,66.5
CHD,94.22,0.28370739473706424,0.16950816511564784,4,224.6
ORLY,85.41,0.3678255223174538,0.16952347738848209,4,353.6
TJX,132.31,0.33923447407931534,0.1695288118474119,4,1027.4
MU,1065.11,0.4541561476342523,0.16981734134511514,4,33196.6
IBKR,85.42,0.3425221680092466,0.16983315540105348,4,346.0
PRAX,291.23,0.3082280327428111,0.17001779003186188,4,207.0
RYAAY,55.01,0.32661211013853453,0.17004491214934,4,45.1
ELV,388.82,0.3274971963236292,0.17013317596396754,4,507.2
OKLO,37.02,0.30799361506125517,0.1702922988956068,4,302.2
CHWY,18.2,0.4003946746479586,0.17033240122592397,4,135.6
SOLV,88.15,0.3498544643688018,0.17038800470708523,4,60.8
BOX,33.48,0.24025995500341557,0.17077645461225324,4,99.5
XMTR,102.85,0.3503978547172412,0.17081939275465835,4,72.0
DOC,19.97,0.34750538612565735,0.1708248334627119,4,93.9
LEA,118.03,0.4467049254778911,0.17104496098426986,4,63.4
PI,179.29,0.26920854458693705,0.17112939904563076,4,61.6
GFI,36.12,0.3018792476795533,0.1712393915095525,4,133.9
FR,59.54,0.33034383413107354,0.17157303113618613,4,77.4
AME,247.73,0.36409106226139687,0.1717858586435787,4,428.0
URI,1000.78,0.45718546529432913,0.17187684468884953,4,680.5
LFUS,423.74,0.3518638588139161,0.1722948067750846,4,77.1
AXGN,41.92,0.2974465530775269,0.17247576729499434,4,45.7
DGX,233.07,0.4004290929718787,0.17247702960455272,4,254.9
LRCX,328.51,0.3408673059571511,0.17248845256540912,4,2532.4
AFRM,69.23,0.4669912971939101,0.17254793332346016,4,194.7
TXT,76.2,0.2731420094932665,0.1726448551218759,4,146.5
TFC,46.3,0.2586356356612426,0.17266079437602933,4,339.3
PDD,77.94,0.2949041067513681,0.173020674172631,4,482.6
PINS,18.89,0.35715399844899876,0.17324911760407316,4,305.0
GOOGL,344.08,0.37466629026906995,0.1732790339597382,4,12914.0
TARS,78.61,0.28126599964591437,0.17348042241457684,4,122.9
RKLB,69.68,0.38988975259333075,0.1735465840792881,4,1563.4
ZS,199.42,0.43141340551828683,0.17423600756461927,4,424.2
MOH,189.1,0.39161644780009613,0.17440032172327566,4,96.7
MTRN,269.59,0.31649291103447363,0.17444933338618676,4,67.4
REXR,36.27,0.27388579830477616,0.17449338483433038,4,88.8
MSCI,538.66,0.31952236969207765,0.17468671845019915,4,359.6
NDSN,327.85,0.34290325660762083,0.17478739492951154,4,131.1
ARES,116.17,0.37594578651387417,0.17491118081662455,4,241.6
IBP,191.88,0.4643682167363788,0.1751551436616638,4,59.0
IEX,227.26,0.3840084659321467,0.17517967288249942,4,164.4
LMT,509.25,0.31100683587086103,0.17549282093068996,4,706.0
YUM,136.34,0.3840435601680988,0.17553193785399573,4,260.7
ZBH,88.83,0.4092209324192638,0.17562785290547586,4,229.2
EXP,171.02,0.36368934891400506,0.17594044512859164,4,83.8
INTC,120.23,0.46513769471241617,0.17603541677096224,4,11415.1
PSX,255.31,0.34158249542440106,0.17607315481270852,4,644.1
ULTA,546.17,0.38175652389683074,0.17643125956355715,4,178.1
SLB,48.72,0.3050278327939145,0.1768143926482695,4,644.7
ONON,29.61,0.36055948551305544,0.1770402526220488,4,267.1
AAPL,333.02,0.3486630944355926,0.17741685624066278,4,16700.6
LAMR,144.11,0.4221685816356088,0.1775310310793559,4,85.6
BMY,61.76,0.2844493455589598,0.17782405329970452,4,980.1
ANET,203.59,0.4460046782142204,0.17782985546868058,4,997.8
ESE,265.03,0.3361615842039792,0.17786342424482107,4,52.3
RRC,37.04,0.4006383653275713,0.17811263477584077,4,91.5
DKNG,19.0,0.41983886155760164,0.17875912604880873,4,272.9
MAR,355.67,0.2727166166222105,0.17892517320197743,4,399.4
RAL,69.17,0.4422462887940126,0.17914742270290715,4,53.8
CAG,13.44,0.4993300265278131,0.17923234875170263,4,503.3
RIVN,14.94,0.36499226938189255,0.1793706237065735,4,298.9
CME,261.98,0.4252585892494653,0.17992219136127463,4,498.8
IRT,14.53,0.3474358155569373,0.18005111900281748,4,76.8
PRIM,74.52,0.4001290535808434,0.18015988842797365,4,107.5
SNPS,434.94,0.38132866769577867,0.1801669585782422,4,1954.8
YPF,50.13,0.3898264479066319,0.18017356890554415,4,53.1
CTRE,36.58,0.32805390324281253,0.18017625917464872,4,95.3
SSRM,33.32,0.29709088658554195,0.18030549964192352,4,74.4
LIN,474.65,0.36938411623524037,0.1804421364270172,4,1254.1
ORKA,83.29,0.32134569234109217,0.18061186769857243,4,127.9
XYZ,73.53,0.3758817455359901,0.18081973627308984,4,377.1
MGA,63.67,0.2823291983344269,0.18115660829671915,4,72.8
KRMN,32.42,0.3359191050825616,0.18129885508673377,4,104.0
MFC,42.59,0.242881062722194,0.1813460195530726,4,50.3
CENX,35.98,0.327487044275723,0.18144392306615223,4,72.7
BAX,24.0,0.3850490997078173,0.18146991759505285,4,209.5
ALB,105.78,0.34809654589271755,0.18155174095933593,4,179.7
OMC,73.63,0.3747815099128898,0.18159002426763393,5,144.2
NI,39.0,0.3478598849385755,0.18162125375427335,5,270.9
CRS,388.82,0.38746584674027146,0.18163206051175915,5,351.2
UNM,87.73,0.370869484954772,0.18176336001700594,5,119.6
UBS,48.13,0.26240046708622866,0.18193953437947244,5,108.6
SEIC,102.66,0.3203653665519844,0.18197201655623746,5,61.5
BLLN,106.44,0.4007004466879721,0.18207755302149914,5,103.2
ATO,156.44,0.37546285296437454,0.18210450143154874,5,151.1
MT,66.74,0.32903145234522013,0.18237449436846595,5,97.5
AA,42.0,0.4125310733271948,0.18240189497508277,5,129.2
KVUE,17.66,0.4055875423168024,0.18261598510536078,5,448.7
INIO,18.13,0.31160648774401,0.1828438434165568,5,88.8
OXY,55.32,0.3195672013257941,0.1829141831851863,5,562.6
KNSL,322.75,0.4199556292342363,0.18292251238070537,5,94.1
FPS,37.44,0.3952989214758359,0.18296979313824682,5,383.9
MDLN,34.7,0.2220990997318184,0.18302544179982816,5,315.8
REG,71.88,0.3455094084080645,0.18319980481101025,5,88.8
DCI,87.04,0.3230160056916037,0.18324320331543692,5,51.5
QCOM,184.04,0.3403756289435979,0.18341266350142882,5,1367.2
TIGO,87.14,0.2939239744407877,0.18344280248458283,5,78.8
FOUR,36.17,0.42754711505908527,0.18350448983539958,5,81.9
TER,400.91,0.2902571076161407,0.1836386840402992,5,611.8
CGON,70.89,0.4621261948292397,0.1836731540208171,5,94.4
IFF,83.48,0.3062554727230897,0.18378460048692213,5,159.7
CNM,41.48,0.2738696070450677,0.1838234786255211,5,73.3
HEI,303.18,0.28304565019596867,0.1839108867581187,5,112.5
INGR,94.98,0.3053113638327429,0.1840160583844574,5,59.5
W,102.56,0.3813459118451215,0.18406919764881266,5,314.7
BNTX,98.3,0.3993268925551224,0.18418889332020216,5,83.1
AMT,163.69,0.33671930581348136,0.18426398903916022,5,455.0
STLD,221.61,0.4239066494476316,0.18443152922227454,5,270.7
ALKS,40.52,0.5245112853593287,0.18448447323328038,5,102.4
RAM,13.74,0.4410333943072518,0.184626705949478,5,98.5
DTE,121.8,0.4578079936106332,0.18464349863847984,5,273.9
SIG,102.33,0.33749347788785117,0.1847114687621469,5,96.1
OMF,55.39,0.32896494590358943,0.1848825078831593,5,60.0
UPST,22.99,0.35852575830810335,0.18516041921808296,5,80.6
BAP,379.87,0.42703810147113225,0.18536550664428195,5,142.9
NTRS,169.36,0.28934919356220967,0.18555047612518089,5,260.8
NTES,121.16,0.25992524822813484,0.18556238599639005,5,108.1
DXCM,86.29,0.3469999375437394,0.18573114661687248,5,299.8
AXS,94.2,0.4537023128249609,0.1858218935800088,5,99.8
FWONK,92.4,0.49273781192954286,0.18584406151140676,5,161.8
LPLA,305.8,0.4893704951621326,0.18602090810213903,5,236.0
LTH,39.88,0.2656773833103575,0.18604240429282123,5,99.3
CCL,24.54,0.4574652357536807,0.1860904603203375,5,884.0
PLXS,260.95,0.30521988868159683,0.18609835964049884,5,78.2
AGI,32.39,0.27624280863575973,0.18618284340954205,5,95.4
GSK,48.17,0.35797961278181584,0.1862102650946752,5,281.9
LNT,63.3,0.3073639628140479,0.18622894256400477,5,293.5
RL,355.07,0.42367019777990644,0.18641648353712365,5,189.5
EXPD,184.64,0.3934664849694367,0.18686522581809525,5,214.1
FLS,73.12,0.29289030677642636,0.18687690489076253,5,104.9
KHC,22.72,0.45133127638901804,0.18693949121517153,5,284.0
NVTS,11.61,0.4585626108345964,0.18700408251730014,5,244.1
ASND,227.83,0.28950720199690816,0.1870322273693404,5,211.0
CMI,516.57,0.3985160399352562,0.1871779514619333,5,564.6
BJ,92.0,0.4762012167383059,0.18720965608402532,5,298.1
COST,910.34,0.3680761314708719,0.1872333722205246,5,2030.4
DB,35.89,0.3937395639607228,0.1873819572304391,5,71.7
RPRX,58.36,0.3931886645715181,0.18759470103930276,5,213.2
FTI,67.92,0.3886272540227877,0.1876666052006703,5,181.4
STE,210.01,0.30532940192756236,0.1877811028473353,5,117.8
SYM,42.07,0.45805738296024845,0.18778606855343136,5,48.9
AVT,99.95,0.44500911641931046,0.1879521474333144,5,153.5
FSLR,175.16,0.3118135977450107,0.18798447035672974,5,336.8
PCTY,142.57,0.3398017980938662,0.18819534656394293,5,81.5
AXSM,184.39,0.4714665267246209,0.18827465654622016,5,190.7
EXEL,58.41,0.31717009605800817,0.1883644117978607,5,179.0
ENB,46.49,0.3274760351682665,0.1883721776407624,5,130.1
ARW,227.0,0.39704746721711803,0.18838338693476597,5,119.2
ISRG,406.63,0.4213260054641337,0.1889976067941631,5,675.7
XE,14.18,0.38645979375901013,0.18917694594131937,5,55.5
MET,94.16,0.37130400359407406,0.18928993392304014,5,283.3
WING,105.37,0.38632418325820816,0.18937841620376786,5,169.2
REGN,758.27,0.3700312950176345,0.18973101187223684,5,662.2
FE,43.33,0.3835679669340836,0.18976922866747636,5,199.1
CPB,19.58,0.3671431737198856,0.19031533710177248,5,165.1
BFH,97.75,0.32522915486289516,0.1904333180692781,5,45.6
VST,138.35,0.4528914958566692,0.19051883279880721,5,1117.2
TAP,36.47,0.36308618469305237,0.19098726072919953,5,135.9
TSM,456.19,0.36228980697235746,0.19111835162476074,5,4105.1
DOW,27.54,0.3994798488736921,0.19124043799594864,5,323.5
IOT,38.13,0.4922998848049463,0.19138579899983083,5,170.5
VLO,387.61,0.3548075807154172,0.19139098350648784,5,984.4
AIG,74.42,0.3993146239452877,0.19162069487950015,5,700.4
DNTH,88.05,0.3330521982698587,0.19168220647178075,5,90.8
MTD,1510.95,0.3989913276253424,0.191854729100405,5,232.7
UBER,68.51,0.45824790375639385,0.1919146300444942,5,1071.1
PFGC,91.51,0.49921580667651705,0.19204740979538054,5,129.2
AMP,492.35,0.35391825569233243,0.1920991230187465,5,378.9
FAF,60.74,0.39222672461573815,0.19231679126167656,5,134.5
VRTX,522.81,0.26845850650376685,0.1924485852331948,5,599.6
TPG,44.13,0.40672780215597276,0.19250771439447076,5,153.3
TXNM,58.32,0.32605924571175215,0.1925580887854352,5,139.0
LLY,1157.08,0.38575385080740376,0.1925592005408795,5,3966.1
PANW,397.31,0.4819853718096222,0.19277356437890847,5,2424.1
SYRE,89.03,0.3222468539203167,0.1928234730061379,5,186.6
NEE,75.74,0.39249466456620113,0.1930480980063782,5,1021.5
MAS,67.4,0.38142232500033224,0.19315444626078174,5,114.6
RRR,49.54,0.36786466010573315,0.19330944334724492,5,49.4
AWI,161.93,0.435469459079965,0.19332092065126966,5,46.0
AU,93.95,0.3878183858083194,0.1936268918577016,5,212.2
CVLT,149.92,0.30319930317339144,0.1936424538023492,5,166.1
VZ,45.87,0.33823214098430715,0.1937692054397835,5,915.9
TEVA,39.6,0.5419557768740951,0.19388413743857857,5,223.9
NVDA,228.38,0.40599021448369155,0.19393347668303546,5,28142.9
RIO,94.17,0.41351741185044694,0.19412135881184017,5,227.0
NUE,233.75,0.4055445745961248,0.1942831957417233,5,349.6
TREX,43.56,0.4420058827159224,0.1947132690211243,5,57.9
MOS,21.65,0.3722905379684436,0.19496775934129207,5,169.9
VAL,78.52,0.344339202293984,0.1949886429571482,5,81.4
MIAX,33.5,0.35522307466080955,0.19499997589387244,5,43.1
KSS,18.46,0.3153909979529783,0.19509606909126523,5,80.3
KNF,50.42,0.4995008488636971,0.19517028547588516,5,68.6
TEAM,179.29,0.4052388212379575,0.1951932577358713,5,441.8
SWX,81.54,0.28871637193114474,0.19520153325181075,5,56.5
IREN,40.88,0.4333368354990685,0.19568181490465317,5,1062.4
TNGX,24.95,0.4161344613079185,0.1957332670290676,5,91.3
WELL,230.24,0.3724740314345095,0.1957556198308377,5,689.9
PB,66.21,0.351813827647182,0.19601134416517665,5,77.6
HSIC,83.97,0.3675242839454209,0.19601240657270472,5,74.2
CDW,128.16,0.41641992348012097,0.19610479999056282,5,135.5
YOU,41.95,0.3216111263423409,0.19627167905131376,5,96.6
INFQ,13.47,0.39078142275734584,0.1963630008437232,5,72.3
NWSA,28.65,0.3687134748478041,0.19680254864207197,5,105.7
ES,64.16,0.3775391570693127,0.1968747850457962,5,250.5
FNV,238.11,0.3228110984728157,0.1970685986179853,5,871.1
ARQT,26.43,0.3085386889338488,0.197377677022804,5,63.2
ADI,396.71,0.38609150936619485,0.19753514391308313,5,938.1
ZTS,69.83,0.3769194317774968,0.19759993481108132,5,310.4
ROIV,36.57,0.27880843677111994,0.19769435966932694,5,193.2
FCEL,16.42,0.4727962668503502,0.1978506970147998,6,67.3
OC,116.74,0.39597760141041305,0.19785913815323056,6,127.4
ULS,65.62,0.44159294493788687,0.19788696646976672,6,88.4
CCK,105.41,0.3792118134717355,0.19789722540273966,6,98.1
AMBA,69.51,0.32961308883862145,0.19821940017373804,6,59.6
SW,44.1,0.3108030480355389,0.1982474128050249,6,231.7
ECHO,89.41,0.441622490563878,0.198500469352028,6,269.9
LECO,264.58,0.30045360849098396,0.1985423102138693,6,86.5
CNX,31.17,0.2679160682926924,0.1985804840065667,6,63.8
MYRG,292.46,0.33928814771914284,0.19877865976220488,6,96.5
SBAC,160.12,0.3689623702902505,0.19883315547786787,6,152.9
KDP,30.34,0.27001702317341925,0.1988405604966309,6,376.2
MIR,14.12,0.4111183819629808,0.19893308040032515,6,43.7
ROP,348.53,0.34731014345354777,0.19932743333798114,6,266.8
PIPR,65.97,0.4426964950914816,0.1993537631974315,6,128.2
DHR,221.55,0.3589086602065483,0.1995605826574221,6,1162.9
MPC,395.42,0.3398428167110655,0.19957036146683352,6,652.6
EXLS,34.38,0.4393114549310593,0.19962231449829382,6,63.0
DYN,16.11,0.35678621550589606,0.19978352529665902,6,71.8
LMND,45.14,0.414365547515041,0.1998633687278487,6,44.4
ALAB,355.97,0.4031832904136053,0.19989395211901093,6,1163.2
PFG,111.96,0.3182612052097346,0.199974967897762,6,138.1
BFAM,63.72,0.37659062907451046,0.20020813646096244,6,43.5
ASX,44.46,0.31484132200907555,0.20036784137582428,6,275.6
CTVA,77.65,0.34357081021643526,0.20056927969937804,6,313.4
BWA,60.11,0.34548837870832394,0.20064856408007492,6,181.0
SPG,200.76,0.31040543948775756,0.20077069704160083,6,298.7
MMED,19.47,0.27791147439916497,0.20078531691182033,6,78.4
RACE,392.85,0.4208449194277865,0.2009916580119937,6,331.7
SMTC,178.35,0.4411807486911739,0.2010541331417258,6,414.3
LFST,12.03,0.3277209603878679,0.20110623231226193,6,39.6
MCD,230.94,0.4514621766275183,0.2011362894521422,6,1290.7
ZETA,31.57,0.3859623741634829,0.20130697683322712,6,352.7
ALGM,36.35,0.40485707730522946,0.20136897006703217,6,76.3
TTWO,207.5,0.38708899273417335,0.20151691407128539,6,509.0
NTNX,70.41,0.34886008682929004,0.20152946140796557,6,158.2
MUSA,504.03,0.2989399293286219,0.20154862498079582,6,82.5
GIS,32.16,0.3739053934246258,0.20158882027514496,6,410.7
FORM,149.31,0.44813075951219283,0.20160829731630528,6,342.0
SUI,110.78,0.28475787678408915,0.20179558255832986,6,123.3
KGS,52.97,0.40711980754902055,0.20182202588189513,6,79.2
RLAY,18.05,0.3101652522527116,0.20198856599627932,6,50.2
SO,82.89,0.2960200160397676,0.20206547502903507,6,709.1
VVV,30.14,0.36708303469068254,0.2020861253119238,6,123.6
AIT,332.29,0.3405667181865018,0.2022050489438434,6,106.7
LW,41.69,0.35346991673942363,0.20248396170533828,6,80.8
GL,165.65,0.3554535872785784,0.20256071947182927,6,70.5
ESS,269.39,0.3401375099537001,0.20287901815157858,6,192.8
PRMB,19.05,0.3071493863137417,0.20294381899575772,6,68.5
HST,22.39,0.3106550565214656,0.20307518980306621,6,228.3
FLY,23.15,0.3461821552485894,0.20313720782402825,6,100.1
ORA,91.49,0.359796665460722,0.20319554904209156,6,66.3
OVV,57.82,0.30818629060257013,0.2035139099156123,6,256.5
NTR,70.25,0.36857410743540236,0.20359633439413538,6,121.7
TS,55.18,0.35297828420100413,0.20362113889013228,6,91.7
COGT,32.02,0.3011677365198789,0.2037329791858166,6,62.8
NVT,160.37,0.43969689751459456,0.20405479390552492,6,239.5
VIRT,55.16,0.35511196413671553,0.20410515931882572,6,131.9
ACN,183.37,0.3964273250055808,0.20415308140467156,6,1932.6
NAVN,20.99,0.4149501555585782,0.20415633027953045,6,69.9
NXST,161.57,0.3925576607499156,0.20424655840271116,6,41.9
BTDR,10.49,0.6476199271026817,0.20427101187987567,6,76.8
MTSI,284.82,0.4176459952992226,0.2044509459081869,6,261.1
ADBE,239.94,0.3468111959678826,0.2046009040340396,6,1085.3
SARO,21.35,0.2765600393041029,0.20471254931742242,6,78.1
DK,71.37,0.3580604292286154,0.20482261086011744,6,144.9
PAG,200.34,0.37305418372013355,0.20496286619537085,6,145.3
GIL,42.63,0.32935967474190736,0.20517994914060622,6,74.3
AVAV,142.22,0.3802476147603215,0.2053737721015883,6,204.7
CF,115.2,0.3194412687118428,0.20546436775547616,6,244.5
WOLF,28.13,0.3733272253781622,0.20561393514310872,6,115.6
PRI,272.39,0.375102385422836,0.2056844386758572,6,55.0
SNEX,64.64,0.36398356773213636,0.20569386916027577,6,77.7
PENG,54.69,0.40868885076498956,0.20591250982925302,6,79.4
ALSN,113.26,0.35308776414825216,0.2059643194136622,6,115.6
CLH,310.23,0.46533925909177626,0.2060249136219432,6,130.3
MXL,90.31,0.37205828858420564,0.2062301468708967,6,184.6
ELF,100.97,0.4188716220901352,0.20625242263758023,6,139.3
NESR,25.47,0.40793742678562495,0.20649737932125273,6,111.8
KMX,55.11,0.43914926727753983,0.20654272948579036,6,344.0
QRVO,114.48,0.5592825591933914,0.2066402002680355,6,512.2
PGR,207.21,0.38688351559166745,0.2067607421376136,6,613.4
BUD,73.47,0.40938756796509357,0.20681543342267134,6,119.0
APLD,24.37,0.4465630383730411,0.20703880726858806,6,377.8
WM,203.92,0.4624416881637935,0.2071103898845814,6,477.7
PWR,642.4,0.35357788323327977,0.20720464826245033,6,590.4
RELY,21.34,0.2947123288100585,0.20744734033633858,6,66.1
KNTK,50.2,0.29784351826236266,0.20764297299571607,6,67.4
AYI,309.81,0.3658064884461128,0.2078105895170537,6,195.6
BAM,44.58,0.28502452384432186,0.20793806518375665,6,252.6
PM,189.2,0.4228104988499349,0.20819411334267002,6,824.4
ACMR,80.92,0.3662890238163293,0.20861735944496895,6,147.5
BKH,70.08,0.3545863421819344,0.20880791695809459,6,73.6
LBRT,18.22,0.34465258676074323,0.2089859972606962,6,120.5
EOG,137.76,0.2968897882484009,0.20899563911881489,6,493.6
JBHT,224.05,0.4917927021553521,0.20903358239760114,6,239.5
ARE,47.46,0.35955836244737077,0.20910457538296157,6,76.6
TTC,96.42,0.3608472381600939,0.20928203457640548,6,62.5
INFY,10.76,0.3806395064127314,0.20932275664995226,6,218.7
MRVL,264.21,0.4233525180486821,0.20956623256316856,6,3167.7
FIGR,28.85,0.32924334852066156,0.20960164251319616,6,174.1
LYFT,15.01,0.435068374444609,0.2101495586207025,6,119.6
WDAY,190.46,0.3313658183556532,0.21046600669707574,6,401.9
NTRA,413.31,0.4174066693250583,0.21061358820218087,6,765.6
MAA,117.74,0.4269593845278219,0.21069798915776633,6,156.4
CVI,50.99,0.3853885300450186,0.2108142493638677,6,55.0
ESTC,91.7,0.3601463756228866,0.2108372433257351,6,172.4
JBL,286.86,0.390052751415301,0.21086527487830573,6,1414.8
S,23.76,0.3505590700676673,0.2111567992129601,6,211.5
GEHC,65.37,0.3513865936205374,0.2112318988220557,6,178.3
CRC,50.8,0.28611708630133764,0.21136598725815173,6,54.0
FTNT,178.76,0.3752718301610777,0.21136838519830045,6,556.7
SDGR,31.05,0.5332616443241881,0.21140606102862108,6,120.9
BIIB,225.88,0.4051631665309313,0.21151213784055084,6,351.0
VCYT,46.04,0.35158289673990734,0.21162136879249419,6,54.5
AGCO,114.23,0.337575022361614,0.21189250948519353,6,88.5
GTX,26.03,0.3357546950927309,0.21196004536258628,6,58.9
BETA,22.1,0.2986516484968704,0.2122339883537101,6,42.9
WT,24.29,0.3276497459234927,0.212304577691923,6,60.1
FCFS,211.23,0.34708315533930006,0.21250230089847916,6,53.1
GLBE,39.73,0.4817612968251302,0.21296285186340622,6,57.1
SNX,256.85,0.3524199944481897,0.2131488678272594,6,205.7
LUV,41.64,0.3908967525879446,0.21324999409853476,6,201.5
GLW,153.76,0.4233285695424615,0.21347048417569767,6,973.4
ATI,189.4,0.3766599299152057,0.21371365906042464,6,277.4
VRT,241.31,0.41399395643841486,0.21372652399567557,6,1009.6
PNW,93.04,0.3337964164464241,0.21397776565487509,6,200.7
AIZ,263.5,0.357067378035263,0.21417539866692284,6,81.7
AXP,304.1,0.38180093802061493,0.21419708436414284,6,1282.0
BMRN,60.0,0.3822119001885406,0.21495567524983847,6,107.9
SGI,62.11,0.3791986517871752,0.21509443505843825,6,160.5
JBS,11.29,0.33723122536277417,0.21519202855954064,6,46.5
EMN,64.84,0.42735448062669057,0.2153139041378055,7,90.3
BE,276.98,0.5077075972709416,0.2153216111608409,7,4235.3
CELH,27.35,0.4463372791528545,0.21534319894373727,7,136.9
OGE,45.42,0.3905492332951906,0.21548604407200744,7,98.6
LH,308.11,0.3434576467941214,0.21557630163921596,7,199.2
GEV,950.49,0.4728916232460597,0.2157447895271658,7,1693.8
BXP,61.11,0.3672467171101615,0.21665248876131538,7,74.8
JMKE,16.82,0.37612581499989983,0.21676956869725503,7,76.2
WAB,287.18,0.40377953224199714,0.21706621202584447,7,254.6
HLT,318.12,0.3869903075450207,0.21718087225106744,7,425.8
PTCT,64.78,0.4091265478371925,0.2171869620745183,7,67.6
BWXT,137.0,0.4560434508799388,0.217413301517539,7,199.7
SMG,50.11,0.48771640612465117,0.2174327723998494,7,87.7
AMRZ,37.39,0.37139149046772596,0.21766739989615005,7,117.6
OLED,77.04,0.43931680977782017,0.21769139902850393,7,32.1
MOD,172.35,0.5134535310291036,0.21777404325074767,7,231.2
BG,106.95,0.37017054295203067,0.21781033664760407,7,123.9
U,40.93,0.3579278171681046,0.21827097948797974,7,359.0
CDNA,65.0,0.44247240950694944,0.2185694376436024,7,115.0
CRUS,119.97,0.31585476546449065,0.2186671776159461,7,80.6
MEDP,624.18,0.4512946880706875,0.21880108774532087,7,191.5
TGTX,55.78,0.3324277620907441,0.21915342250588082,7,106.4
CPRI,14.12,0.3373148777093879,0.21916715417752486,7,49.2
ADC,66.81,0.3942888387653607,0.21935279027864973,7,129.3
CAH,221.98,0.3782910912250913,0.21957341441956582,7,431.9
MRCY,83.0,0.4266514957411692,0.2203486155543821,7,55.4
AMG,365.61,0.32480058991806326,0.22036994973187038,7,118.5
RBC,499.23,0.4399396583357117,0.22038977453418682,7,125.0
FTV,54.81,0.4108827073491434,0.22045257934961365,7,115.9
UAL,110.95,0.4229485018006567,0.22060968367505854,7,452.3
DBX,33.85,0.32078558528256573,0.22080633007130385,7,188.2
AAP,38.91,0.44105657225193284,0.2210059422360331,7,68.5
BTSG,56.75,0.3435367981910629,0.2212138766310737,7,122.7
OSCR,30.84,0.38138647104806817,0.22124507740251204,7,168.0
AN,157.44,0.36576433516886475,0.22133276982933286,7,131.6
RSI,20.33,0.34608305892910934,0.22138159898120177,7,88.5
PEN,318.34,0.43059907834101385,0.22142988808426597,7,120.4
TRNO,64.55,0.33197420778722825,0.22148291195765513,7,59.5
TGT,156.69,0.33528743489218554,0.22172515897752784,7,699.1
VERA,32.29,0.37017991507498005,0.22185820993316735,7,58.1
CBRS,177.65,0.4123125878758382,0.22212550951086957,7,2469.8
VMI,462.98,0.3938068168189777,0.22218704276702406,7,80.6
NXT,77.93,0.43317418885878545,0.22221194299433908,7,149.2
DFTX,38.06,0.4598797701940481,0.22223148430999506,7,90.6
LOGI,100.99,0.3031210157320173,0.22229878836405434,7,76.3
YETI,41.02,0.3459126212901067,0.22239624242913225,7,88.5
FTAI,167.03,0.3944968878476768,0.22248908750665797,7,194.0
CNP,36.8,0.3209274529445589,0.22254871855091496,7,214.5
TSLA,354.81,0.47498188833914246,0.22279254967594342,7,14020.6
DX,11.14,0.4135034498417394,0.22291624623730996,7,73.1
CLSK,12.88,0.42877883153750135,0.2230104611023515,7,178.5
BABA,107.54,0.41476850464181453,0.22301154055137887,7,694.5
GAP,22.84,0.3224290813665308,0.22310812116715856,7,183.8
THG,214.12,0.3065654002913591,0.22312976391185024,7,65.5
EW,86.32,0.35583403432504696,0.22333980235876075,7,422.5
ARGX,958.91,0.45249732481129074,0.22342404874145627,7,233.9
ECL,274.58,0.37269082250316377,0.22398908889374308,7,414.5
MKSI,265.36,0.4130260126590897,0.22416096083307852,7,199.4
CAKE,105.24,0.3780162622895517,0.22420479624376136,7,95.6
AEM,183.27,0.381429711006001,0.2242263758742474,7,252.1
BILL,42.54,0.34443451490723065,0.2242547000151405,7,54.5
PCVX,56.9,0.3475085231913828,0.2245254999424199,7,85.8
CGNX,60.65,0.433703122811288,0.22455697597784477,7,111.0
LYV,169.3,0.4307515805533776,0.22470004447222208,7,313.5
SHOP,148.3,0.416791233292751,0.22471012668463147,7,1040.4
RVMD,205.26,0.36143272344719396,0.22480053971265643,7,379.0
ENS,183.53,0.33790291398643185,0.22496145985548074,7,124.5
JKHY,143.24,0.40631101833217037,0.22513335370881893,7,122.8
KEY,20.07,0.46979836445090634,0.22543574763969496,7,253.9
NVO,37.91,0.4585835953438189,0.2255239394582475,7,817.3
RSG,209.19,0.3261825810380998,0.2258741574231863,7,238.0
ADSK,209.0,0.4166563772176049,0.22593206402689708,7,405.1
BSY,31.95,0.29539657562613614,0.22593725122573638,7,57.1
LNC,40.26,0.2803135181626242,0.22595611620386455,7,69.5
INDV,35.85,0.26309868986923624,0.22627940314880143,7,60.0
ZBRA,373.31,0.46844348067273506,0.22630424367734941,7,124.8
NCLH,14.66,0.4252529034794194,0.22696590915692658,7,352.7
INSM,114.14,0.4782254840795671,0.22697816525318848,7,327.6
CROX,117.31,0.3994738004650318,0.2271035891618057,7,121.7
CHTR,110.9,0.335727256775544,0.227278060247131,7,266.3
FIVE,219.57,0.448155659101433,0.22732684040571374,7,237.6
KVYO,15.73,0.3427039927277328,0.2276781722823811,7,78.3
ARR,13.83,0.3955113269385076,0.22776088582909268,7,71.1
BZ,14.8,0.3703341724797185,0.22801630403214948,7,104.6
LKQ,22.83,0.3648921970011107,0.22805614851350242,7,50.1
ASML,1811.67,0.387196040315014,0.2282712107447851,7,2263.0
EFX,137.24,0.4960747540342215,0.22834859699744908,7,274.2
IRTC,113.66,0.3706222258308975,0.22865919670888818,7,38.6
WTS,354.18,0.394715242881072,0.2288860971524288,7,60.4
MRSH,169.74,0.46547071796183376,0.2289221262008283,7,524.2
AHR,51.26,0.33759699473666943,0.22895449763382814,7,161.4
JEF,45.73,0.3674232237236853,0.22901834881069816,7,116.4
RDW,10.44,0.5143014712118494,0.22967484418962003,7,124.7
CHE,505.07,0.4101513320771616,0.22987097482868465,7,78.8
DAR,60.71,0.36187211774139594,0.22999544733647875,7,120.4
IMAX,54.8,0.5152171554054222,0.23021264505397926,7,50.3
CVNA,62.54,0.4007112173156482,0.23033693448386355,7,453.2
NVR,6154.39,0.39934753406255996,0.23035885626559202,7,209.5
PHM,116.06,0.34714477698905466,0.23088869188213845,7,233.6
WST,370.76,0.4348710445790549,0.23107955001650415,7,174.8
MKL,1712.45,0.4454565921410387,0.23123149126301024,7,142.1
COHR,287.81,0.4810813716479215,0.23139654259279985,7,1542.1
VSXY,88.46,0.4072549381881048,0.23147127817167443,7,137.0
RS,384.75,0.361408248311539,0.23153901422618192,7,98.3
KIM,22.21,0.32848047644448297,0.23170952948320236,7,111.2
BC,64.24,0.41763730187983783,0.2321216932717117,7,47.7
BBWI,15.92,0.40019459094166926,0.2323010128039154,7,93.4
RNR,318.23,0.4002558181393443,0.23246898970983024,7,99.8
SNA,363.35,0.3650831701113807,0.23261320782296022,7,119.3
FSLY,25.67,0.4201297078609957,0.23290571486988224,7,159.1
VALE,13.41,0.43329997580096163,0.23314609203586814,7,452.1
HONA,154.97,0.4683362418479361,0.23350923327256837,7,369.6
ROK,435.33,0.36423652020115804,0.2336349211235521,7,357.5
NLY,18.89,0.3997883484659901,0.23423891378528075,7,443.1
VKTX,32.6,0.5593270049732797,0.23425074120755157,7,228.2
BYD,66.57,0.36884219525346634,0.2342904549692747,7,89.5
DECK,78.14,0.36399800444777036,0.23430849837472492,7,327.8
GRMN,286.84,0.36845761486049255,0.2343490287135371,7,240.2
UMBF,130.01,0.3606860322983787,0.2345445605895238,7,71.6
BOOT,120.47,0.38674689006445556,0.23455112812272436,7,76.8
FRVO,13.59,0.3192547665523335,0.23482685420719823,7,76.1
VEEV,285.45,0.4116411383306811,0.23491255892807225,7,501.3
EWBC,123.93,0.3987420248819058,0.23511272734002342,7,105.1
PAYX,98.5,0.42493626371782683,0.23526947376887755,7,337.9
GKOS,164.19,0.32713145987139797,0.23540222609393213,7,155.5
CRL,295.01,0.33815636538964383,0.2354730909272283,7,235.9
RYTM,95.215,0.36223878848418706,0.2358472533096555,7,70.2
HPQ,31.28,0.3878751777224301,0.2359609303645298,7,466.0
PJT,142.71,0.3333777336465574,0.23606354895739992,7,62.5
DHT,22.57,0.33388295689039577,0.23622117639120827,7,90.7
ZION,62.65,0.4018826578964126,0.2363181414652967,7,69.4
SAIA,333.74,0.43440217364407074,0.236586705731551,8,94.3
CHH,102.12,0.3759427279362308,0.2366193454212402,8,69.3
TXRH,156.34,0.3688332683493831,0.23682971507603123,8,197.8
SIRI,25.88,0.31912079251597253,0.23722465916247434,8,132.1
ALM,13.16,0.40212013193889795,0.2374949106616553,8,46.3
SBUX,93.96,0.3528842918033647,0.23770250945772264,8,540.5
BAND,60.71,0.37119802748597297,0.2380997471231076,8,62.7
HII,267.07,0.4305179826342854,0.23812333795703786,8,206.6
NET,347.28,0.48072326279088623,0.23813415806604812,8,900.8
CART,43.12,0.3725820441779582,0.2382100106775837,8,119.8
TMDX,83.45,0.43944461473837176,0.23835700418923061,8,47.3
OKTA,209.11,0.46926343114014485,0.23843004773817197,8,691.0
VCTR,110.6,0.35254025933956684,0.23844284845004757,8,70.6
MIRM,85.48,0.39806860356138707,0.23849896907216495,8,77.1
ABCL,14.59,0.4705137658623473,0.23853850944480165,8,71.0
ESAB,65.76,0.4766668714194817,0.2387193754498284,8,65.6
POOL,161.87,0.4358966011199375,0.2387664409428311,8,111.7
MTDR,51.58,0.36490466524427956,0.23883627793513884,8,99.2
TKO,179.72,0.40606859954999847,0.23887068106397624,8,198.8
SONY,23.53,0.4154076709255719,0.23946855672741596,8,88.7
EG,365.17,0.38543033583409075,0.23964893924825303,8,161.8
MKC,46.4,0.3871727125171102,0.23989789699081468,8,263.9
WEX,168.7,0.4336008963639869,0.2399048979672396,8,127.3
UGI,35.67,0.46640426143601416,0.24051122273202177,8,61.8
WRBY,27.78,0.44282145485786883,0.2406978842397387,8,113.9
ACVA,10.43,0.37964544560338137,0.24080318022950845,8,138.7
MCHP,77.77,0.2944229664414889,0.2408552221968996,8,445.5
MSTR,153.09,0.4077820094461483,0.24090644497192285,8,2689.2
AMKR,52.38,0.4780813332679887,0.24105224154344007,8,237.8
EXE,84.09,0.3768752717998143,0.2411346246518024,8,242.5
OKE,85.27,0.3356266913355289,0.24123622257444813,8,318.7
DKS,134.29,0.3715044371812262,0.24125988632292783,8,316.9
RKT,11.51,0.5768810981255649,0.24138745065971076,8,455.7
PBF,76.96,0.381663051562932,0.24140027181426285,8,248.1
VSAT,70.38,0.3365627277673757,0.24181959037101514,8,90.2
SYK,275.39,0.45811374839626967,0.24190979325563872,8,807.4
WTFC,141.82,0.4120644806399582,0.24221076479856793,8,55.8
BALL,56.03,0.37758453711512446,0.24224726647314226,8,109.3
NWG,18.15,0.4895285016439679,0.24251259199259342,8,58.6
LAD,291.83,0.39909573105625634,0.24257259046286941,8,123.4
MDB,348.61,0.4931914361157722,0.24259739926399107,8,2182.7
SAIL,20.36,0.3338188384804935,0.24263323813350768,8,114.5
CASY,608.46,0.41693012408675,0.24270699391882272,8,370.7
AMCR,41.86,0.3395150807443386,0.24272204074217532,8,115.2
QBTS,16.57,0.3954346720215866,0.2427684029120994,8,209.6
AEIS,281.82,0.4259791347002613,0.24277090232646314,8,117.1
BLDR,57.01,0.4926718281758168,0.24280615137511594,8,121.8
ATR,121.16,0.41316228639464414,0.24289039398050105,8,51.4
APP,290.43,0.430257463008481,0.24306239889056255,8,1957.8
CFR,152.67,0.35403989402777614,0.24323714255164958,8,66.5
TOST,28.99,0.3868872459787685,0.24354779540497384,8,370.5
NYT,63.7,0.4202238976748615,0.24360798094304878,8,168.0
PVH,74.05,0.4037085554790184,0.24361633930455626,8,55.1
FDS,269.95,0.35915428977874964,0.24377997805588839,8,402.6
JLL,305.52,0.382878177908647,0.24386113166877493,8,171.7
MATX,219.64,0.4010486117809945,0.2438816793676553,8,77.2
HXL,83.92,0.3694069019813673,0.2443072280035933,8,96.4
RGTI,15.74,0.3998564955941089,0.24441628723277117,8,220.9
DOX,57.18,0.40806725974552155,0.24443141205422525,8,95.9
CIEN,351.82,0.48785996282691363,0.24460375482276372,8,936.1
RRX,155.11,0.3881295286420451,0.24491309833228772,8,149.0
FRO,49.27,0.37046473776723526,0.244964391872996,8,130.5
MANE,121.23,0.4012616423769027,0.2451712807185425,8,83.6
PR,21.12,0.3993538298115992,0.2451945500356568,8,153.8
VSEC,164.7,0.45580190904437373,0.2452014600542669,8,71.8
CRWV,87.12,0.4458790747476506,0.24539262188702882,8,1947.2
CVX,204.21,0.3632667355029992,0.2453993887725029,8,1306.6
IOVA,14.82,0.5799666357584989,0.24540829746715537,8,434.9
GMED,74.9,0.3420053459692607,0.2455114867464512,8,93.6
IONQ,43.86,0.4143403449498084,0.24552433550418415,8,1122.6
DDOG,273.85,0.4218452602175781,0.24576674508986154,8,765.3
BN,36.46,0.35347169649209087,0.24602120207354006,8,268.7
ACM,58.95,0.36248158909416517,0.24632933135975732,8,87.8
MAT,12.66,0.3836815003977059,0.24639217011101688,8,147.8
MUFG,23.07,0.39811581308957855,0.24639670612319672,8,62.4
SFM,66.35,0.35216226352983077,0.24644812429338894,8,159.0
IT,186.54,0.405262609896947,0.24701989445829883,8,145.0
NBIX,141.84,0.37477253040874176,0.24737355558059843,8,262.1
UCTT,81.06,0.4751990540007883,0.24775494115659666,8,130.0
HWC,72.04,0.3371605297165513,0.24779101553434582,8,73.5
LSTR,168.645,0.4321743355228666,0.24781984524126496,8,70.0
RHI,36.75,0.40098688135444205,0.24814979370631565,8,53.7
GRAL,140.12,0.5158737721106703,0.2485609656797353,8,269.7
LQDA,30.26,0.37916634600710364,0.24869268726627178,8,694.6
ONTO,307.82,0.435021818944879,0.24876660545006457,8,233.1
J,135.27,0.387239008638655,0.2493612777078242,8,140.7
PARR,81.62,0.4187544221717829,0.24946733310773847,8,86.3
CACI,609.11,0.4244627748615751,0.24956635686746806,8,165.9
AMD,611.76,0.48721142031019443,0.250469084194162,8,10268.7
GPC,125.74,0.39515937901975434,0.25086523657639503,8,104.4
IDXX,522.19,0.3546764340746172,0.25088334868475776,8,263.1
XYL,101.27,0.4140157813695884,0.2510811016199335,8,273.6
CR,204.02,0.38293698647757785,0.2513586738057338,8,72.0
LNG,269.03,0.4065903611463227,0.2514161260656675,8,492.0
FROG,97.04,0.4303465495258644,0.2514377873957685,8,178.8
MIDD,103.58,0.3855306261202794,0.2519204789277105,8,50.2
ASTS,58.86,0.45779875036922474,0.2519208892920044,8,700.7
IDCC,326.07,0.42731277533039647,0.251963085629763,8,50.2
HNGE,97.24,0.4822874919343665,0.2519718408659925,8,159.0
BBIO,65.8,0.48068142172281936,0.25202818314876774,8,185.7
FICO,592.47,0.543685719555067,0.2522163779606885,8,1193.2
VIST,65.35,0.427759660045459,0.25252989425832595,8,60.4
INCY,121.35,0.34863564355398813,0.25274875514073497,8,196.6
LEN,81.59,0.49778595094488287,0.2529810785951369,8,440.1
CBRL,52.62,0.39100054720713895,0.2530466208455854,8,49.1
FISV,45.18,0.374923587266698,0.25322666285984846,8,297.4
HSY,157.61,0.45723649953255757,0.2536847750231327,8,321.9
DTM,119.47,0.34018541803177077,0.2539639671548574,8,89.3
UTHR,541.89,0.4147214257476132,0.2540249105954096,8,1808.6
COIN,186.41,0.4555158226815264,0.25432931594048463,8,1569.2
CMC,62.1,0.3568445010018544,0.25437066744657816,8,70.4
SMCI,41.07,0.4777243390268169,0.25478980381351635,8,1312.2
NVMI,385.2,0.41215027592356074,0.25487143648938476,8,131.0
HRL,19.94,0.38297719193984786,0.25509499359573,8,98.5
ED,102.21,0.3942083796895544,0.2551561944222528,8,434.1
DY,269.08,0.44527325396545026,0.2552230896951284,8,196.7
SLS,12.31,0.41463201886541257,0.25548096242985535,8,106.1
GWRE,142.58,0.5500671919944331,0.2558388011933974,8,157.1
FLG,11.67,0.37148053869416703,0.2560112844389328,8,71.3
WDC,454.46,0.5912751040900798,0.25620820204836403,8,3165.1
RBRK,114.47,0.39826098679547667,0.25648954965507437,8,271.8
MUR,37.02,0.3748185808198778,0.25651433961670517,8,66.8
EXPE,263.36,0.37944831511212695,0.2567267920579407,8,635.0
BROS,38.56,0.5043967570593821,0.2567279033474218,8,201.4
VFC,14.06,0.4658183277290124,0.2567350295606643,8,138.7
HIMS,29.79,0.4307131168992728,0.2569108560966196,8,432.6
P,130.78,0.39396589137532223,0.2569855199736457,8,419.0
PLNT,42.22,0.41815226452581944,0.2570186149272689,8,168.4
RNG,74.7,0.4379738485935868,0.25706267687549744,8,109.5
TRU,61.12,0.44413211784067735,0.2571189775899175,8,196.3
CRCL,82.17,0.3890348924498378,0.25716830932826196,8,716.3
UI,567.53,0.4083001441591126,0.2574339677963203,8,62.3
LNTH,99.53,0.47159478436913677,0.2577119220716977,8,179.8
NVAX,10.81,0.4900374070044186,0.257750470964747,9,49.4
SPOT,487.38,0.4534305522825792,0.25784210634015675,9,643.1
ALK,38.7,0.4073903391178429,0.2580712429830765,9,177.9
GPI,240.44,0.3826769958548488,0.2581098215668619,9,85.3
LUNR,14.24,0.4336652316547578,0.2591065019621309,9,127.3
NICE,111.27,0.44745132488697376,0.25918409075418974,9,65.0
CLF,11.01,0.5022483015332443,0.2592672339642183,9,179.4
LULU,96.19,0.4351944304392576,0.25933212284581003,9,398.4
MHK,124.72,0.3339515782132756,0.259340978111747,9,139.3
DT,57.74,0.4014796445865892,0.2596629469545098,9,334.0
EHC,121.28,0.4794881854189804,0.259725197615009,9,108.8
FRSH,12.79,0.5137659072164905,0.2608586733763351,9,67.9
FLUT,74.54,0.3654896144923357,0.2610809390886244,9,207.0
PTEN,10.92,0.4402208830627253,0.26149295735509503,9,97.3
DVA,174.92,0.3796094934146732,0.26164945412551815,9,93.3
ESI,36.28,0.4830897287236793,0.26181205393521767,9,124.5
KRYS,332.56,0.3309458251069067,0.26209174052005774,9,89.3
EMR,155.1,0.38686365681960927,0.26243201544644995,9,720.7
DUOL,142.4,0.4616611519579166,0.26264865143140625,9,129.0
SANM,214.91,0.4875654821902639,0.2628355740427888,9,193.1
MTZ,213.62,0.464060534162133,0.2629231847506994,9,414.9
USAR,14.08,0.4242697240280375,0.26311044084706353,9,177.7
AMR,168.22,0.38420178151105366,0.26312891889575324,9,57.2
MANH,198.7,0.38442720855090884,0.2636689738603127,9,90.5
USFD,92.21,0.32450723065876325,0.26399088440001683,9,194.5
PSA,282.84,0.411416701852472,0.26406097578731275,9,279.7
BRKR,64.75,0.46565773089639184,0.2642219009861312,9,138.5
MNDY,78.46,0.46021042352675845,0.26435632719561,9,141.4
AXON,422.52,0.4122046035488402,0.26446787552288387,9,468.5
SYF,70.97,0.35079611083145823,0.2646558390723923,9,219.5
MTB,217.6,0.3463279634467985,0.2647494396909323,9,301.2
QXO,11.69,0.5238644060702851,0.264767599485814,9,296.9
WAT,439.39,0.40121183262520593,0.264856694080971,9,292.7
CEG,254.02,0.409669994443386,0.2650626963323694,9,1130.9
ANF,134.69,0.4463799126637555,0.2654122270742358,9,149.8
SQM,64.87,0.47107717454757736,0.2654337419731465,9,50.9
GDDY,95.51,0.4058712083368906,0.26571931475322286,9,163.6
MTCH,40.15,0.39487583457852377,0.26580048277058466,9,117.6
BEKE,16.85,0.3401335673198791,0.26581523357987025,9,156.1
PNFP,93.61,0.4210690505508,0.26585138797648245,9,114.7
ENSG,172.0,0.45487066757217237,0.2664450560579524,9,54.5
META,725.18,0.46403926883018626,0.26649837208303784,9,14022.0
NBIS,235.88,0.4673171389624346,0.2666040056515445,9,3473.1
KMB,97.43,0.401946704962502,0.26669250821061374,9,403.5
CAVA,54.1,0.4780462166154151,0.2667308940920433,9,201.2
INOD,65.76,0.4336213203816996,0.267092161044433,9,108.3
RIOT,20.15,0.38711670754221184,0.2671518111010794,9,260.1
WSM,227.94,0.36422240863666205,0.2673319838548885,9,275.1
HRI,124.8,0.42063244994270144,0.26761931187569366,9,60.8
HAE,105.3,0.43397334467979487,0.26764352609021325,9,53.6
SSB,99.56,0.4233878878122357,0.26789797486999223,9,85.6
Q,125.74,0.42074680944615434,0.2680343516761191,9,189.4
DRI,193.25,0.37230763111314413,0.26820946281895747,9,291.4
NTAP,210.08,0.40964932489558453,0.2682468522868526,9,671.1
PRU,113.58,0.3525500154030769,0.2683387524262419,9,179.3
FIX,1654.09,0.45953357289825253,0.2689381864549222,9,495.9
GNRC,206.95,0.4149642506330006,0.26925241362037183,9,169.7
RYAN,37.0,0.3800156736418703,0.2692974138490914,9,61.5
TEM,81.9,0.5086303452503144,0.2695436018408991,9,375.0
VICR,288.94,0.40085011773279744,0.27019168342177935,9,191.3
SRRK,48.32,0.3846512203398092,0.2703607121632794,9,62.1
NFG,75.86,0.3895272227112291,0.27068542819794456,9,74.4
HESM,37.37,0.3370520024321562,0.27074771554121946,9,53.5
WMS,126.71,0.4168698188811364,0.27081996805606556,9,65.7
LDOS,121.83,0.39596570157396016,0.271413173837252,9,132.9
SCCO,202.64,0.41424686333696586,0.2717770244857416,9,258.3
STWD,13.5,0.3917416451806311,0.27196710509392186,9,106.1
TENB,36.39,0.4028444115761045,0.2720712202839263,9,188.1
MTG,25.84,0.40260285863965334,0.2725514577914929,9,141.3
ASST,29.41,0.43940110794595716,0.27285744719813104,9,133.2
TXG,90.36,0.5436919511253915,0.2732685466181514,9,339.0
HCC,88.07,0.3540814030113427,0.27327268243446295,9,58.3
MLM,479.81,0.48114936104932693,0.27329910093057624,9,376.5
MMM,164.15,0.4421810501403489,0.27349709670317573,9,646.9
CHKP,128.35,0.40393458187504655,0.27386509606076404,9,99.3
CRSP,55.32,0.40527579458041346,0.273889400670395,9,64.7
MSM,123.72,0.44790062998206337,0.2742315831659409,9,67.6
CRDO,194.79,0.4393106283001821,0.27431933697886385,9,1260.7
WEC,100.78,0.4409244731534625,0.27473918067023484,9,339.3
FBIN,38.05,0.44407002245866234,0.2748056784509075,9,87.1
F,12.06,0.48835050495245,0.27506643074824283,9,609.5
SHAZ,54.6,0.5031709817336604,0.27513727595393583,9,68.4
TPL,325.83,0.3978832222061972,0.2751589247478838,9,109.5
UHS,174.26,0.30744130123096597,0.2752419951249181,9,106.9
BBY,88.24,0.42764886917322925,0.2754222328253439,9,233.7
INSP,69.36,0.3592856938442607,0.2755539020690839,9,69.5
WULF,14.8,0.4951812442196524,0.2755756604622633,9,351.5
MORN,189.54,0.40840035439317035,0.2756231069841553,9,45.9
GPN,81.67,0.4404832171859543,0.2756779397135858,9,193.9
FCNCA,2060.2,0.34647136177673876,0.27586206896551724,9,128.4
HOOD,112.5,0.41757563406470416,0.2759347945839151,9,3954.5
AKAM,106.35,0.5383680952829546,0.2760195754258223,9,667.8
STX,922.34,0.600383769864185,0.2763112265180286,9,2849.8
TRGP,270.31,0.433005647891772,0.27683942066878675,9,330.3
MBGL,17.15,0.5348940942097565,0.27688490630620294,9,89.0
AAOI,99.26,0.4466225533653756,0.27734810464561377,9,578.6
KYMR,111.79,0.4129485200289123,0.27735514844328635,9,114.3
RDDT,142.44,0.43272753942589953,0.2776117560608948,9,699.2
ALGN,145.35,0.3928955809113804,0.27778530369567606,9,133.4
SOFI,15.72,0.5835441631040232,0.2778731573298801,9,650.1
MSGS,405.21,0.37912324339074127,0.2779964246857607,9,120.7
DOV,187.05,0.47733242259013775,0.2781790960609033,9,313.0
HAS,87.68,0.4024262758635132,0.2792203859696189,9,113.2
HLI,126.34,0.4864006973368803,0.2792307913704561,9,101.7
OHI,46.31,0.3556032918314509,0.27957266772594597,9,98.0
XENE,37.19,0.5529290979979569,0.2796564542169042,9,91.7
CIFR,15.825,0.5588759247102242,0.27994433530429114,9,459.3
XPO,175.98,0.4839359735515499,0.28006839246168697,9,149.5
AAON,82.76,0.42955559971708135,0.28027539697294107,9,80.5
OSK,128.82,0.41642709228758346,0.28035669526980084,9,92.7
CLX,81.01,0.452281844785836,0.28065639239235984,9,223.7
WYNN,79.43,0.44806364775180574,0.2808723580052773,9,263.6
TYL,318.6,0.4070196846600944,0.28094794643717286,9,221.2
R,227.86,0.4353480909685463,0.28131755548610954,9,58.0
RCL,265.86,0.4467900104909783,0.2817922281665327,9,1140.2
AEHR,99.62,0.4951889746911628,0.2819031103040937,9,143.8
WIX,72.13,0.4840377410216577,0.2820307502513022,9,45.4
OLLI,85.65,0.4248683713151868,0.28206163464160366,9,155.3
ETSY,71.49,0.4046059213953982,0.2820661474727574,9,265.8
ICLR,169.99,0.4805319652536975,0.2827964494063977,9,144.7
PAYC,217.65,0.42552743859950043,0.2829689325800538,9,118.7
THO,69.1,0.44253787095071667,0.2830493502438831,9,43.5
BURL,267.19,0.46536545670574403,0.2833451619123731,9,307.1
DOCN,133.39,0.4413516659038079,0.2833759512390553,9,192.7
CNI,118.9,0.36335733308520457,0.2835017842637743,9,110.5
WGS,72.3,0.5092414080418645,0.2835992450121423,9,65.5
TRI,97.33,0.39266114478105274,0.2837413702030014,9,92.7
SYNA,101.395,0.41516138061818647,0.28399155711681084,9,52.0
LAZ,36.23,0.4595775750653546,0.28424528490147216,9,58.5
AGX,377.95,0.4386416016569516,0.28468947491336627,9,135.6
TKR,116.75,0.3669441994138235,0.2850661582676493,9,106.6
SPHR,134.44,0.3579082829206105,0.28514799090766957,9,71.3
SN,180.12,0.3891601755565221,0.2851794006651466,10,198.6
SON,48.82,0.36866698948533483,0.28523796347537356,10,43.3
RMD,221.1,0.4285822603252565,0.28541505851478904,10,289.3
TVTX,58.88,0.38876799464345496,0.2854423877515033,10,91.9
DE,671.55,0.3919855749308425,0.28545078771870425,10,1167.5
EQPT,17.37,0.3575573138797694,0.2865555093833248,10,72.2
TM,183.1,0.4403830480847596,0.28682423254550393,10,53.5
LITE,971.26,0.4771563643559141,0.286920074160622,10,3896.0
QNT,48.06,0.36298060320566194,0.2875763605681721,10,89.2
DLTR,114.02,0.3826187920534823,0.2879993171932394,10,307.4
ROKU,152.28,0.42118294819974483,0.2884593572030869,10,222.3
FERG,222.62,0.44527969883840396,0.2888295985564689,10,338.2
ENPH,32.99,0.475873108387606,0.2890197970338734,10,190.4
DPZ,299.61,0.4735830877607845,0.2892694197869047,10,232.2
CTAS,195.06,0.41481924675651843,0.28967204297850474,10,318.5
LSCC,125.62,0.4590186780944953,0.2906344200356852,10,272.4
KEX,131.25,0.4588921628730199,0.2908121897680305,10,60.5
SMMT,16.91,0.4432620856713661,0.29090027159749043,10,220.9
MGM,31.05,0.38673363620797174,0.29093926849868373,10,192.0
ALNY,246.74,0.3951582182039821,0.29112911418122717,10,257.9
CHDN,75.68,0.47472542006282803,0.2921426364355638,10,89.0
VSH,32.55,0.4586892359918088,0.292271529390745,10,151.9
MDGL,503.96,0.5108790455357435,0.2923373273694864,10,132.3
GVA,115.91,0.5061200055587823,0.2927999515388206,10,83.5
HRB,40.85,0.4536040005570633,0.29313505312971655,10,82.2
TROW,104.05,0.3782590843769247,0.29315817796109317,10,197.1
SWKS,85.48,0.43710481473424695,0.2935223454910207,10,518.9
CALM,68.06,0.3907777205385192,0.29394671842731046,10,211.6
FRPT,57.56,0.48760370282195514,0.29413114890609604,10,48.6
TCBI,93.02,0.410195784340855,0.29454106034978217,10,75.1
STRL,491.78,0.5357281506609085,0.29507016045472434,10,269.3
ASO,48.09,0.38131307049444857,0.2952148403125017,10,62.2
PTGX,140.89,0.3963907755955181,0.2956403135683456,10,111.0
GH,178.36,0.5590157481026982,0.2965909755407966,10,282.5
WSO,302.69,0.46465067714985303,0.2967162870140244,10,135.5
AOS,56.37,0.39921331274637617,0.29690277297386836,10,128.3
SIMO,280.0,0.5317181157969458,0.29743725086911416,10,124.4
CDNS,330.185,0.42005598919687837,0.29785023041649555,10,980.9
UPS,93.44,0.48374116147142454,0.29852791376708876,10,360.7
DPC,42.26,0.333990616856373,0.298839992893473,10,75.2
MAC,22.36,0.3867324756027056,0.298886432965139,10,71.6
INSW,110.14,0.3902393370372576,0.2994839747134847,10,94.4
MP,47.29,0.46995591966939754,0.2995773218299137,10,286.9
WH,71.84,0.4595609147400009,0.3000790711470198,10,66.8
TTAN,65.79,0.5343713627322401,0.3002086345172727,10,137.8
RBA,81.39,0.394470619578189,0.30024469999160613,10,102.0
SAP,208.48,0.4795234448993712,0.3003685117567274,10,508.7
NEU,897.52,0.40403305538455797,0.3003992015968064,10,122.1
HQY,88.46,0.4124274656776883,0.30057831749728453,10,80.4
ELVN,45.84,0.587179076926016,0.30120460828539336,10,36.7
LII,355.02,0.39185616258680916,0.30124501235692885,10,192.1
ARM,289.66,0.48067168008105865,0.30276331664351724,10,1207.8
CRWD,264.75,0.44909761792485803,0.3031142565366227,10,2335.8
AWK,129.47,0.3973060162926933,0.3037693264728132,10,218.6
TWLO,292.46,0.4585921001088844,0.30468490614971944,10,1119.7
SEDG,31.87,0.425750811829415,0.30516163575804356,10,87.8
CVCO,560.26,0.5276476945244957,0.30588826849183476,10,63.1
ATRC,56.2,0.4394154653374734,0.3061286902858656,10,62.4
COCO,57.255,0.4111808504829596,0.30776371004579894,10,50.2
SJM,118.91,0.4785050394776482,0.3083000002982822,10,141.8
RH,121.75,0.4339713807172309,0.30855603693066574,10,76.9
RVTY,152.89,0.39775768146786744,0.3094569437496917,10,681.3
IVZ,30.16,0.445038709651553,0.31112381275032974,10,124.4
GLXY,22.74,0.4632861576403558,0.3113508187431453,10,104.8
TT,451.98,0.45345174195025695,0.3120180424695083,10,796.6
WFRD,78.68,0.44524324180751373,0.3130529588317209,10,76.6
ARCC,19.1,0.4713378335253604,0.3133579941040833,10,111.9
H,158.56,0.5071884493292829,0.31351219123687296,10,156.3
BTU,24.39,0.4531440960379718,0.3138034156150523,10,38.2
SITE,90.31,0.44684688602475525,0.315597327694457,10,92.7
PSKY,10.33,0.4502202174057615,0.31636874672220366,10,330.5
SEI,71.18,0.4814821033580451,0.3166600535003681,10,169.3
SNDK,1739.89,0.5352649194274247,0.3190275620212149,10,10589.3
RF,26.88,0.4757722393951474,0.3203617956805003,10,250.0
ERAS,14.66,0.39757397799991323,0.3206648287995914,10,77.5
ITW,257.28,0.5732834621618901,0.32125688541489505,10,711.9
HUT,86.1,0.4376486265439669,0.3219690237553168,10,618.6
HLNE,86.86,0.5155628235242277,0.3227328976632202,10,63.4
AUGO,78.68,0.4534022678811994,0.32274706254962665,10,40.7
QSR,71.08,0.3924418389003123,0.32305113024431137,10,113.2
CPAY,388.6,0.40388237535811305,0.32410347380189164,10,312.0
POST,72.85,0.4198433872961322,0.32523137680504055,10,57.5
FNB,17.21,0.5037916884841803,0.3255700057131326,10,105.8
DELL,537.95,0.5263341631325191,0.3256495527390498,10,2640.7
SITM,652.03,0.5063054229809814,0.32642567733191064,10,271.9
EGP,197.45,0.391992468437536,0.32844636749303024,10,115.8
MRNA,192.57,0.5228833502211878,0.32852402660140023,10,3978.4
MELI,1728.53,0.5894353392922987,0.3304682831313812,10,1196.0
EPAM,108.36,0.46379940289718025,0.33080034144428666,10,113.1
RBLX,42.37,0.5282529215363013,0.33090406860780036,10,666.5
ONB,24.64,0.48238538016561616,0.33131121207698566,10,164.2
NVST,23.47,0.4656074250595761,0.33151452819933946,10,47.1
VLY,12.62,0.4701156002730726,0.33247397443203475,10,121.9
HL,17.03,0.7435387656861149,0.33248348112306264,10,632.3
CYTK,65.91,0.4210169567739037,0.3341767239997452,10,196.3
POWL,184.47,0.5192849647234303,0.33426942191305264,10,87.0
COKE,189.27,0.47325944973621625,0.3356904856759987,10,71.1
IESC,321.08,0.41092820445593076,0.3357866546809746,10,73.7
JBTM,105.59,0.41042331039498714,0.3361271959270449,10,94.7
AES,14.9,0.6622272196579785,0.3363457008219267,10,175.1
GMAB,35.675,0.4693361542105067,0.3383879564777458,10,183.9
RGA,246.24,0.4478055632249227,0.34078438415577245,10,97.8
EAT,193.53,0.42136542983062125,0.34235772589203695,10,286.6
TLN,312.69,0.49697421582964046,0.34349039705222173,10,740.5
RGEN,192.23,0.5154690942929129,0.34499828813722994,10,140.4
ECO,80.88,0.5331358567582286,0.3492637890054408,10,36.3
OUST,40.34,0.508811651142295,0.3498402804772743,10,69.9
DAVE,321.51,0.46344245511926546,0.3502914124029633,10,59.8
ROAD,90.03,0.42781080691252965,0.35323720578027384,10,52.8
SWK,88.59,0.42636669940392263,0.35381397135328035,10,168.7
AZO,2830.02,0.5947010469510988,0.3565305324535533,10,1402.8
URBN,76.38,0.5375351072439232,0.3566353621536201,10,91.6
CHRD,134.07,0.44831328881761523,0.3572666334545528,10,114.4
CACC,531.0,0.5030481863986861,0.364232757100836,10,56.2
GME,24.65,0.5338322701263549,0.3665385600695334,10,335.4
MTN,137.18,0.42853618151235506,0.3705871416353698,10,182.9
QLYS,187.2,0.4432815773062347,0.37326302828725394,10,126.1
BSP,33.32,0.4130050274738225,0.3744719922774067,10,107.7
MMSI,86.23,0.5797954345545154,0.37474436159138075,10,54.7
FDXF,109.38,0.5315128450294265,0.3801042137956902,10,233.0
MARA,11.33,0.604028275705931,0.38026311785646005,10,466.3
CNH,12.85,0.47959033420715796,0.3945597786007121,10,154.4
CDE,17.6,0.633529344817604,0.4077593913380617,10,669.1
APPF,200.52,0.4728759346734733,0.41010945249543823,10,52.8
SNOW,339.56,0.546173597193293,0.41831716217259063,10,1939.4
BIO,377.71,0.482932141219624,0.4184128075806205,10,86.4
PATH,12.84,0.6236088600696926,0.4185199938031933,10,545.9
DDS,669.99,0.6719335588469951,0.42701865639784614,10,172.2
LGND,312.37,0.5655418980933687,0.44720919117817653,10,158.0
AAL,13.37,0.7502560971675465,0.44893907399307303,10,738.7
JAZZ,231.52,0.5886593286810007,0.4564380476656285,10,232.0
EIX,53.73,0.579750091877986,0.4678849939335357,10,383.6
