signal,h,days,n_nonoverlap,mean_IC,IC_t,IC_p,IC_ctrl,IC_ctrl_t,IC_ctrl_p,D10-D1_bps,LS_t,LS_p,IC_pos_share
dpi,1,1234,1234,-0.0012,-0.83,0.409,0.0004,0.31,0.7532,-1.1,-0.83,0.408,0.476
dpi,5,1232,247,-0.0047,-1.18,0.2386,-0.0028,-0.66,0.5068,-6.6,-0.42,0.6777,0.446
dpi,10,1228,123,-0.0058,-0.92,0.3584,-0.0047,-0.73,0.4645,-11.9,-0.61,0.5416,0.452
dpi,20,1223,62,-0.0057,-0.88,0.3849,-0.005,-0.79,0.4308,-16.2,-0.09,0.9322,0.437
dpi_z60,1,1205,1205,-0.0008,-0.83,0.4073,0.0001,0.13,0.8964,-1.1,-1.11,0.2651,0.501
dpi_z60,5,1203,241,-0.0015,-1.13,0.2586,-0.0003,-0.23,0.8151,-4.4,-1.29,0.1968,0.475
dpi_z60,10,1199,120,-0.0015,-0.69,0.489,-0.0009,-0.62,0.5378,-9.0,-0.85,0.3951,0.472
dpi_z60,20,1194,60,0.0008,0.48,0.6364,0.0005,-0.02,0.9837,-3.2,-0.22,0.8298,0.5
dpi_chg5,1,1181,1181,-0.0003,-0.34,0.7346,0.0006,0.63,0.5303,-0.5,-0.55,0.5833,0.485
dpi_chg5,5,1179,236,0.0002,0.47,0.642,0.001,0.88,0.3784,0.2,0.09,0.9303,0.493
dpi_chg5,10,1176,118,-0.0008,0.32,0.7479,-0.0003,1.06,0.2917,-2.1,0.36,0.7173,0.474
dpi_chg5,20,1171,59,-0.0007,-0.74,0.4638,-0.0003,-0.26,0.7957,-2.9,-0.99,0.3271,0.494
otc_share,1,1234,1234,-0.0132,-4.63,0.0,-0.0148,-5.61,0.0,-16.5,-5.44,0.0,0.464
otc_share,5,1232,247,-0.0206,-3.32,0.001,-0.0227,-3.56,0.0004,-72.3,-4.42,0.0,0.431
otc_share,10,1228,123,-0.0264,-2.7,0.008,-0.0286,-3.12,0.0023,-139.7,-4.22,0.0,0.405
otc_share,20,1223,62,-0.0362,-3.12,0.0028,-0.0389,-3.42,0.0011,-269.4,-3.75,0.0004,0.348
otc_share_z60,1,1205,1205,-0.0011,-0.92,0.3603,-0.0014,-1.3,0.1929,0.9,0.78,0.4352,0.483
otc_share_z60,5,1203,241,0.0004,1.77,0.0787,-0.0004,1.42,0.1577,4.2,1.68,0.0945,0.508
otc_share_z60,10,1199,120,0.0001,1.51,0.1342,-0.0011,1.08,0.2814,6.1,2.21,0.0287,0.493
otc_share_z60,20,1194,60,0.0017,3.21,0.0021,0.0005,3.36,0.0014,17.8,3.33,0.0015,0.502
short_vol_share,1,1234,1234,-0.0132,-5.76,0.0,-0.013,-5.95,0.0,-15.8,-6.3,0.0,0.42
short_vol_share,5,1232,247,-0.0228,-4.5,0.0,-0.023,-4.46,0.0,-72.2,-5.13,0.0,0.384
short_vol_share,10,1228,123,-0.0286,-3.7,0.0003,-0.0294,-3.88,0.0002,-139.3,-4.95,0.0,0.319
short_vol_share,20,1223,62,-0.0379,-3.64,0.0006,-0.0392,-3.75,0.0004,-260.4,-4.05,0.0001,0.289
